date,model,quantile,model_daily_profit_eur,benchmark_daily_profit_eur,realized_model_profit_eur,benchmark_profit_eur,daily_regret_eur,DA_profit_eur,ID_profit_eur,BCM_profit_eur,BEM_profit_eur,penalties_eur,tail_event_flag,activation_surprise_flag,infeasibility_flag,cumulative_model_profit_eur,cumulative_benchmark_profit_eur,cumulative_regret_eur
2025-05-31,RLQR,p10,-1.5426000000000002,0.0,-1.5426000000000002,0.0,1.5426000000000002,0.0,0.0,0.0,0.0,0.0,False,False,False,-1.5426000000000002,0.0,1.5426000000000002
2025-06-01,RLQR,p10,1412.5639860612346,0.0,1412.5639860612346,0.0,-1412.5639860612346,0.0,0.0,52.44693997661736,1405.8738519170795,0.0,False,False,False,1411.0213860612346,0.0,-1411.0213860612346
2025-06-02,RLQR,p10,4250.352388172617,0.0,4250.352388172617,0.0,-4250.352388172617,-176.06400000000002,0.0,2996.100760402324,1572.8985635369056,0.0,False,False,False,5661.373774233852,0.0,-5661.373774233852
2025-06-03,RLQR,p10,2278.0208790904644,0.0,2278.0208790904644,0.0,-2278.0208790904644,-189.79,0.0,1964.2195568499465,744.337994023237,0.0,False,False,True,7939.394653324316,0.0,-7939.394653324316
2025-06-04,RLQR,p10,1326.277999777114,0.0,1326.277999777114,0.0,-1326.277999777114,610.1020000000001,0.0,1051.8842204889067,22.691125405994804,0.0,False,False,True,9265.67265310143,0.0,-9265.67265310143
2025-06-05,RLQR,p10,874.0475799214217,0.0,874.0475799214217,0.0,-874.0475799214217,0.0,0.0,767.0074664560794,175.59152195034554,0.0,False,False,False,10139.720233022852,0.0,-10139.720233022852
2025-06-06,RLQR,p10,1553.8987243011293,0.0,1553.8987243011293,0.0,-1553.8987243011293,477.509,0.0,1248.4049109465836,24.686707930296254,0.0,False,False,True,11693.61895732398,0.0,-11693.61895732398
2025-06-07,RLQR,p10,532.590439798855,0.0,532.590439798855,0.0,-532.590439798855,-436.248,0.0,1187.0237934360505,23.486556329513228,0.0,False,False,False,12226.209397122835,0.0,-12226.209397122835
2025-06-08,RLQR,p10,5.2556527102184445,0.0,5.2556527102184445,0.0,-5.2556527102184445,0.0,0.0,0.0,11.355577763981886,0.0,False,False,False,12231.465049833054,0.0,-12231.465049833054
2025-06-09,RLQR,p10,1305.838036210217,0.0,1305.838036210217,0.0,-1305.838036210217,83.05000000000001,0.0,1339.1173113084703,0.0,0.0,False,False,False,13537.30308604327,0.0,-13537.30308604327
2025-06-10,RLQR,p10,-94.10263739108296,0.0,-94.10263739108296,0.0,94.10263739108296,57.03663636244505,0.0,52.75953320649311,12.197520344475048,0.0,False,False,True,13443.200448652187,0.0,-13443.200448652187
2025-06-11,RLQR,p10,558.0313248894389,0.0,558.0313248894389,0.0,-558.0313248894389,0.0,0.0,603.4848269261746,0.0,0.0,False,False,True,14001.231773541625,0.0,-14001.231773541625
2025-06-12,RLQR,p10,1076.911784527878,0.0,1076.911784527878,0.0,-1076.911784527878,254.109,0.0,0.0,1115.6896204676168,0.0,False,False,False,15078.143558069503,0.0,-15078.143558069503
2025-06-13,RLQR,p10,435.9015527533221,0.0,435.9015527533221,0.0,-435.9015527533221,-56.96000000000001,0.0,0.0,545.730895911979,0.0,False,False,False,15514.045110822826,0.0,-15514.045110822826
2025-06-14,RLQR,p10,-357.7412620986516,0.0,-357.7412620986516,0.0,357.7412620986516,-39.958,0.0,0.0,95.06754860887932,0.0,False,False,True,15156.303848724174,0.0,-15156.303848724174
2025-06-15,RLQR,p10,1074.1036896753287,0.0,1074.1036896753287,0.0,-1074.1036896753287,1054.8,0.0,480.11071162486326,19.34764382489739,0.0,False,False,True,16230.407538399502,0.0,-16230.407538399502
2025-06-16,RLQR,p10,1697.8420719160686,0.0,1697.8420719160686,0.0,-1697.8420719160686,222.62724961652515,0.0,1584.55602921648,0.0,0.0,False,False,True,17928.24961031557,0.0,-17928.24961031557
2025-06-17,RLQR,p10,1.645132255084377,0.0,1.645132255084377,0.0,-1.645132255084377,0.0,0.0,0.0,56.21360932170107,0.0,False,False,True,17929.894742570657,0.0,-17929.894742570657
2025-06-18,RLQR,p10,2566.4011835447404,0.0,2566.4011835447404,0.0,-2566.4011835447404,519.6650000000001,0.0,2255.198880294598,5.771160809920406,0.0,False,False,True,20496.2959261154,0.0,-20496.2959261154
2025-06-19,RLQR,p10,2164.3322422036836,0.0,2164.3322422036836,0.0,-2164.3322422036836,232.455,0.0,16.18164614692505,2080.513649844761,0.0,False,False,True,22660.628168319083,0.0,-22660.628168319083
2025-06-20,RLQR,p10,2426.5708573431743,0.0,2426.5708573431743,0.0,-2426.5708573431743,0.0,0.0,2500.239372371123,3.356514073622156,0.0,False,False,True,25087.199025662256,0.0,-25087.199025662256
2025-06-21,RLQR,p10,1817.0664331376904,0.0,1817.0664331376904,0.0,-1817.0664331376904,84.295,0.0,1707.336399340583,187.23672104899669,0.0,False,False,True,26904.265458799946,0.0,-26904.265458799946
2025-06-22,RLQR,p10,618.6967174614281,0.0,618.6967174614281,0.0,-618.6967174614281,0.0,0.0,635.0274671422783,0.0,0.0,False,False,True,27522.962176261375,0.0,-27522.962176261375
2025-06-23,RLQR,p10,-3.103959578704835,0.0,-3.103959578704835,0.0,3.103959578704835,0.0,0.0,22.822740421295165,0.0,0.0,False,False,True,27519.85821668267,0.0,-27519.85821668267
2025-06-24,RLQR,p10,3645.621523866703,0.0,3645.621523866703,0.0,-3645.621523866703,0.0,0.0,3672.890901886221,0.0,0.0,False,False,True,31165.479740549374,0.0,-31165.479740549374
2025-06-25,RLQR,p10,713.1822404200312,0.0,713.1822404200312,0.0,-713.1822404200312,616.797,0.0,0.0,357.58243536364785,0.0,False,False,True,31878.661980969406,0.0,-31878.661980969406
2025-06-26,RLQR,p10,3551.0227486282774,0.0,3551.0227486282774,0.0,-3551.0227486282774,0.0,0.0,3631.923196169985,6.192896489549833,0.0,False,False,False,35429.684729597684,0.0,-35429.684729597684
2025-06-27,RLQR,p10,630.9363663769506,0.0,630.9363663769506,0.0,-630.9363663769506,0.0,0.0,700.1585374850797,0.0,0.0,False,False,False,36060.62109597463,0.0,-36060.62109597463
2025-06-28,RLQR,p10,2586.2434085601035,0.0,2586.2434085601035,0.0,-2586.2434085601035,0.0,0.0,2594.430002957464,40.506365599665045,0.0,False,False,False,38646.86450453474,0.0,-38646.86450453474
2025-06-29,RLQR,p10,987.9849938389864,0.0,987.9849938389864,0.0,-987.9849938389864,0.0,0.0,1024.5075935180482,0.0,0.0,False,False,True,39634.849498373726,0.0,-39634.849498373726
2025-06-30,RLQR,p10,4288.0316565929215,0.0,4288.0316565929215,0.0,-4288.0316565929215,0.0,0.0,4363.358379814701,0.0,0.0,False,False,True,43922.88115496665,0.0,-43922.88115496665
2025-07-01,RLQR,p10,-18.41982550533078,0.0,-18.41982550533078,0.0,18.41982550533078,0.0,0.0,0.0,52.347971637281894,0.0,False,False,True,43904.461329461315,0.0,-43904.461329461315
2025-07-02,RLQR,p10,1825.6336403249209,0.0,1825.6336403249209,0.0,-1825.6336403249209,72.92518970297738,0.0,1974.5437583630992,0.0,0.0,False,False,True,45730.09496978624,0.0,-45730.09496978624
2025-07-03,RLQR,p10,868.0055268144133,0.0,868.0055268144133,0.0,-868.0055268144133,1074.952344576291,0.0,0.0,110.52889879759252,0.0,False,False,True,46598.10049660065,0.0,-46598.10049660065
2025-07-04,RLQR,p10,3219.5340199033694,0.0,3219.5340199033694,0.0,-3219.5340199033694,-71.00900000000001,0.0,3320.9803358524296,118.83907495938892,0.0,False,False,True,49817.63451650402,0.0,-49817.63451650402
2025-07-05,RLQR,p10,3234.3487521929455,0.0,3234.3487521929455,0.0,-3234.3487521929455,383.789,0.0,0.0,3018.765233250538,0.0,False,False,True,53051.98326869696,0.0,-53051.98326869696
2025-07-06,RLQR,p10,2388.653769908519,0.0,2388.653769908519,0.0,-2388.653769908519,320.26599999999996,0.0,278.0139965896607,1936.6251662832387,0.0,False,False,True,55440.63703860548,0.0,-55440.63703860548
2025-07-07,RLQR,p10,-46.900067007931625,0.0,-46.900067007931625,0.0,46.900067007931625,0.0,0.0,0.0,13.522760846525822,0.0,False,False,True,55393.736971597544,0.0,-55393.736971597544
2025-07-08,RLQR,p10,3936.1632055538703,0.0,3936.1632055538703,0.0,-3936.1632055538703,0.0,0.0,4016.416317725266,0.0,0.0,False,False,True,59329.900177151416,0.0,-59329.900177151416
2025-07-09,RLQR,p10,117.97847158347962,0.0,117.97847158347962,0.0,-117.97847158347962,0.0,0.0,41.527092729671296,138.86878047565432,0.0,False,False,True,59447.8786487349,0.0,-59447.8786487349
2025-07-10,RLQR,p10,767.3687091700746,0.0,767.3687091700746,0.0,-767.3687091700746,0.0,0.0,571.7491358384679,281.1548262663726,0.0,False,False,True,60215.24735790498,0.0,-60215.24735790498
2025-07-11,RLQR,p10,-50.761821274064616,0.0,-50.761821274064616,0.0,50.761821274064616,0.0,0.0,0.2517757084163214,3.621030043264548,0.0,False,False,True,60164.48553663091,0.0,-60164.48553663091
2025-07-12,RLQR,p10,1514.9478652965483,0.0,1514.9478652965483,0.0,-1514.9478652965483,0.0,0.0,1559.558030415619,0.0,0.0,False,False,True,61679.43340192746,0.0,-61679.43340192746
2025-07-13,RLQR,p10,-43.49770733366,0.0,-43.49770733366,0.0,43.49770733366,0.0,0.0,2.032579264641067,0.0,0.0,False,False,True,61635.9356945938,0.0,-61635.9356945938
2025-07-14,RLQR,p10,16.407964077538328,0.0,16.407964077538328,0.0,-16.407964077538328,0.0,0.0,84.59893926983362,0.0,0.0,False,False,True,61652.343658671336,0.0,-61652.343658671336
2025-07-15,RLQR,p10,108.96784435755018,0.0,108.96784435755018,0.0,-108.96784435755018,0.0,0.0,111.76683438164046,68.95747145539454,0.0,False,False,True,61761.31150302888,0.0,-61761.31150302888
2025-07-16,RLQR,p10,1283.8009100060551,0.0,1283.8009100060551,0.0,-1283.8009100060551,0.0,0.0,965.6383311259732,394.567207993563,0.0,False,False,True,63045.112413034934,0.0,-63045.112413034934
2025-07-17,RLQR,p10,-165.01277701193072,0.0,-165.01277701193072,0.0,165.01277701193072,43.81200000000001,0.0,20.1876091624204,0.0,0.0,False,False,True,62880.099636023006,0.0,-62880.099636023006
2025-07-18,RLQR,p10,-835.9146114798623,0.0,-835.9146114798623,0.0,835.9146114798623,-474.65100000000007,0.0,0.0,35.99441681057496,0.0,False,False,False,62044.18502454314,0.0,-62044.18502454314
2025-07-19,RLQR,p10,3263.014452032954,0.0,3263.014452032954,0.0,-3263.014452032954,-124.516,0.0,1245.0125746395356,2259.870408247161,0.0,False,False,False,65307.1994765761,0.0,-65307.1994765761
2025-07-20,RLQR,p10,2684.7229326773986,0.0,2684.7229326773986,0.0,-2684.7229326773986,510.193,0.0,0.0,2325.7023217311457,0.0,False,False,False,67991.9224092535,0.0,-67991.9224092535
2025-07-21,RLQR,p10,278.90931892927733,0.0,278.90931892927733,0.0,-278.90931892927733,123.25,0.0,253.37755773569987,1.1607197204058175,0.0,False,False,False,68270.83172818278,0.0,-68270.83172818278
2025-07-22,RLQR,p10,241.4837363658756,0.0,241.4837363658756,0.0,-241.4837363658756,198.2609999999999,0.0,0.206378223032903,235.57173798200083,0.0,False,False,True,68512.31546454865,0.0,-68512.31546454865
2025-07-23,RLQR,p10,137.5430190966731,0.0,137.5430190966731,0.0,-137.5430190966731,328.472,0.0,0.0,243.0218129115927,0.0,False,False,True,68649.85848364532,0.0,-68649.85848364532
2025-07-24,RLQR,p10,1414.0281281930756,0.0,1414.0281281930756,0.0,-1414.0281281930756,0.0,0.0,1519.6541142214032,0.8171234492908476,0.0,False,False,False,70063.8866118384,0.0,-70063.8866118384
2025-07-25,RLQR,p10,-799.0993898973635,0.0,-799.0993898973635,0.0,799.0993898973635,-462.6772725175101,0.0,0.0,36.125627688682705,0.0,False,False,True,69264.78722194103,0.0,-69264.78722194103
2025-07-26,RLQR,p10,-449.4674863756327,0.0,-449.4674863756327,0.0,449.4674863756327,-211.58399999999995,0.0,12.867596599323708,214.06676524156424,0.0,False,False,True,68815.3197355654,0.0,-68815.3197355654
2025-07-27,RLQR,p10,352.39132168628987,0.0,352.39132168628987,0.0,-352.39132168628987,0.0,0.0,294.4395634186394,129.10962967777047,0.0,False,False,False,69167.71105725168,0.0,-69167.71105725168
2025-07-28,RLQR,p10,745.1124362715691,0.0,745.1124362715691,0.0,-745.1124362715691,-155.80799999999996,0.0,764.1773096053121,370.86650473501214,0.0,False,False,False,69912.82349352325,0.0,-69912.82349352325
2025-07-29,RLQR,p10,14.830360420301812,0.0,14.830360420301812,0.0,-14.830360420301812,158.10599999999994,0.0,17.91795445186559,35.59013743491366,0.0,False,False,False,69927.65385394354,0.0,-69927.65385394354
2025-07-30,RLQR,p10,1038.184074625259,0.0,1038.184074625259,0.0,-1038.184074625259,0.0,0.0,831.5582319186199,278.59859755918774,0.0,False,False,False,70965.8379285688,0.0,-70965.8379285688
2025-07-31,RLQR,p10,615.843495590377,0.0,615.843495590377,0.0,-615.843495590377,0.0,-639.4260311211989,803.6785064495327,619.0648897405697,0.0,False,False,False,71581.68142415918,0.0,-71581.68142415918
2025-05-31,RLQR,p30,-1.5426000000000002,0.0,-1.5426000000000002,0.0,1.5426000000000002,0.0,0.0,0.0,0.0,0.0,False,False,False,-1.5426000000000002,0.0,1.5426000000000002
2025-06-01,RLQR,p30,2640.910596764875,0.0,2640.910596764875,0.0,-2640.910596764875,0.0,0.0,23.142666557312012,2679.6115811282216,0.0,False,False,False,2639.367996764875,0.0,-2639.367996764875
2025-06-02,RLQR,p30,6496.521560927345,0.0,6496.521560927345,0.0,-6496.521560927345,662.074,0.0,4284.216825930369,1831.087194592483,0.0,False,False,False,9135.889557692219,0.0,-9135.889557692219
2025-06-03,RLQR,p30,-262.70670040382527,0.0,-262.70670040382527,0.0,262.70670040382527,-553.497,0.0,0.0,653.1634412984465,0.0,False,False,True,8873.182857288393,0.0,-8873.182857288393
2025-06-04,RLQR,p30,744.2642745814301,0.0,744.2642745814301,0.0,-744.2642745814301,563.2760000000001,0.0,0.0,576.7025643373308,0.0,False,False,False,9617.447131869823,0.0,-9617.447131869823
2025-06-05,RLQR,p30,274.77915339874664,0.0,274.77915339874664,0.0,-274.77915339874664,0.0,0.0,0.0,329.056024846292,0.0,False,False,False,9892.22628526857,0.0,-9892.22628526857
2025-06-06,RLQR,p30,648.2297822437505,0.0,648.2297822437505,0.0,-648.2297822437505,392.9649999999999,0.0,0.0,454.4903372966534,0.0,False,False,True,10540.456067512321,0.0,-10540.456067512321
2025-06-07,RLQR,p30,561.300743113685,0.0,561.300743113685,0.0,-561.300743113685,-108.95420598303348,0.0,941.1325104995744,63.72255587268355,0.0,False,False,True,11101.756810626006,0.0,-11101.756810626006
2025-06-08,RLQR,p30,-370.3104953822699,0.0,-370.3104953822699,0.0,370.3104953822699,126.62099999999998,0.0,0.0,53.65227901199751,0.0,False,False,True,10731.446315243737,0.0,-10731.446315243737
2025-06-09,RLQR,p30,-124.63196814628726,0.0,-124.63196814628726,0.0,124.63196814628726,177.404,0.0,0.0,11.19895985451177,0.0,False,False,True,10606.81434709745,0.0,-10606.81434709745
2025-06-10,RLQR,p30,1328.946959721196,0.0,1328.946959721196,0.0,-1328.946959721196,0.0,0.0,1120.516232342815,260.05667328293794,0.0,False,False,False,11935.761306818646,0.0,-11935.761306818646
2025-06-11,RLQR,p30,2505.332630944241,0.0,2505.332630944241,0.0,-2505.332630944241,-226.98199999999983,0.0,2144.085630850569,894.8703642377774,0.0,False,False,True,14441.093937762886,0.0,-14441.093937762886
2025-06-12,RLQR,p30,2859.508794304934,0.0,2859.508794304934,0.0,-2859.508794304934,694.6730000000001,0.0,0.762714460489179,2500.6262598928256,0.0,False,False,True,17300.60273206782,0.0,-17300.60273206782
2025-06-13,RLQR,p30,2601.453044191134,0.0,2601.453044191134,0.0,-2601.453044191134,0.0,0.0,1265.2537956732551,1394.7094215535112,0.0,False,False,False,19902.055776258952,0.0,-19902.055776258952
2025-06-14,RLQR,p30,2043.982075195264,0.0,2043.982075195264,0.0,-2043.982075195264,192.49410066564627,0.0,1786.7376550878548,137.55526676032196,0.0,False,False,True,21946.037851454217,0.0,-21946.037851454217
2025-06-15,RLQR,p30,1700.3727426719854,0.0,1700.3727426719854,0.0,-1700.3727426719854,605.7626431964679,0.0,1220.508002229111,104.7427559527758,0.0,False,False,True,23646.410594126202,0.0,-23646.410594126202
2025-06-16,RLQR,p30,52.544378162844,0.0,52.544378162844,0.0,-52.544378162844,39.790299509612794,0.0,30.360208244401125,113.81788088508712,0.0,False,False,True,23698.954972289048,0.0,-23698.954972289048
2025-06-17,RLQR,p30,322.1757079960155,0.0,322.1757079960155,0.0,-322.1757079960155,31.283000000000005,0.0,0.0,686.9251021335259,0.0,False,False,False,24021.130680285063,0.0,-24021.130680285063
2025-06-18,RLQR,p30,2297.937490471691,0.0,2297.937490471691,0.0,-2297.937490471691,0.0,0.0,51.55800609816228,2339.464561686806,0.0,False,False,False,26319.068170756753,0.0,-26319.068170756753
2025-06-19,RLQR,p30,5461.5181751456585,0.0,5461.5181751456585,0.0,-5461.5181751456585,-268.29599999999994,0.0,2838.139814236025,3078.863856971579,0.0,False,False,False,31780.58634590241,0.0,-31780.58634590241
2025-06-20,RLQR,p30,3222.282127418024,0.0,3222.282127418024,0.0,-3222.282127418024,885.3370000000002,0.0,2134.7865034013316,635.1116515490281,0.0,False,False,True,35002.868473320435,0.0,-35002.868473320435
2025-06-21,RLQR,p30,-316.45225219236784,0.0,-316.45225219236784,0.0,316.45225219236784,-388.1265206150955,0.0,0.0,380.6138630227288,0.0,False,False,True,34686.41622112807,0.0,-34686.41622112807
2025-06-22,RLQR,p30,1596.961461696562,0.0,1596.961461696562,0.0,-1596.961461696562,1589.716534986051,0.0,0.0,374.3992711326045,0.0,False,False,True,36283.377682824634,0.0,-36283.377682824634
2025-06-23,RLQR,p30,-912.8028272470676,0.0,-912.8028272470676,0.0,912.8028272470676,-672.115,0.0,65.90701265335082,42.82015050309918,0.0,False,False,True,35370.574855577564,0.0,-35370.574855577564
2025-06-24,RLQR,p30,3302.6913030396486,0.0,3302.6913030396486,0.0,-3302.6913030396486,-196.04,0.0,3200.760518187019,368.8449937632044,0.0,False,False,False,38673.26615861721,0.0,-38673.26615861721
2025-06-25,RLQR,p30,3250.9980561692178,0.0,3250.9980561692178,0.0,-3250.9980561692178,583.178,0.0,1315.8701642424176,1600.1489069461377,0.0,False,False,False,41924.26421478643,0.0,-41924.26421478643
2025-06-26,RLQR,p30,220.5106355251353,0.0,220.5106355251353,0.0,-220.5106355251353,-141.894,0.0,0.0,441.6074751790642,0.0,False,False,True,42144.774850311565,0.0,-42144.774850311565
2025-06-27,RLQR,p30,1408.04385652811,0.0,1408.04385652811,0.0,-1408.04385652811,714.1835361698783,0.0,1154.873153384946,0.0,0.589548443632231,False,False,True,43552.81870683967,0.0,-43552.81870683967
2025-06-28,RLQR,p30,1232.3645181163365,0.0,1232.3645181163365,0.0,-1232.3645181163365,0.0,0.0,4.451072891235351,1279.374677093674,0.0,False,False,False,44785.18322495601,0.0,-44785.18322495601
2025-06-29,RLQR,p30,6660.909837766752,0.0,6660.909837766752,0.0,-6660.909837766752,0.0,0.0,3089.128000727912,3659.940276014996,0.0,False,False,False,51446.093062722764,0.0,-51446.093062722764
2025-06-30,RLQR,p30,1314.3596299860517,0.0,1314.3596299860517,0.0,-1314.3596299860517,155.025,0.0,0.0,1407.823813187313,0.0,False,False,False,52760.452692708815,0.0,-52760.452692708815
2025-07-01,RLQR,p30,7.3312989882505235,0.0,7.3312989882505235,0.0,-7.3312989882505235,262.527,0.0,0.0,53.15434297363645,0.0,False,False,True,52767.78399169706,0.0,-52767.78399169706
2025-07-02,RLQR,p30,690.4290493166304,0.0,690.4290493166304,0.0,-690.4290493166304,0.0,0.0,697.2456711730957,58.988378029974726,0.0,False,False,False,53458.213041013696,0.0,-53458.213041013696
2025-07-03,RLQR,p30,1535.7617639253956,0.0,1535.7617639253956,0.0,-1535.7617639253956,0.0,0.0,1473.9658285613302,132.03189326525091,0.0,False,False,False,54993.97480493909,0.0,-54993.97480493909
2025-07-04,RLQR,p30,1003.8331874101694,0.0,1003.8331874101694,0.0,-1003.8331874101694,0.0,0.0,0.0,1055.1375439420922,0.0,False,False,False,55997.80799234926,0.0,-55997.80799234926
2025-07-05,RLQR,p30,3122.045760421687,0.0,3122.045760421687,0.0,-3122.045760421687,521.9580000000001,0.0,0.0,2743.419910627322,0.0,False,False,True,59119.85375277095,0.0,-59119.85375277095
2025-07-06,RLQR,p30,2137.848178339763,0.0,2137.848178339763,0.0,-2137.848178339763,0.0,0.0,0.0,2195.3631633037653,0.0,False,False,True,61257.701931110714,0.0,-61257.701931110714
2025-07-07,RLQR,p30,-262.89962209859266,0.0,-262.89962209859266,0.0,262.89962209859266,-125.00670774616223,0.0,0.0,61.59997107319857,0.0,False,False,True,60994.80230901212,0.0,-60994.80230901212
2025-07-08,RLQR,p30,328.87750902303594,0.0,328.87750902303594,0.0,-328.87750902303594,0.0,0.0,0.0,396.9486630409748,0.0,False,False,True,61323.679818035154,0.0,-61323.679818035154
2025-07-09,RLQR,p30,-76.35341732448691,0.0,-76.35341732448691,0.0,76.35341732448691,3.05600000000004,0.0,0.0,309.21447263933425,0.0,False,False,False,61247.32640071067,0.0,-61247.32640071067
2025-07-10,RLQR,p30,2585.638986832314,0.0,2585.638986832314,0.0,-2585.638986832314,0.0,0.0,46.9265033912717,2673.2935717356063,0.0,False,False,False,63832.96538754299,0.0,-63832.96538754299
2025-07-11,RLQR,p30,1516.8060590215712,0.0,1516.8060590215712,0.0,-1516.8060590215712,505.035,0.0,623.4406615048143,553.837090845647,0.0,False,False,False,65349.771446564555,0.0,-65349.771446564555
2025-07-12,RLQR,p30,326.42154948665075,0.0,326.42154948665075,0.0,-326.42154948665075,-165.399,0.0,0.0,740.9666138731766,0.0,False,False,False,65676.1929960512,0.0,-65676.1929960512
2025-07-13,RLQR,p30,634.3506958194281,0.0,634.3506958194281,0.0,-634.3506958194281,1159.3865111937168,0.0,0.0,281.5656768685551,0.0,False,False,True,66310.54369187064,0.0,-66310.54369187064
2025-07-14,RLQR,p30,-19.525161562152732,0.0,-19.525161562152732,0.0,19.525161562152732,0.0,0.0,10.76951434733759,41.38553607419826,0.0,False,False,True,66291.01853030849,0.0,-66291.01853030849
2025-07-15,RLQR,p30,367.74431173642654,0.0,367.74431173642654,0.0,-367.74431173642654,0.0,0.0,0.0,446.33465889069527,0.0,False,False,True,66658.76284204492,0.0,-66658.76284204492
2025-07-16,RLQR,p30,1311.0113002433134,0.0,1311.0113002433134,0.0,-1311.0113002433134,0.0,0.0,0.0,1397.8600117307292,0.0,False,False,True,67969.77414228822,0.0,-67969.77414228822
2025-07-17,RLQR,p30,6.279139271611143,0.0,6.279139271611143,0.0,-6.279139271611143,13.825603670256088,0.0,0.0,63.26569153070197,0.0,False,False,True,67976.05328155984,0.0,-67976.05328155984
2025-07-18,RLQR,p30,134.44868545060282,0.0,134.44868545060282,0.0,-134.44868545060282,-221.05687381105432,0.0,0.0,619.5547806376089,0.0,False,False,False,68110.50196701044,0.0,-68110.50196701044
2025-07-19,RLQR,p30,885.1895200845181,0.0,885.1895200845181,0.0,-885.1895200845181,268.3173591816068,0.0,0.0,1103.9823281084732,0.0,False,False,False,68995.69148709495,0.0,-68995.69148709495
2025-07-20,RLQR,p30,3707.821810867538,0.0,3707.821810867538,0.0,-3707.821810867538,463.862,0.0,0.0,3521.4502904609285,0.0,False,False,True,72703.51329796249,0.0,-72703.51329796249
2025-07-21,RLQR,p30,537.0687793137229,0.0,537.0687793137229,0.0,-537.0687793137229,0.0,0.0,606.6978151929701,7.556998270921833,0.0,False,False,False,73240.58207727621,0.0,-73240.58207727621
2025-07-22,RLQR,p30,724.5593733605562,0.0,724.5593733605562,0.0,-724.5593733605562,409.52767939663977,0.0,0.0,463.4231296907579,0.0,False,False,True,73965.14145063676,0.0,-73965.14145063676
2025-07-23,RLQR,p30,194.2076322005149,0.0,194.2076322005149,0.0,-194.2076322005149,0.0,0.0,0.0,251.3605945567771,0.0,False,False,True,74159.34908283727,0.0,-74159.34908283727
2025-07-24,RLQR,p30,-264.54091851638805,0.0,-264.54091851638805,0.0,264.54091851638805,-41.990712485253425,0.0,0.0,216.7042720201905,0.0,False,False,True,73894.80816432089,0.0,-73894.80816432089
2025-07-25,RLQR,p30,-778.4454898499484,0.0,-778.4454898499484,0.0,778.4454898499484,-306.05753631649395,0.0,0.0,192.83873585596808,0.0,False,False,False,73116.36267447093,0.0,-73116.36267447093
2025-07-26,RLQR,p30,115.2169425201019,0.0,115.2169425201019,0.0,-115.2169425201019,234.8589311207051,0.0,0.0,177.25816375519807,0.0,False,False,True,73231.57961699103,0.0,-73231.57961699103
2025-07-27,RLQR,p30,1169.8467408887348,0.0,1169.8467408887348,0.0,-1169.8467408887348,551.752,0.0,0.0,1069.7020334048125,0.0,False,False,True,74401.42635787977,0.0,-74401.42635787977
2025-07-28,RLQR,p30,1214.4473132460485,0.0,1214.4473132460485,0.0,-1214.4473132460485,0.0,0.0,0.0,1320.0721883650797,0.0,False,False,False,75615.87367112582,0.0,-75615.87367112582
2025-07-29,RLQR,p30,2699.3312596463575,0.0,2699.3312596463575,0.0,-2699.3312596463575,403.3119999999999,0.0,1396.9849362635214,1146.32001390214,0.0,False,False,False,78315.20493077218,0.0,-78315.20493077218
2025-07-30,RLQR,p30,331.7648778350114,0.0,331.7648778350114,0.0,-331.7648778350114,-457.088,0.0,665.1492683672284,306.26882299355333,0.0,False,False,False,78646.96980860719,0.0,-78646.96980860719
2025-07-31,RLQR,p30,545.84274522087,0.0,545.84274522087,0.0,-545.84274522087,-10.40399999999994,0.0,533.0106396837282,254.3697743176142,0.0,False,False,False,79192.81255382806,0.0,-79192.81255382806
2025-05-31,RLQR,p50,643.6118192010558,0.0,643.6118192010558,0.0,-643.6118192010558,0.0,0.0,0.0,653.3297809119811,0.0,False,False,False,643.6118192010558,0.0,-643.6118192010558
2025-06-01,RLQR,p50,2958.060166317214,0.0,2958.060166317214,0.0,-2958.060166317214,0.0,0.0,44.92166313171388,2981.450314386682,0.0,False,False,False,3601.67198551827,0.0,-3601.67198551827
2025-06-02,RLQR,p50,6418.556940649107,0.0,6418.556940649107,0.0,-6418.556940649107,-539.196,0.0,4289.936213560192,2877.277631053546,0.0,False,False,False,10020.228926167376,0.0,-10020.228926167376
2025-06-03,RLQR,p50,-40.11175405860411,0.0,-40.11175405860411,0.0,40.11175405860411,-594.092,0.0,0.0,884.0220270641923,0.0,False,False,True,9980.117172108772,0.0,-9980.117172108772
2025-06-04,RLQR,p50,943.6005650072924,0.0,943.6005650072924,0.0,-943.6005650072924,877.7248771858015,0.0,0.0,729.9214999594925,0.0,False,False,True,10923.717737116065,0.0,-10923.717737116065
2025-06-05,RLQR,p50,658.8536222815479,0.0,658.8536222815479,0.0,-658.8536222815479,0.0,0.0,0.0,725.5284693251776,0.0,False,False,False,11582.571359397612,0.0,-11582.571359397612
2025-06-06,RLQR,p50,1236.9905923853737,0.0,1236.9905923853737,0.0,-1236.9905923853737,96.57199999999996,0.0,0.0,1451.9527845477935,0.0,False,False,False,12819.561951782985,0.0,-12819.561951782985
2025-06-07,RLQR,p50,-407.14124062513514,0.0,-407.14124062513514,0.0,407.14124062513514,59.35037093324024,0.0,0.0,23.591977915506924,0.0,False,False,False,12412.42071115785,0.0,-12412.42071115785
2025-06-08,RLQR,p50,508.6184032259325,0.0,508.6184032259325,0.0,-508.6184032259325,191.22272854506585,0.0,985.1246860674402,44.1000743163724,0.0,False,False,True,12921.039114383784,0.0,-12921.039114383784
2025-06-09,RLQR,p50,-263.0207593390956,0.0,-263.0207593390956,0.0,263.0207593390956,47.341,0.0,0.0,0.0,0.0,False,False,True,12658.018355044689,0.0,-12658.018355044689
2025-06-10,RLQR,p50,928.258284340186,0.0,928.258284340186,0.0,-928.258284340186,0.0,0.0,846.133848507452,124.96406265466617,0.0,False,False,False,13586.276639384876,0.0,-13586.276639384876
2025-06-11,RLQR,p50,4135.777708133179,0.0,4135.777708133179,0.0,-4135.777708133179,0.0,0.0,3094.497423878655,1121.885327459675,0.0,False,False,False,17722.054347518053,0.0,-17722.054347518053
2025-06-12,RLQR,p50,2456.07933591404,0.0,2456.07933591404,0.0,-2456.07933591404,0.0,0.0,1258.4431263147244,1272.2492207273426,0.0,False,False,False,20178.133683432094,0.0,-20178.133683432094
2025-06-13,RLQR,p50,2947.599366361861,0.0,2947.599366361861,0.0,-2947.599366361861,0.0,0.0,1752.0697732753083,1253.3383803246106,0.0,False,False,False,23125.733049793955,0.0,-23125.733049793955
2025-06-14,RLQR,p50,1282.348013012455,0.0,1282.348013012455,0.0,-1282.348013012455,0.0,0.0,1009.8434791097986,310.7616844535519,0.0,False,False,False,24408.08106280641,0.0,-24408.08106280641
2025-06-15,RLQR,p50,788.5502231597254,0.0,788.5502231597254,0.0,-788.5502231597254,0.0,0.0,0.0,839.9688258269872,0.0,False,False,False,25196.631285966134,0.0,-25196.631285966134
2025-06-16,RLQR,p50,143.17655279154351,0.0,143.17655279154351,0.0,-143.17655279154351,0.0,0.0,68.45420260880607,129.26659019049947,0.0,False,False,True,25339.80783875768,0.0,-25339.80783875768
2025-06-17,RLQR,p50,-20.20379287460416,0.0,-20.20379287460416,0.0,20.20379287460416,-40.27743875802184,0.0,0.0,654.4841714615656,0.0,False,False,True,25319.604045883076,0.0,-25319.604045883076
2025-06-18,RLQR,p50,2528.4498619612373,0.0,2528.4498619612373,0.0,-2528.4498619612373,0.0,0.0,67.58472937430948,2552.1149314960735,0.0,False,False,False,27848.053907844314,0.0,-27848.053907844314
2025-06-19,RLQR,p50,4720.8507552054325,0.0,4720.8507552054325,0.0,-4720.8507552054325,-423.32900000000006,0.0,2241.4676788250904,3118.737495540238,0.0,False,False,False,32568.904663049747,0.0,-32568.904663049747
2025-06-20,RLQR,p50,2697.314414870872,0.0,2697.314414870872,0.0,-2697.314414870872,1005.3900000000002,0.0,1523.0700848800902,516.595977612019,0.0,False,False,True,35266.21907792062,0.0,-35266.21907792062
2025-06-21,RLQR,p50,556.2419659484543,0.0,556.2419659484543,0.0,-556.2419659484543,174.05999999999997,0.0,17.902234657365625,619.0062749870152,0.0,False,False,True,35822.46104386907,0.0,-35822.46104386907
2025-06-22,RLQR,p50,2110.5663319374275,0.0,2110.5663319374275,0.0,-2110.5663319374275,991.836,0.0,840.1113748498142,525.4319563839066,0.0,False,False,True,37933.0273758065,0.0,-37933.0273758065
2025-06-23,RLQR,p50,-803.4739911336414,0.0,-803.4739911336414,0.0,803.4739911336414,-956.327,0.0,0.0,589.4448746120261,0.0,False,False,True,37129.55338467286,0.0,-37129.55338467286
2025-06-24,RLQR,p50,383.53526193742954,0.0,383.53526193742954,0.0,-383.53526193742954,0.0,0.0,0.0,409.8277708480049,0.0,False,False,False,37513.08864661029,0.0,-37513.08864661029
2025-06-25,RLQR,p50,4804.122247308479,0.0,4804.122247308479,0.0,-4804.122247308479,0.0,0.0,2693.3154856326887,2209.7908037140123,0.0,False,False,False,42317.21089391877,0.0,-42317.21089391877
2025-06-26,RLQR,p50,2634.795110935851,0.0,2634.795110935851,0.0,-2634.795110935851,0.0,0.0,1188.1804982803417,1540.6893431651838,0.0,False,False,False,44952.006004854615,0.0,-44952.006004854615
2025-06-27,RLQR,p50,2313.838968378695,0.0,2313.838968378695,0.0,-2313.838968378695,0.0,0.0,2147.195532050996,237.82685734577396,0.0,False,False,False,47265.84497323331,0.0,-47265.84497323331
2025-06-28,RLQR,p50,3201.0901379913817,0.0,3201.0901379913817,0.0,-3201.0901379913817,0.0,0.0,1873.0197165432724,1385.8908413019628,0.0,False,False,False,50466.935111224695,0.0,-50466.935111224695
2025-06-29,RLQR,p50,6293.711013857888,0.0,6293.711013857888,0.0,-6293.711013857888,0.0,0.0,2104.7775000567603,4274.393063927293,0.0,False,False,False,56760.64612508258,0.0,-56760.64612508258
2025-06-30,RLQR,p50,2165.8647320311698,0.0,2165.8647320311698,0.0,-2165.8647320311698,0.0,0.0,0.0,2259.007910260071,0.0,False,False,False,58926.51085711375,0.0,-58926.51085711375
2025-07-01,RLQR,p50,2475.947289504234,0.0,2475.947289504234,0.0,-2475.947289504234,-70.33368267621637,0.0,0.0,2919.694805163469,0.0,False,False,True,61402.45814661799,0.0,-61402.45814661799
2025-07-02,RLQR,p50,-48.44700000000001,0.0,-48.44700000000001,0.0,48.44700000000001,0.0,0.0,0.0,0.0,0.0,False,False,True,61354.01114661799,0.0,-61354.01114661799
2025-07-03,RLQR,p50,912.18960642173,0.0,912.18960642173,0.0,-912.18960642173,352.6350000000001,0.0,991.7013130845532,0.0,0.0,False,False,True,62266.20075303972,0.0,-62266.20075303972
2025-07-04,RLQR,p50,88.16300627481858,0.0,88.16300627481858,0.0,-88.16300627481858,0.0,0.0,0.0,139.05707097292594,0.0,False,False,False,62354.36375931453,0.0,-62354.36375931453
2025-07-05,RLQR,p50,2610.350854494887,0.0,2610.350854494887,0.0,-2610.350854494887,-532.1577647667328,0.0,0.0,3302.226276946525,0.0,False,False,True,64964.71461380942,0.0,-64964.71461380942
2025-07-06,RLQR,p50,678.5213133372915,0.0,678.5213133372915,0.0,-678.5213133372915,5.718716327900438,0.0,1132.0260375415437,0.0,156.40622638045477,False,False,True,65643.23592714671,0.0,-65643.23592714671
2025-07-07,RLQR,p50,189.22276966833056,0.0,189.22276966833056,0.0,-189.22276966833056,429.5138881466438,0.0,0.0,28.784292018838308,0.0,False,False,True,65832.45869681504,0.0,-65832.45869681504
2025-07-08,RLQR,p50,-310.08035300344665,0.0,-310.08035300344665,0.0,310.08035300344665,17.504253059012058,0.0,0.0,25.656674321368858,0.0,False,False,True,65522.37834381159,0.0,-65522.37834381159
2025-07-09,RLQR,p50,521.9480198451265,0.0,521.9480198451265,0.0,-521.9480198451265,0.0,0.0,0.0048532176704631,609.1174253836728,0.0,False,False,False,66044.32636365671,0.0,-66044.32636365671
2025-07-10,RLQR,p50,3198.5816737848804,0.0,3198.5816737848804,0.0,-3198.5816737848804,397.721,0.0,1688.45713852269,1433.6756898513208,0.0,False,False,False,69242.9080374416,0.0,-69242.9080374416
2025-07-11,RLQR,p50,-197.675055139741,0.0,-197.675055139741,0.0,197.675055139741,-93.50968403738888,0.0,0.0,307.66024337871056,0.0,False,False,False,69045.23298230185,0.0,-69045.23298230185
2025-07-12,RLQR,p50,1324.6349871005168,0.0,1324.6349871005168,0.0,-1324.6349871005168,576.7769999999999,0.0,0.0,1065.572569588633,0.0,False,False,False,70369.86796940237,0.0,-70369.86796940237
2025-07-13,RLQR,p50,959.4991080914529,0.0,959.4991080914529,0.0,-959.4991080914529,1048.159469249457,0.0,0.0,723.5675164041871,0.0,False,False,True,71329.36707749382,0.0,-71329.36707749382
2025-07-14,RLQR,p50,122.157351879713,0.0,122.157351879713,0.0,-122.157351879713,0.0,0.0,0.0,217.6986964837463,0.0,False,False,False,71451.52442937353,0.0,-71451.52442937353
2025-07-15,RLQR,p50,178.80233754844224,0.0,178.80233754844224,0.0,-178.80233754844224,132.767,0.0,0.0,308.5890382811257,0.0,False,False,True,71630.32676692198,0.0,-71630.32676692198
2025-07-16,RLQR,p50,3015.083094522968,0.0,3015.083094522968,0.0,-3015.083094522968,155.1494450747794,0.0,1530.0766598686791,1475.9881808487169,0.0,False,False,True,74645.40986144495,0.0,-74645.40986144495
2025-07-17,RLQR,p50,411.8453575962424,0.0,411.8453575962424,0.0,-411.8453575962424,0.0,0.0,0.0,492.88973610217056,0.0,False,False,True,75057.2552190412,0.0,-75057.2552190412
2025-07-18,RLQR,p50,-570.0585706324729,0.0,-570.0585706324729,0.0,570.0585706324729,-463.059,0.0,0.0,330.61942656441596,0.0,False,False,False,74487.19664840872,0.0,-74487.19664840872
2025-07-19,RLQR,p50,4430.916418627864,0.0,4430.916418627864,0.0,-4430.916418627864,0.0,0.0,12.55365318272784,4538.793990693687,0.0,False,False,False,78918.11306703658,0.0,-78918.11306703658
2025-07-20,RLQR,p50,5419.4658277659655,0.0,5419.4658277659655,0.0,-5419.4658277659655,382.7999999999999,0.0,1995.7745743161145,3218.993289943237,0.0,False,False,True,84337.57889480254,0.0,-84337.57889480254
2025-07-21,RLQR,p50,192.75983483636276,0.0,192.75983483636276,0.0,-192.75983483636276,-243.644,0.0,662.4505562927094,90.79299215615458,0.0,False,False,False,84530.33872963891,0.0,-84530.33872963891
2025-07-22,RLQR,p50,1085.0632474730835,0.0,1085.0632474730835,0.0,-1085.0632474730835,4.688999999999851,0.0,0.0,1473.0456604228214,0.0,False,False,False,85615.401977112,0.0,-85615.401977112
2025-07-23,RLQR,p50,1332.3918477907057,0.0,1332.3918477907057,0.0,-1332.3918477907057,0.0,0.0,0.0,1426.8277894466116,0.0,False,False,True,86947.79382490269,0.0,-86947.79382490269
2025-07-24,RLQR,p50,744.093282518288,0.0,744.093282518288,0.0,-744.093282518288,165.74530269920888,0.0,821.1831261538002,239.9392517085896,0.0,False,False,True,87691.88710742097,0.0,-87691.88710742097
2025-07-25,RLQR,p50,-645.3149730362416,0.0,-645.3149730362416,0.0,645.3149730362416,-447.6389899705638,0.0,0.0,203.55903638352257,0.0,False,False,False,87046.57213438474,0.0,-87046.57213438474
2025-07-26,RLQR,p50,378.5144118593202,0.0,378.5144118593202,0.0,-378.5144118593202,568.9873270925441,0.0,0.0,174.9353548767941,0.0,False,False,True,87425.08654624406,0.0,-87425.08654624406
2025-07-27,RLQR,p50,1021.5433821776916,0.0,1021.5433821776916,0.0,-1021.5433821776916,294.18,0.0,0.0,1135.2540504849342,0.0,False,False,False,88446.62992842175,0.0,-88446.62992842175
2025-07-28,RLQR,p50,1717.546763764046,0.0,1717.546763764046,0.0,-1717.546763764046,0.0,0.0,0.0,1839.400544945692,0.0,False,False,False,90164.17669218579,0.0,-90164.17669218579
2025-07-29,RLQR,p50,2948.4932501742187,0.0,2948.4932501742187,0.0,-2948.4932501742187,587.482,0.0,658.1697500758384,1988.642405158471,0.0,False,False,False,93112.66994236001,0.0,-93112.66994236001
2025-07-30,RLQR,p50,194.9263406299899,0.0,194.9263406299899,0.0,-194.9263406299899,-64.29700000000003,0.0,0.0,683.9841099695391,0.0,False,False,True,93307.59628299,0.0,-93307.59628299
2025-07-31,RLQR,p50,201.9458551340732,0.0,201.9458551340732,0.0,-201.9458551340732,358.165,-127.81433440461144,0.0,371.3306340100252,0.0,False,False,True,93509.54213812407,0.0,-93509.54213812407
2025-05-31,RLQR,p70,643.6118192010558,0.0,643.6118192010558,0.0,-643.6118192010558,0.0,0.0,0.0,653.3297809119811,0.0,False,False,False,643.6118192010558,0.0,-643.6118192010558
2025-06-01,RLQR,p70,3129.6145552890375,0.0,3129.6145552890375,0.0,-3129.6145552890375,0.0,0.0,0.0,3204.6198759576837,0.0,False,False,False,3773.2263744900933,0.0,-3773.2263744900933
2025-06-02,RLQR,p70,5011.246767757797,0.0,5011.246767757797,0.0,-5011.246767757797,-76.64733735599589,0.0,3444.781231462259,2123.9259324107443,0.0,False,False,True,8784.47314224789,0.0,-8784.47314224789
2025-06-03,RLQR,p70,-269.28241876904315,0.0,-269.28241876904315,0.0,269.28241876904315,-467.813,0.0,0.0,681.6110876628302,0.0,False,False,True,8515.190723478847,0.0,-8515.190723478847
2025-06-04,RLQR,p70,1727.0051844508748,0.0,1727.0051844508748,0.0,-1727.0051844508748,1233.3258522302133,0.0,0.0,1107.5317763669154,0.0,False,False,True,10242.195907929721,0.0,-10242.195907929721
2025-06-05,RLQR,p70,1464.6869149190688,0.0,1464.6869149190688,0.0,-1464.6869149190688,0.0,0.0,0.0,1541.006646505797,0.0,False,False,False,11706.882822848791,0.0,-11706.882822848791
2025-06-06,RLQR,p70,1635.2946378966958,0.0,1635.2946378966958,0.0,-1635.2946378966958,367.485,0.0,0.0,1487.8784510608116,0.0,False,False,False,13342.177460745486,0.0,-13342.177460745486
2025-06-07,RLQR,p70,29.263233956931693,0.0,29.263233956931693,0.0,-29.263233956931693,0.0,0.0,0.0,73.76703245316325,0.0,False,False,False,13371.440694702418,0.0,-13371.440694702418
2025-06-08,RLQR,p70,57.70825089654265,0.0,57.70825089654265,0.0,-57.70825089654265,96.968,0.0,0.0,127.38007396956851,0.0,False,False,False,13429.148945598961,0.0,-13429.148945598961
2025-06-09,RLQR,p70,125.91939018824,0.0,125.91939018824,0.0,-125.91939018824,-104.49,0.0,0.0,282.6682197173406,0.0,False,False,False,13555.068335787202,0.0,-13555.068335787202
2025-06-10,RLQR,p70,-270.42965494896646,0.0,-270.42965494896646,0.0,270.42965494896646,-93.80776280641544,0.0,0.0,118.6159995828915,0.0,False,False,True,13284.638680838236,0.0,-13284.638680838236
2025-06-11,RLQR,p70,626.1031086270453,0.0,626.1031086270453,0.0,-626.1031086270453,-388.7301239768276,0.0,0.0,1381.5559329284667,0.0,False,False,True,13910.74178946528,0.0,-13910.74178946528
2025-06-12,RLQR,p70,3154.632381527016,0.0,3154.632381527016,0.0,-3154.632381527016,429.3770000000002,0.0,0.0,3523.4107202535347,0.0,False,False,True,17065.374170992298,0.0,-17065.374170992298
2025-06-13,RLQR,p70,1587.0568804896657,0.0,1587.0568804896657,0.0,-1587.0568804896657,0.0,0.0,0.0,1637.406926952602,0.0,False,False,True,18652.431051481963,0.0,-18652.431051481963
2025-06-14,RLQR,p70,-725.6740421039034,0.0,-725.6740421039034,0.0,725.6740421039034,-180.6017872230424,0.0,0.0,42.725991400632175,0.0,False,False,True,17926.75700937806,0.0,-17926.75700937806
2025-06-15,RLQR,p70,87.2690688344875,0.0,87.2690688344875,0.0,-87.2690688344875,0.0,0.0,0.0,120.65865445831244,0.0,False,False,True,18014.026078212548,0.0,-18014.026078212548
2025-06-16,RLQR,p70,1233.5683126350089,0.0,1233.5683126350089,0.0,-1233.5683126350089,278.83132312953103,0.0,262.9181307743029,957.0146491379772,0.0,False,False,True,19247.594390847556,0.0,-19247.594390847556
2025-06-17,RLQR,p70,302.35405717998657,0.0,302.35405717998657,0.0,-302.35405717998657,142.79000000000013,0.0,0.0,533.222969451809,0.0,False,False,True,19549.948448027542,0.0,-19549.948448027542
2025-06-18,RLQR,p70,1221.3069256994297,0.0,1221.3069256994297,0.0,-1221.3069256994297,591.4970630915365,0.0,0.0,861.3872438598271,0.0,False,False,True,20771.255373726974,0.0,-20771.255373726974
2025-06-19,RLQR,p70,-190.10890969830936,0.0,-190.10890969830936,0.0,190.10890969830936,-330.368,0.0,0.0,234.74264778932536,0.0,False,False,True,20581.146464028665,0.0,-20581.146464028665
2025-06-20,RLQR,p70,495.031266459108,0.0,495.031266459108,0.0,-495.031266459108,647.7610934101403,0.0,0.0,50.31134694826243,0.0,False,False,True,21076.177730487772,0.0,-21076.177730487772
2025-06-21,RLQR,p70,-635.2418078873253,0.0,-635.2418078873253,0.0,635.2418078873253,-596.313,0.0,0.0,96.61032520982326,0.0,False,False,True,20440.935922600445,0.0,-20440.935922600445
2025-06-22,RLQR,p70,959.0829402781976,0.0,959.0829402781976,0.0,-959.0829402781976,1251.172965810859,0.0,0.0,0.0,0.0,False,False,True,21400.01886287864,0.0,-21400.01886287864
2025-06-23,RLQR,p70,-1257.0771907939952,0.0,-1257.0771907939952,0.0,1257.0771907939952,-1250.439676604115,0.0,0.0,424.89340402365536,0.0,False,False,True,20142.941672084646,0.0,-20142.941672084646
2025-06-24,RLQR,p70,-589.6367374357696,0.0,-589.6367374357696,0.0,589.6367374357696,-252.68298870472003,0.0,0.0,0.0,0.0,False,False,True,19553.304934648877,0.0,-19553.304934648877
2025-06-25,RLQR,p70,1628.766830385621,0.0,1628.766830385621,0.0,-1628.766830385621,0.0,0.0,0.0,1701.7152107438894,0.0,False,False,False,21182.0717650345,0.0,-21182.0717650345
2025-06-26,RLQR,p70,287.48462322404697,0.0,287.48462322404697,0.0,-287.48462322404697,-451.41,0.0,0.0,1104.1805807974056,0.0,False,False,False,21469.556388258545,0.0,-21469.556388258545
2025-06-27,RLQR,p70,2016.0081741195777,0.0,2016.0081741195777,0.0,-2016.0081741195777,0.0,0.0,0.0,2114.2235252337223,0.0,False,False,False,23485.564562378124,0.0,-23485.564562378124
2025-06-28,RLQR,p70,1871.9470239426016,0.0,1871.9470239426016,0.0,-1871.9470239426016,-404.093,0.0,2230.277855711462,433.8353829361157,0.0,False,False,True,25357.511586320725,0.0,-25357.511586320725
2025-06-29,RLQR,p70,225.03936573508005,0.0,225.03936573508005,0.0,-225.03936573508005,393.5711890670591,0.0,0.0,15.935419887803445,0.0,False,False,True,25582.550952055804,0.0,-25582.550952055804
2025-06-30,RLQR,p70,274.40213666053353,0.0,274.40213666053353,0.0,-274.40213666053353,0.0,0.0,0.0,346.9264353576698,0.0,False,False,True,25856.95308871634,0.0,-25856.95308871634
2025-07-01,RLQR,p70,2766.5429478213455,0.0,2766.5429478213455,0.0,-2766.5429478213455,161.95576557816474,0.0,0.0,2919.694805163469,0.0,False,False,True,28623.496036537683,0.0,-28623.496036537683
2025-07-02,RLQR,p70,-48.44700000000001,0.0,-48.44700000000001,0.0,48.44700000000001,0.0,0.0,0.0,0.0,0.0,False,False,True,28575.049036537683,0.0,-28575.049036537683
2025-07-03,RLQR,p70,1169.992993720314,0.0,1169.992993720314,0.0,-1169.992993720314,352.6350000000001,0.0,1249.504700383137,0.0,0.0,False,False,True,29745.042030257995,0.0,-29745.042030257995
2025-07-04,RLQR,p70,88.16300627481858,0.0,88.16300627481858,0.0,-88.16300627481858,0.0,0.0,0.0,139.05707097292594,0.0,False,False,False,29833.205036532814,0.0,-29833.205036532814
2025-07-05,RLQR,p70,2709.4151006725665,0.0,2709.4151006725665,0.0,-2709.4151006725665,-447.5,0.0,0.0,3302.226276946525,0.0,False,False,True,32542.62013720538,0.0,-32542.62013720538
2025-07-06,RLQR,p70,-105.26889627176608,0.0,-105.26889627176608,0.0,105.26889627176608,6.1619550471705224,0.0,180.12394874572755,0.0,0.0,False,False,True,32437.351240933614,0.0,-32437.351240933614
2025-07-07,RLQR,p70,202.63546864212609,0.0,202.63546864212609,0.0,-202.63546864212609,438.04530750763985,0.0,0.0,28.784292018838308,0.0,False,False,True,32639.98670957574,0.0,-32639.98670957574
2025-07-08,RLQR,p70,-308.25446399743856,0.0,-308.25446399743856,0.0,308.25446399743856,21.01125305901201,0.0,0.0,25.656674321368858,0.0,False,False,True,32331.7322455783,0.0,-32331.7322455783
2025-07-09,RLQR,p70,802.6318932093019,0.0,802.6318932093019,0.0,-802.6318932093019,0.0,0.0,0.0,912.3105137881798,0.0,False,False,False,33134.364138787605,0.0,-33134.364138787605
2025-07-10,RLQR,p70,2378.0339469658447,0.0,2378.0339469658447,0.0,-2378.0339469658447,354.77700000000004,0.0,0.0,2345.010591018996,0.0,False,False,True,35512.39808575345,0.0,-35512.39808575345
2025-07-11,RLQR,p70,335.9605610380767,0.0,335.9605610380767,0.0,-335.9605610380767,320.3299999999999,0.0,0.0,539.9807418566326,0.0,False,False,True,35848.35864679152,0.0,-35848.35864679152
2025-07-12,RLQR,p70,524.8437324610848,0.0,524.8437324610848,0.0,-524.8437324610848,-402.91599999999994,0.0,0.0,1438.369938756761,0.0,False,False,True,36373.20237925261,0.0,-36373.20237925261
2025-07-13,RLQR,p70,1028.931017229986,0.0,1028.931017229986,0.0,-1028.931017229986,542.3419999999999,0.0,0.0,1086.7616265258948,0.0,False,False,True,37402.1333964826,0.0,-37402.1333964826
2025-07-14,RLQR,p70,-302.17369437674927,0.0,-302.17369437674927,0.0,302.17369437674927,-144.15300000000002,0.0,0.0,97.98850867927696,0.0,False,False,True,37099.95970210585,0.0,-37099.95970210585
2025-07-15,RLQR,p70,-219.95820914979157,0.0,-219.95820914979157,0.0,219.95820914979157,-200.50000000000023,0.0,31.02505128568341,630.604764611626,0.0,False,False,True,36880.00149295606,0.0,-36880.00149295606
2025-07-16,RLQR,p70,3487.5972250425116,0.0,3487.5972250425116,0.0,-3487.5972250425116,0.0,0.0,0.0,3597.4065211310726,0.0,False,False,True,40367.59871799857,0.0,-40367.59871799857
2025-07-17,RLQR,p70,253.04769898973987,0.0,253.04769898973987,0.0,-253.04769898973987,-173.87199999999984,0.0,185.15480510195744,693.2545197719423,0.0,False,False,True,40620.64641698831,0.0,-40620.64641698831
2025-07-18,RLQR,p70,1072.6298105502103,0.0,1072.6298105502103,0.0,-1072.6298105502103,0.0,0.0,0.0,1207.8042223352772,0.0,False,False,False,41693.276227538525,0.0,-41693.276227538525
2025-07-19,RLQR,p70,4752.724718290092,0.0,4752.724718290092,0.0,-4752.724718290092,0.0,0.0,208.84610538841247,4667.398137841072,0.0,False,False,False,46446.000945828615,0.0,-46446.000945828615
2025-07-20,RLQR,p70,4589.18533961071,0.0,4589.18533961071,0.0,-4589.18533961071,0.0,0.0,590.268240915434,4122.957777617608,0.0,False,False,False,51035.186285439326,0.0,-51035.186285439326
2025-07-21,RLQR,p70,99.21651032083714,0.0,99.21651032083714,0.0,-99.21651032083714,0.0,0.0,0.0,191.23325432644364,0.0,False,False,False,51134.402795760165,0.0,-51134.402795760165
2025-07-22,RLQR,p70,1635.415434217896,0.0,1635.415434217896,0.0,-1635.415434217896,0.0,0.0,0.0,1738.526017099157,0.0,False,False,False,52769.81822997806,0.0,-52769.81822997806
2025-07-23,RLQR,p70,2260.5475259547097,0.0,2260.5475259547097,0.0,-2260.5475259547097,0.0,0.0,303.98458042360187,2063.3938552680374,0.0,False,False,False,55030.36575593277,0.0,-55030.36575593277
2025-07-24,RLQR,p70,525.0083454230409,0.0,525.0083454230409,0.0,-525.0083454230409,0.0,0.0,8.734467754880283,629.6492351407691,0.0,False,False,False,55555.37410135581,0.0,-55555.37410135581
2025-07-25,RLQR,p70,213.7781050315778,0.0,213.7781050315778,0.0,-213.7781050315778,0.0,0.0,0.0,307.61605129598877,0.0,False,False,False,55769.152206387385,0.0,-55769.152206387385
2025-07-26,RLQR,p70,227.9025521910106,0.0,227.9025521910106,0.0,-227.9025521910106,0.0,0.0,0.0,300.22550908120644,0.0,False,False,True,55997.05475857839,0.0,-55997.05475857839
2025-07-27,RLQR,p70,-448.8240756437653,0.0,-448.8240756437653,0.0,448.8240756437653,-195.765,0.0,0.0,21.408827657613624,0.0,False,False,True,55548.23068293463,0.0,-55548.23068293463
2025-07-28,RLQR,p70,-47.33905000000001,0.0,-47.33905000000001,0.0,47.33905000000001,0.0,0.0,0.0,0.0,0.0,False,False,True,55500.891632934625,0.0,-55500.891632934625
2025-07-29,RLQR,p70,611.3419972365194,0.0,611.3419972365194,0.0,-611.3419972365194,305.52004091478636,0.0,0.0,550.9773601552781,0.0,False,False,True,56112.23363017115,0.0,-56112.23363017115
2025-07-30,RLQR,p70,-20.870653631317243,0.0,-20.870653631317243,0.0,20.870653631317243,-254.94399999999996,0.0,0.0,625.172935365537,0.0,False,False,True,56091.36297653983,0.0,-56091.36297653983
2025-07-31,RLQR,p70,7.286859896172523,0.0,7.286859896172523,0.0,-7.286859896172523,156.127,0.0,0.0,114.89667154521406,0.0,False,False,True,56098.649836436,0.0,-56098.649836436
2025-05-31,RLQR,p90,643.6118192010558,0.0,643.6118192010558,0.0,-643.6118192010558,0.0,0.0,0.0,653.3297809119811,0.0,False,False,False,643.6118192010558,0.0,-643.6118192010558
2025-06-01,RLQR,p90,3226.9111814606317,0.0,3226.9111814606317,0.0,-3226.9111814606317,0.0,0.0,0.0,3302.7346532378074,0.0,False,False,False,3870.5230006616875,0.0,-3870.5230006616875
2025-06-02,RLQR,p90,5062.372244274614,0.0,5062.372244274614,0.0,-5062.372244274614,-520.968,0.0,2845.102524791345,2981.255191577501,0.0,False,False,False,8932.895244936302,0.0,-8932.895244936302
2025-06-03,RLQR,p90,-0.2014011126090622,0.0,-0.2014011126090622,0.0,0.2014011126090622,-134.50099999999986,0.0,0.0,666.602539474119,0.0,False,False,True,8932.693843823694,0.0,-8932.693843823694
2025-06-04,RLQR,p90,1220.0470704538202,0.0,1220.0470704538202,0.0,-1220.0470704538202,1136.7480998206795,0.0,0.0,714.0354669288228,0.0,False,False,True,10152.740914277514,0.0,-10152.740914277514
2025-06-05,RLQR,p90,1464.6869149190688,0.0,1464.6869149190688,0.0,-1464.6869149190688,0.0,0.0,0.0,1541.006646505797,0.0,False,False,False,11617.427829196582,0.0,-11617.427829196582
2025-06-06,RLQR,p90,1781.549685882894,0.0,1781.549685882894,0.0,-1781.549685882894,379.1919999999999,0.0,0.0,1623.5131815410614,0.0,False,False,False,13398.977515079476,0.0,-13398.977515079476
2025-06-07,RLQR,p90,-292.93003888471884,0.0,-292.93003888471884,0.0,292.93003888471884,-138.06973357445895,0.0,0.0,73.76703245316325,0.0,False,False,False,13106.047476194757,0.0,-13106.047476194757
2025-06-08,RLQR,p90,-401.4449428627898,0.0,-401.4449428627898,0.0,401.4449428627898,127.50699999999998,0.0,0.0,90.69069102247852,0.0,False,False,True,12704.602533331967,0.0,-12704.602533331967
2025-06-09,RLQR,p90,-155.55811790618094,0.0,-155.55811790618094,0.0,155.55811790618094,-299.53799999999995,0.0,0.0,234.0645270252427,0.0,False,False,False,12549.044415425786,0.0,-12549.044415425786
2025-06-10,RLQR,p90,-656.7159271480698,0.0,-656.7159271480698,0.0,656.7159271480698,-378.322576454853,0.0,0.0,284.739679839279,0.0,False,False,True,11892.328488277715,0.0,-11892.328488277715
2025-06-11,RLQR,p90,2995.6045120964995,0.0,2995.6045120964995,0.0,-2995.6045120964995,0.0,0.0,0.0,3099.943833486219,0.0,False,False,False,14887.933000374214,0.0,-14887.933000374214
2025-06-12,RLQR,p90,4813.380247371273,0.0,4813.380247371273,0.0,-4813.380247371273,0.0,0.0,399.618027241769,4509.09415207756,0.0,False,False,False,19701.313247745486,0.0,-19701.313247745486
2025-06-13,RLQR,p90,2105.2395395822264,0.0,2105.2395395822264,0.0,-2105.2395395822264,0.0,0.0,473.3816363148949,1685.2981119388498,0.0,False,False,False,21806.552787327713,0.0,-21806.552787327713
2025-06-14,RLQR,p90,-678.1034306078722,0.0,-678.1034306078722,0.0,678.1034306078722,-728.2219917417711,0.0,144.46175877380378,166.98255930630404,0.0,False,False,True,21128.44935671984,0.0,-21128.44935671984
2025-06-15,RLQR,p90,593.0751258594012,0.0,593.0751258594012,0.0,-593.0751258594012,566.1655144117003,0.0,0.0,559.2439834305497,0.0,False,False,True,21721.524482579243,0.0,-21721.524482579243
2025-06-16,RLQR,p90,2305.694911002116,0.0,2305.694911002116,0.0,-2305.694911002116,1034.1619999999998,0.0,0.0,1727.244446066754,0.0,False,False,False,24027.21939358136,0.0,-24027.21939358136
2025-06-17,RLQR,p90,476.123504159601,0.0,476.123504159601,0.0,-476.123504159601,0.0,0.0,0.0,536.4717411750869,0.0,False,False,False,24503.34289774096,0.0,-24503.34289774096
2025-06-18,RLQR,p90,1674.5287545140322,0.0,1674.5287545140322,0.0,-1674.5287545140322,687.379,0.0,0.0,1403.2112340318693,0.0,False,False,False,26177.87165225499,0.0,-26177.87165225499
2025-06-19,RLQR,p90,2213.101770208964,0.0,2213.101770208964,0.0,-2213.101770208964,-433.608,0.0,0.0,2776.7578710319817,0.0,False,False,True,28390.973422463954,0.0,-28390.973422463954
2025-06-20,RLQR,p90,853.5138840789468,0.0,853.5138840789468,0.0,-853.5138840789468,1172.602300546579,0.0,0.0,50.388822559915674,0.0,False,False,True,29244.487306542902,0.0,-29244.487306542902
2025-06-21,RLQR,p90,-636.6939485114153,0.0,-636.6939485114153,0.0,636.6939485114153,-596.313,0.0,0.0,96.6259583938774,0.0,False,False,True,28607.793358031486,0.0,-28607.793358031486
2025-06-22,RLQR,p90,981.6075821499566,0.0,981.6075821499566,0.0,-981.6075821499566,1277.7824379569263,0.0,0.0,0.0,0.0,False,False,True,29589.400940181444,0.0,-29589.400940181444
2025-06-23,RLQR,p90,-1259.1038972091883,0.0,-1259.1038972091883,0.0,1259.1038972091883,-1249.081946633518,0.0,0.0,424.89340402365536,0.0,False,False,True,28330.297042972255,0.0,-28330.297042972255
2025-06-24,RLQR,p90,-589.6367374357696,0.0,-589.6367374357696,0.0,589.6367374357696,-252.68298870472003,0.0,0.0,0.0,0.0,False,False,True,27740.660305536487,0.0,-27740.660305536487
2025-06-25,RLQR,p90,1628.766830385621,0.0,1628.766830385621,0.0,-1628.766830385621,0.0,0.0,0.0,1701.7152107438894,0.0,False,False,False,29369.42713592211,0.0,-29369.42713592211
2025-06-26,RLQR,p90,309.828773224047,0.0,309.828773224047,0.0,-309.828773224047,-433.635,0.0,0.0,1104.1805807974056,0.0,False,False,False,29679.255909146155,0.0,-29679.255909146155
2025-06-27,RLQR,p90,2016.0081741195777,0.0,2016.0081741195777,0.0,-2016.0081741195777,0.0,0.0,0.0,2114.2235252337223,0.0,False,False,False,31695.264083265734,0.0,-31695.264083265734
2025-06-28,RLQR,p90,38.67869602608407,0.0,38.67869602608407,0.0,-38.67869602608407,-414.883,0.0,0.0,882.4634382190976,0.0,False,False,True,31733.942779291818,0.0,-31733.942779291818
2025-06-29,RLQR,p90,225.91465719185751,0.0,225.91465719185751,0.0,-225.91465719185751,397.18415924494747,0.0,0.0,15.935419887803445,0.0,False,False,True,31959.857436483675,0.0,-31959.857436483675
2025-06-30,RLQR,p90,274.40213666053353,0.0,274.40213666053353,0.0,-274.40213666053353,0.0,0.0,0.0,346.9264353576698,0.0,False,False,True,32234.25957314421,0.0,-32234.25957314421
2025-07-01,RLQR,p90,2766.542947821346,0.0,2766.542947821346,0.0,-2766.542947821346,161.95576557816486,0.0,0.0,2919.694805163469,0.0,False,False,True,35000.80252096555,0.0,-35000.80252096555
2025-07-02,RLQR,p90,-48.44700000000001,0.0,-48.44700000000001,0.0,48.44700000000001,0.0,0.0,0.0,0.0,0.0,False,False,True,34952.35552096555,0.0,-34952.35552096555
2025-07-03,RLQR,p90,230.7518401532172,0.0,230.7518401532172,0.0,-230.7518401532172,609.1750594240482,0.0,0.0,0.0,0.0,False,False,True,35183.10736111877,0.0,-35183.10736111877
2025-07-04,RLQR,p90,1113.916234721733,0.0,1113.916234721733,0.0,-1113.916234721733,0.0,0.0,0.0,1175.0140474065709,0.0,False,False,False,36297.0235958405,0.0,-36297.0235958405
2025-07-05,RLQR,p90,3111.1143939133185,0.0,3111.1143939133185,0.0,-3111.1143939133185,-538.8938488406511,0.0,0.0,3815.0219888539314,0.0,False,False,True,39408.13798975382,0.0,-39408.13798975382
2025-07-06,RLQR,p90,-253.3395401768224,0.0,-253.3395401768224,0.0,253.3395401768224,24.899024218013835,0.0,0.0,0.0,0.0,False,False,True,39154.798449577,0.0,-39154.798449577
2025-07-07,RLQR,p90,232.44378306740455,0.0,232.44378306740455,0.0,-232.44378306740455,494.9649948252945,0.0,0.0,28.784292018838308,0.0,False,False,True,39387.24223264441,0.0,-39387.24223264441
2025-07-08,RLQR,p90,-287.88082189460164,0.0,-287.88082189460164,0.0,287.88082189460164,-0.3634208778678385,0.0,0.0,91.24810736898014,0.0,False,False,True,39099.36141074981,0.0,-39099.36141074981
2025-07-09,RLQR,p90,800.4409976712726,0.0,800.4409976712726,0.0,-800.4409976712726,0.0,0.0,0.0,913.6117888793218,0.0,False,False,False,39899.80240842108,0.0,-39899.80240842108
2025-07-10,RLQR,p90,2108.108424029984,0.0,2108.108424029984,0.0,-2108.108424029984,507.4447258894541,0.0,0.0,1941.2334953378845,0.0,False,False,True,42007.91083245106,0.0,-42007.91083245106
2025-07-11,RLQR,p90,289.34634879836847,0.0,289.34634879836847,0.0,-289.34634879836847,112.966,0.0,0.0,546.7448899777855,0.0,False,False,False,42297.25718124943,0.0,-42297.25718124943
2025-07-12,RLQR,p90,1298.8983427337776,0.0,1298.8983427337776,0.0,-1298.8983427337776,-748.0980000000001,0.0,0.0,2244.653634573998,0.0,False,False,False,43596.15552398321,0.0,-43596.15552398321
2025-07-13,RLQR,p90,1487.681014805032,0.0,1487.681014805032,0.0,-1487.681014805032,218.0699999999999,0.0,0.0,1840.8290074597596,0.0,False,False,True,45083.836538788244,0.0,-45083.836538788244
2025-07-14,RLQR,p90,1989.8966345132285,0.0,1989.8966345132285,0.0,-1989.8966345132285,0.0,0.0,0.0,2127.4724537517,0.0,False,False,False,47073.73317330147,0.0,-47073.73317330147
2025-07-15,RLQR,p90,1158.9467072969344,0.0,1158.9467072969344,0.0,-1158.9467072969344,0.0,0.0,0.0,1279.4406279713596,0.0,False,False,False,48232.67988059841,0.0,-48232.67988059841
2025-07-16,RLQR,p90,3191.8078550279397,0.0,3191.8078550279397,0.0,-3191.8078550279397,0.0,0.0,0.0,3325.1224787347965,0.0,False,False,False,51424.487735626346,0.0,-51424.487735626346
2025-07-17,RLQR,p90,783.3569070662212,0.0,783.3569070662212,0.0,-783.3569070662212,0.0,0.0,0.0,881.735033969525,0.0,False,False,False,52207.844642692566,0.0,-52207.844642692566
2025-07-18,RLQR,p90,728.2526976713634,0.0,728.2526976713634,0.0,-728.2526976713634,0.0,0.0,0.0,839.0538943611311,0.0,False,False,False,52936.09734036393,0.0,-52936.09734036393
2025-07-19,RLQR,p90,2137.8517198208187,0.0,2137.8517198208187,0.0,-2137.8517198208187,0.0,0.0,342.98330547691364,1887.2796057303592,0.0,False,False,False,55073.94906018475,0.0,-55073.94906018475
2025-07-20,RLQR,p90,2974.184799507922,0.0,2974.184799507922,0.0,-2974.184799507922,0.0,0.0,0.0,3081.3153832138614,0.0,False,False,False,58048.13385969267,0.0,-58048.13385969267
2025-07-21,RLQR,p90,96.91729651319324,0.0,96.91729651319324,0.0,-96.91729651319324,0.0,0.0,0.0,191.57547555340184,0.0,False,False,False,58145.05115620587,0.0,-58145.05115620587
2025-07-22,RLQR,p90,1635.415434217896,0.0,1635.415434217896,0.0,-1635.415434217896,0.0,0.0,0.0,1738.526017099157,0.0,False,False,False,59780.46659042376,0.0,-59780.46659042376
2025-07-23,RLQR,p90,1961.259180402593,0.0,1961.259180402593,0.0,-1961.259180402593,0.0,0.0,0.0,2069.744743522417,0.0,False,False,False,61741.72577082636,0.0,-61741.72577082636
2025-07-24,RLQR,p90,492.3402498998538,0.0,492.3402498998538,0.0,-492.3402498998538,242.66525667336305,0.0,0.0,631.058288612098,0.0,False,False,False,62234.06602072621,0.0,-62234.06602072621
2025-07-25,RLQR,p90,-192.0033307106759,0.0,-192.0033307106759,0.0,192.0033307106759,-396.326,0.0,0.0,848.4939927214923,0.0,False,False,True,62042.06269001553,0.0,-62042.06269001553
2025-07-26,RLQR,p90,609.8560746877163,0.0,609.8560746877163,0.0,-609.8560746877163,345.69112855506756,0.0,0.0,611.7067767070473,0.0,False,False,True,62651.91876470325,0.0,-62651.91876470325
2025-07-27,RLQR,p90,1108.2566272179124,0.0,1108.2566272179124,0.0,-1108.2566272179124,325.96000000000004,0.0,0.0,1138.4369310119364,0.0,False,False,False,63760.17539192116,0.0,-63760.17539192116
2025-07-28,RLQR,p90,1825.0759389353311,0.0,1825.0759389353311,0.0,-1825.0759389353311,0.0,0.0,0.0,1947.4998315153896,0.0,False,False,False,65585.2513308565,0.0,-65585.2513308565
2025-07-29,RLQR,p90,507.1284551573821,0.0,507.1284551573821,0.0,-507.1284551573821,193.634,0.0,0.0,571.5161427916116,0.0,False,False,True,66092.37978601387,0.0,-66092.37978601387
2025-07-30,RLQR,p90,296.94277571049207,0.0,296.94277571049207,0.0,-296.94277571049207,-77.44200000000001,0.0,0.0,779.2726809462305,0.0,False,False,True,66389.32256172436,0.0,-66389.32256172436
2025-07-31,RLQR,p90,265.6905595574555,0.0,265.6905595574555,0.0,-265.6905595574555,396.21400000000006,-117.6145910396594,0.0,371.9778335864633,0.0,False,False,True,66655.01312128181,0.0,-66655.01312128181
2025-05-31,TFT,p10,-1.5426000000000002,0.0,-1.5426000000000002,0.0,1.5426000000000002,0.0,0.0,0.0,0.0,0.0,False,False,False,-1.5426000000000002,0.0,1.5426000000000002
2025-06-01,TFT,p10,40.49917038879394,0.0,40.49917038879394,0.0,-40.49917038879394,0.0,0.0,61.294820388793944,0.0,0.0,False,False,True,38.95657038879394,0.0,-38.95657038879394
2025-06-02,TFT,p10,1724.1120635468446,0.0,1724.1120635468446,0.0,-1724.1120635468446,1200.5658932821336,0.0,910.4755919044768,0.0,0.0,False,False,True,1763.0686339356387,0.0,-1763.0686339356387
2025-06-03,TFT,p10,-342.10945625915525,0.0,-342.10945625915525,0.0,342.10945625915525,-285.03200000000004,0.0,44.969693740844725,0.0,0.0,False,False,True,1420.9591776764835,0.0,-1420.9591776764835
2025-06-04,TFT,p10,1882.213723300726,0.0,1882.213723300726,0.0,-1882.213723300726,1446.517,0.0,883.6986272415188,0.0,0.0,False,False,True,3303.17290097721,0.0,-3303.17290097721
2025-06-05,TFT,p10,370.4344232100138,0.0,370.4344232100138,0.0,-370.4344232100138,0.0,0.0,26.178403457641604,407.3601337292021,0.0,False,False,True,3673.6073241872236,0.0,-3673.6073241872236
2025-06-06,TFT,p10,1165.3093081551187,0.0,1165.3093081551187,0.0,-1165.3093081551187,567.2955314881167,0.0,525.8826709113886,319.68842252410104,0.0,False,False,True,4838.916632342342,0.0,-4838.916632342342
2025-06-07,TFT,p10,-28.754800000000007,0.0,-28.754800000000007,0.0,28.754800000000007,0.0,0.0,0.0,0.0,0.0,False,False,True,4810.161832342343,0.0,-4810.161832342343
2025-06-08,TFT,p10,443.0846909091507,0.0,443.0846909091507,0.0,-443.0846909091507,629.822922300184,0.0,0.0,0.0,0.0,False,False,True,5253.246523251493,0.0,-5253.246523251493
2025-06-09,TFT,p10,1.469590425047812,0.0,1.469590425047812,0.0,-1.469590425047812,0.0,0.0,0.0,21.950047752746976,0.0,False,False,False,5254.716113676541,0.0,-5254.716113676541
2025-06-10,TFT,p10,225.98528451254344,0.0,225.98528451254344,0.0,-225.98528451254344,436.3872500590652,0.0,0.0,0.0,0.0,False,False,True,5480.701398189084,0.0,-5480.701398189084
2025-06-11,TFT,p10,324.1433996703993,0.0,324.1433996703993,0.0,-324.1433996703993,0.0,0.0,21.89095838928223,345.4749431839667,0.0,False,False,False,5804.844797859483,0.0,-5804.844797859483
2025-06-12,TFT,p10,1954.2703059807716,0.0,1954.2703059807716,0.0,-1954.2703059807716,1109.867,0.0,796.8479318385894,380.0050706865098,0.0,False,False,True,7759.115103840255,0.0,-7759.115103840255
2025-06-13,TFT,p10,1699.7480057620965,0.0,1699.7480057620965,0.0,-1699.7480057620965,0.0,0.0,52.64167555236816,1697.4305066430748,0.0,False,False,False,9458.863109602351,0.0,-9458.863109602351
2025-06-14,TFT,p10,4173.85228453331,0.0,4173.85228453331,0.0,-4173.85228453331,683.111,0.0,1010.840409376936,2659.456702505199,0.0,False,False,False,13632.715394135661,0.0,-13632.715394135661
2025-06-15,TFT,p10,782.4636277776249,0.0,782.4636277776249,0.0,-782.4636277776249,756.826,0.0,13.818730731964113,332.38292063657667,0.0,False,False,True,14415.179021913285,0.0,-14415.179021913285
2025-06-16,TFT,p10,125.01741835429384,0.0,125.01741835429384,0.0,-125.01741835429384,0.0,0.0,30.38133009338379,140.9684548727279,0.0,False,False,False,14540.196440267579,0.0,-14540.196440267579
2025-06-17,TFT,p10,2840.8062967585133,0.0,2840.8062967585133,0.0,-2840.8062967585133,1680.342,0.0,1390.026824654445,106.01258182089047,0.0,False,False,True,17381.00273702609,0.0,-17381.00273702609
2025-06-18,TFT,p10,39.07040105407398,0.0,39.07040105407398,0.0,-39.07040105407398,95.76,0.0,0.0,0.0,0.0,False,False,False,17420.073138080166,0.0,-17420.073138080166
2025-06-19,TFT,p10,1489.2816817335042,0.0,1489.2816817335042,0.0,-1489.2816817335042,1427.901,0.0,0.0,363.4248565233669,0.0,False,False,False,18909.35481981367,0.0,-18909.35481981367
2025-06-20,TFT,p10,1446.683895428356,0.0,1446.683895428356,0.0,-1446.683895428356,1483.422,0.0,0.0,309.28003315497654,0.0,False,False,False,20356.038715242026,0.0,-20356.038715242026
2025-06-21,TFT,p10,1069.4448696424247,0.0,1069.4448696424247,0.0,-1069.4448696424247,935.324,0.0,0.0,383.966285368262,0.0,False,False,False,21425.483584884452,0.0,-21425.483584884452
2025-06-22,TFT,p10,1084.1536986747954,0.0,1084.1536986747954,0.0,-1084.1536986747954,1079.649,0.0,0.0,180.2403047714654,0.0,False,False,True,22509.63728355925,0.0,-22509.63728355925
2025-06-23,TFT,p10,7857.324293037354,0.0,7857.324293037354,0.0,-7857.324293037354,1011.3231738682972,0.0,5229.97625491008,2002.1454174409005,0.0,False,False,True,30366.9615765966,0.0,-30366.9615765966
2025-06-24,TFT,p10,1502.914892396887,0.0,1502.914892396887,0.0,-1502.914892396887,-270.52,0.0,0.0,1873.8705036442325,0.0,False,False,True,31869.876468993487,0.0,-31869.876468993487
2025-06-25,TFT,p10,2957.312678231683,0.0,2957.312678231683,0.0,-2957.312678231683,2556.292990342767,0.0,0.0,861.5858759073166,0.0,False,False,True,34827.189147225174,0.0,-34827.189147225174
2025-06-26,TFT,p10,-878.5045319279013,0.0,-878.5045319279013,0.0,878.5045319279013,-591.493,0.0,0.0,0.0,0.0,False,False,False,33948.68461529727,0.0,-33948.68461529727
2025-06-27,TFT,p10,141.97639224257244,0.0,141.97639224257244,0.0,-141.97639224257244,32.808,0.0,0.0,168.83245809228455,0.0,False,False,False,34090.66100753984,0.0,-34090.66100753984
2025-06-28,TFT,p10,679.3734864203303,0.0,679.3734864203303,0.0,-679.3734864203303,425.061,0.0,37.34709700012207,322.41169068777236,0.0,False,False,True,34770.03449396017,0.0,-34770.03449396017
2025-06-29,TFT,p10,690.9297574110877,0.0,690.9297574110877,0.0,-690.9297574110877,755.053,0.0,209.0874817640238,0.0,0.0,False,False,False,35460.96425137126,0.0,-35460.96425137126
2025-06-30,TFT,p10,546.4768572750457,0.0,546.4768572750457,0.0,-546.4768572750457,0.0,0.0,624.6951799137398,0.0,0.0,False,False,True,36007.44110864631,0.0,-36007.44110864631
2025-07-01,TFT,p10,1586.051277817852,0.0,1586.051277817852,0.0,-1586.051277817852,1646.0770188130489,0.0,193.31088696440975,128.21478676088594,0.0,False,False,True,37593.49238646416,0.0,-37593.49238646416
2025-07-02,TFT,p10,102.76186317682172,0.0,102.76186317682172,0.0,-102.76186317682172,0.0,0.0,155.8915084530453,0.0,0.0,False,False,False,37696.25424964098,0.0,-37696.25424964098
2025-07-03,TFT,p10,749.3943441285943,0.0,749.3943441285943,0.0,-749.3943441285943,33.333999999999996,0.0,796.9190418788525,0.0,0.0,False,False,True,38445.648593769576,0.0,-38445.648593769576
2025-07-04,TFT,p10,805.3088150405414,0.0,805.3088150405414,0.0,-805.3088150405414,626.642026816404,0.0,228.98774300180867,220.62094340571565,0.0,False,False,True,39250.957408810114,0.0,-39250.957408810114
2025-07-05,TFT,p10,210.92864539393815,0.0,210.92864539393815,0.0,-210.92864539393815,240.632,0.0,46.63785322570801,0.0,0.0,False,False,True,39461.88605420405,0.0,-39461.88605420405
2025-07-06,TFT,p10,992.4974763759444,0.0,992.4974763759444,0.0,-992.4974763759444,548.8440303103952,0.0,741.7072641314323,0.0,0.0,False,False,True,40454.383530579995,0.0,-40454.383530579995
2025-07-07,TFT,p10,160.6305214642278,0.0,160.6305214642278,0.0,-160.6305214642278,265.80799999999994,0.0,163.36570319814794,0.0,0.0,False,False,True,40615.01405204422,0.0,-40615.01405204422
2025-07-08,TFT,p10,1298.139199186125,0.0,1298.139199186125,0.0,-1298.139199186125,54.574,0.0,1206.6468999415706,140.148031541857,0.0,False,False,False,41913.153251230346,0.0,-41913.153251230346
2025-07-09,TFT,p10,197.90243103523096,0.0,197.90243103523096,0.0,-197.90243103523096,0.0,0.0,250.94781131159613,0.0,0.0,False,False,False,42111.05568226558,0.0,-42111.05568226558
2025-07-10,TFT,p10,1073.0628604859835,0.0,1073.0628604859835,0.0,-1073.0628604859835,0.0,0.0,916.1266628772078,242.61316637996256,0.0,False,False,False,43184.11854275156,0.0,-43184.11854275156
2025-07-11,TFT,p10,365.70567343339286,0.0,365.70567343339286,0.0,-365.70567343339286,0.0,0.0,110.6419221769844,315.513104304456,0.0,False,False,False,43549.824216184956,0.0,-43549.824216184956
2025-07-12,TFT,p10,1189.2882427707873,0.0,1189.2882427707873,0.0,-1189.2882427707873,0.0,0.0,678.614348105363,572.690170520728,0.0,False,False,False,44739.112458955744,0.0,-44739.112458955744
2025-07-13,TFT,p10,97.081713805002,0.0,97.081713805002,0.0,-97.081713805002,0.0,0.0,143.85531602664784,0.0,0.0,False,False,False,44836.19417276075,0.0,-44836.19417276075
2025-07-14,TFT,p10,70.40882575029352,0.0,70.40882575029352,0.0,-70.40882575029352,0.0,0.0,135.47108424267375,3.118051643262554,0.0,False,False,False,44906.60299851104,0.0,-44906.60299851104
2025-07-15,TFT,p10,482.5297035146427,0.0,482.5297035146427,0.0,-482.5297035146427,0.0,0.0,60.78556211853028,489.5370357322856,0.0,False,False,False,45389.13270202569,0.0,-45389.13270202569
2025-07-16,TFT,p10,2563.12816719738,0.0,2563.12816719738,0.0,-2563.12816719738,223.67037185692368,0.0,159.51344616684145,2662.9540638680037,0.0,False,False,False,47952.260869223064,0.0,-47952.260869223064
2025-07-17,TFT,p10,89.01901876624585,0.0,89.01901876624585,0.0,-89.01901876624585,0.0,0.0,0.0,140.10486739584232,0.0,False,False,False,48041.27988798931,0.0,-48041.27988798931
2025-07-18,TFT,p10,168.06927812596075,0.0,168.06927812596075,0.0,-168.06927812596075,0.0,0.0,215.43141690646576,18.464478080044753,0.0,False,False,True,48209.34916611527,0.0,-48209.34916611527
2025-07-19,TFT,p10,1135.4531611518496,0.0,1135.4531611518496,0.0,-1135.4531611518496,538.0500000000001,0.0,0.0,928.9126328650656,0.0,False,False,True,49344.80232726712,0.0,-49344.80232726712
2025-07-20,TFT,p10,1383.3656251201185,0.0,1383.3656251201185,0.0,-1383.3656251201185,0.0,0.0,0.0,1460.293180857009,0.0,False,False,False,50728.16795238724,0.0,-50728.16795238724
2025-07-21,TFT,p10,69.92363966334517,0.0,69.92363966334517,0.0,-69.92363966334517,0.0,0.0,58.321330074407754,81.25176048839712,0.0,False,False,False,50798.09159205058,0.0,-50798.09159205058
2025-07-22,TFT,p10,1883.807839151737,0.0,1883.807839151737,0.0,-1883.807839151737,1140.8490000000002,0.0,1021.442130582345,111.76390823433536,0.0,False,False,True,52681.89943120231,0.0,-52681.89943120231
2025-07-23,TFT,p10,478.30281885519105,0.0,478.30281885519105,0.0,-478.30281885519105,777.2370000000001,0.0,0.0,0.3683921887855734,0.0,False,False,True,53160.202250057504,0.0,-53160.202250057504
2025-07-24,TFT,p10,52.15807345933824,0.0,52.15807345933824,0.0,-52.15807345933824,0.0,0.0,111.5998333088258,0.0,0.0,False,False,False,53212.36032351684,0.0,-53212.36032351684
2025-07-25,TFT,p10,-46.62960000000001,0.0,-46.62960000000001,0.0,46.62960000000001,0.0,0.0,0.0,0.0,0.0,False,False,False,53165.73072351684,0.0,-53165.73072351684
2025-07-26,TFT,p10,-43.634800000000006,0.0,-43.634800000000006,0.0,43.634800000000006,0.0,0.0,0.0,0.0,0.0,False,False,False,53122.09592351684,0.0,-53122.09592351684
2025-07-27,TFT,p10,-18.17762900460298,0.0,-18.17762900460298,0.0,18.17762900460298,0.0,0.0,0.0,25.319960510262693,0.0,False,False,False,53103.91829451224,0.0,-53103.91829451224
2025-07-28,TFT,p10,514.975593444739,0.0,514.975593444739,0.0,-514.975593444739,0.0,0.0,0.0,580.8311384422309,0.0,False,False,True,53618.893887956976,0.0,-53618.893887956976
2025-07-29,TFT,p10,-37.30160000000001,0.0,-37.30160000000001,0.0,37.30160000000001,0.0,0.0,0.0,0.0,0.0,False,False,True,53581.59228795698,0.0,-53581.59228795698
2025-07-30,TFT,p10,-36.003400000000006,0.0,-36.003400000000006,0.0,36.003400000000006,0.0,0.0,0.0,0.0,0.0,False,False,True,53545.588887956976,0.0,-53545.588887956976
2025-07-31,TFT,p10,-1315.5223359439233,0.0,-1315.5223359439233,0.0,1315.5223359439233,0.0,-1145.2928217560873,0.0,0.0,0.0,False,False,False,52230.06655201305,0.0,-52230.06655201305
2025-05-31,TFT,p30,643.6118192010558,0.0,643.6118192010558,0.0,-643.6118192010558,0.0,0.0,0.0,653.3297809119811,0.0,False,False,False,643.6118192010558,0.0,-643.6118192010558
2025-06-01,TFT,p30,1522.0387756161736,0.0,1522.0387756161736,0.0,-1522.0387756161736,0.0,0.0,0.0,1558.9125303327928,0.0,False,False,True,2165.6505948172294,0.0,-2165.6505948172294
2025-06-02,TFT,p30,2881.811272228074,0.0,2881.811272228074,0.0,-2881.811272228074,1125.38,0.0,1401.1604137218824,897.6277119510205,0.0,False,False,True,5047.461867045304,0.0,-5047.461867045304
2025-06-03,TFT,p30,3649.5635397075175,0.0,3649.5635397075175,0.0,-3649.5635397075175,-395.158,0.0,0.0,4241.107514600115,0.0,False,False,True,8697.025406752822,0.0,-8697.025406752822
2025-06-04,TFT,p30,2595.332678591283,0.0,2595.332678591283,0.0,-2595.332678591283,1257.783,0.0,1391.68522047272,325.29298043726527,0.0,False,False,True,11292.358085344105,0.0,-11292.358085344105
2025-06-05,TFT,p30,1999.3780378427643,0.0,1999.3780378427643,0.0,-1999.3780378427643,0.0,0.0,52.19374087524414,2031.9747962374863,0.0,False,False,True,13291.736123186869,0.0,-13291.736123186869
2025-06-06,TFT,p30,1233.8739955075475,0.0,1233.8739955075475,0.0,-1233.8739955075475,573.9161571283993,0.0,607.6446085233414,319.68842252410104,0.0,False,False,True,14525.610118694416,0.0,-14525.610118694416
2025-06-07,TFT,p30,-28.754800000000007,0.0,-28.754800000000007,0.0,28.754800000000007,0.0,0.0,0.0,0.0,0.0,False,False,True,14496.855318694415,0.0,-14496.855318694415
2025-06-08,TFT,p30,444.01802130396834,0.0,444.01802130396834,0.0,-444.01802130396834,629.822922300184,0.0,0.0,6.431819094293745,0.0,False,False,True,14940.873339998383,0.0,-14940.873339998383
2025-06-09,TFT,p30,-20.414200000000005,0.0,-20.414200000000005,0.0,20.414200000000005,0.0,0.0,0.0,0.0,0.0,False,False,True,14920.459139998384,0.0,-14920.459139998384
2025-06-10,TFT,p30,276.17962524592525,0.0,276.17962524592525,0.0,-276.17962524592525,322.4288538173583,0.0,0.0,169.89363999072935,0.0,False,False,True,15196.638765244308,0.0,-15196.638765244308
2025-06-11,TFT,p30,467.3393952498176,0.0,467.3393952498176,0.0,-467.3393952498176,0.0,0.0,0.0,521.9015785718378,0.0,False,False,True,15663.978160494125,0.0,-15663.978160494125
2025-06-12,TFT,p30,2547.6717519416898,0.0,2547.6717519416898,0.0,-2547.6717519416898,1092.338437937029,0.0,0.0,1738.1660460732278,0.0,False,False,True,18211.649912435816,0.0,-18211.649912435816
2025-06-13,TFT,p30,2048.5718265142636,0.0,2048.5718265142636,0.0,-2048.5718265142636,0.0,0.0,0.0,2125.368955322258,0.0,False,False,False,20260.22173895008,0.0,-20260.22173895008
2025-06-14,TFT,p30,4977.786012795265,0.0,4977.786012795265,0.0,-4977.786012795265,0.0,0.0,1769.0053721566355,3278.64535003923,0.0,False,False,True,25238.007751745346,0.0,-25238.007751745346
2025-06-15,TFT,p30,747.85674490099,0.0,747.85674490099,0.0,-747.85674490099,857.2497514785925,0.0,200.14150624084473,0.0,0.0,False,False,True,25985.864496646336,0.0,-25985.864496646336
2025-06-16,TFT,p30,959.785161498814,0.0,959.785161498814,0.0,-959.785161498814,0.0,0.0,65.79639437866211,969.3998705636196,0.0,False,False,False,26945.64965814515,0.0,-26945.64965814515
2025-06-17,TFT,p30,3901.7334937977807,0.0,3901.7334937977807,0.0,-3901.7334937977807,1319.28,0.0,1576.6036937720032,1338.0334848775,0.0,False,False,False,30847.38315194293,0.0,-30847.38315194293
2025-06-18,TFT,p30,753.8324185236967,0.0,753.8324185236967,0.0,-753.8324185236967,0.0,0.0,0.0,821.3843038308678,0.0,False,False,True,31601.215570466626,0.0,-31601.215570466626
2025-06-19,TFT,p30,1849.480863521616,0.0,1849.480863521616,0.0,-1849.480863521616,1122.033,0.0,613.1521073239558,363.4248565233669,0.0,False,False,True,33450.69643398824,0.0,-33450.69643398824
2025-06-20,TFT,p30,122.09876033292414,0.0,122.09876033292414,0.0,-122.09876033292414,10.815,0.0,0.0,165.91780390275116,0.0,False,False,True,33572.79519432117,0.0,-33572.79519432117
2025-06-21,TFT,p30,877.557256035519,0.0,877.557256035519,0.0,-877.557256035519,862.9765403951783,0.0,0.0,258.063305836586,0.0,False,False,True,34450.35245035669,0.0,-34450.35245035669
2025-06-22,TFT,p30,-19.632253752785005,0.0,-19.632253752785005,0.0,19.632253752785005,-248.781,0.0,0.0,320.38102650523956,0.0,False,False,True,34430.7201966039,0.0,-34430.7201966039
2025-06-23,TFT,p30,872.7698036270361,0.0,872.7698036270361,0.0,-872.7698036270361,1113.9944470133214,0.0,0.0,79.87779860689179,0.0,False,False,True,35303.49000023094,0.0,-35303.49000023094
2025-06-24,TFT,p30,-350.04192969578656,0.0,-350.04192969578656,0.0,350.04192969578656,-273.078,0.0,0.0,6.21705989775145,0.0,False,False,True,34953.44807053515,0.0,-34953.44807053515
2025-06-25,TFT,p30,2536.3167512891514,0.0,2536.3167512891514,0.0,-2536.3167512891514,1518.3485213019967,0.0,0.0,1409.227578817111,0.0,False,False,True,37489.764821824305,0.0,-37489.764821824305
2025-06-26,TFT,p30,2239.6945603357326,0.0,2239.6945603357326,0.0,-2239.6945603357326,-408.61800000000005,0.0,33.59001162719726,2790.4601757472415,0.0,False,False,True,39729.459382160036,0.0,-39729.459382160036
2025-06-27,TFT,p30,1221.9045156705042,0.0,1221.9045156705042,0.0,-1221.9045156705042,629.2683927661299,0.0,698.5294946517498,167.67259786452982,0.0,False,False,True,40951.36389783054,0.0,-40951.36389783054
2025-06-28,TFT,p30,338.22402793153026,0.0,338.22402793153026,0.0,-338.22402793153026,0.0,0.0,0.0,375.49019910139504,0.0,False,False,True,41289.58792576207,0.0,-41289.58792576207
2025-06-29,TFT,p30,908.285707241709,0.0,908.285707241709,0.0,-908.285707241709,703.5855218488273,0.0,0.0,448.0168857201768,0.0,False,False,True,42197.87363300378,0.0,-42197.87363300378
2025-06-30,TFT,p30,6539.267398882624,0.0,6539.267398882624,0.0,-6539.267398882624,0.0,0.0,57.60062411499023,6637.898147790477,0.0,False,False,False,48737.1410318864,0.0,-48737.1410318864
2025-07-01,TFT,p30,2085.573965216393,0.0,2085.573965216393,0.0,-2085.573965216393,0.0,0.0,1465.1226190069794,725.2424846519539,0.0,False,False,True,50822.71499710279,0.0,-50822.71499710279
2025-07-02,TFT,p30,1030.9109840479323,0.0,1030.9109840479323,0.0,-1030.9109840479323,230.65324439254107,0.0,387.1474915466309,748.1228367358859,0.0,False,False,True,51853.62598115072,0.0,-51853.62598115072
2025-07-03,TFT,p30,462.95217776060423,0.0,462.95217776060423,0.0,-462.95217776060423,0.0,0.0,0.0,518.3313772695783,0.0,False,False,True,52316.578158911325,0.0,-52316.578158911325
2025-07-04,TFT,p30,2395.1082237855967,0.0,2395.1082237855967,0.0,-2395.1082237855967,1118.474877473733,0.0,1320.183334138541,293.07292106028456,0.0,False,False,True,54711.68638269692,0.0,-54711.68638269692
2025-07-05,TFT,p30,6955.503196353183,0.0,6955.503196353183,0.0,-6955.503196353183,0.0,0.0,0.0,7063.978290758371,0.0,False,False,True,61667.1895790501,0.0,-61667.1895790501
2025-07-06,TFT,p30,1127.185792761453,0.0,1127.185792761453,0.0,-1127.185792761453,527.6671080048787,0.0,773.8656557834624,61.69929016048633,0.0,False,False,True,62794.375371811555,0.0,-62794.375371811555
2025-07-07,TFT,p30,512.3621296370136,0.0,512.3621296370136,0.0,-512.3621296370136,0.0,0.0,0.0,587.2219099534391,0.0,False,False,False,63306.737501448566,0.0,-63306.737501448566
2025-07-08,TFT,p30,7736.171303166793,0.0,7736.171303166793,0.0,-7736.171303166793,0.0,0.0,3393.1408527848257,4488.407878079134,0.0,False,False,False,71042.90880461536,0.0,-71042.90880461536
2025-07-09,TFT,p30,2053.2869633557175,0.0,2053.2869633557175,0.0,-2053.2869633557175,0.0,0.0,1051.4306751072495,1089.660287739623,0.0,False,False,False,73096.19576797108,0.0,-73096.19576797108
2025-07-10,TFT,p30,2668.16194848924,0.0,2668.16194848924,0.0,-2668.16194848924,0.0,0.0,0.0,2804.2566300652493,0.0,False,False,False,75764.35771646032,0.0,-75764.35771646032
2025-07-11,TFT,p30,1418.1165735105735,0.0,1418.1165735105735,0.0,-1418.1165735105735,763.5950298092212,0.0,0.0,845.0011002650546,0.0,False,False,True,77182.4742899709,0.0,-77182.4742899709
2025-07-12,TFT,p30,1156.1776096710028,0.0,1156.1776096710028,0.0,-1156.1776096710028,587.594,0.0,0.0,972.1047070009548,0.0,False,False,False,78338.6518996419,0.0,-78338.6518996419
2025-07-13,TFT,p30,2066.372704143243,0.0,2066.372704143243,0.0,-2066.372704143243,0.0,0.0,0.0,2163.0059084514496,0.0,False,False,False,80405.02460378515,0.0,-80405.02460378515
2025-07-14,TFT,p30,4514.908788236589,0.0,4514.908788236589,0.0,-4514.908788236589,0.0,0.0,2803.223921550478,1824.4408168351304,0.0,False,False,False,84919.93339202173,0.0,-84919.93339202173
2025-07-15,TFT,p30,652.6592904028712,0.0,652.6592904028712,0.0,-652.6592904028712,0.0,0.0,227.82028584289552,498.1729446413043,0.0,False,False,False,85572.5926824246,0.0,-85572.5926824246
2025-07-16,TFT,p30,4616.5125762035395,0.0,4616.5125762035395,0.0,-4616.5125762035395,0.0,0.0,1745.9307938596423,2987.5316666824506,0.0,False,False,False,90189.10525862814,0.0,-90189.10525862814
2025-07-17,TFT,p30,861.7751655646417,0.0,861.7751655646417,0.0,-861.7751655646417,0.0,0.0,373.7093626051594,568.8695329014969,0.0,False,False,False,91050.88042419279,0.0,-91050.88042419279
2025-07-18,TFT,p30,1029.3749201168882,0.0,1029.3749201168882,0.0,-1029.3749201168882,0.0,0.0,596.0367587402375,521.0113569838353,0.0,False,False,False,92080.25534430967,0.0,-92080.25534430967
2025-07-19,TFT,p30,1893.5178664580296,0.0,1893.5178664580296,0.0,-1893.5178664580296,0.0,0.0,300.7509767802272,1675.3171433304128,0.0,False,False,False,93973.7732107677,0.0,-93973.7732107677
2025-07-20,TFT,p30,2965.546248112361,0.0,2965.546248112361,0.0,-2965.546248112361,0.0,0.0,0.0,3063.6230956792633,0.0,False,False,False,96939.31945888005,0.0,-96939.31945888005
2025-07-21,TFT,p30,13.20714752005416,0.0,13.20714752005416,0.0,-13.20714752005416,0.0,0.0,0.0,84.05170124322736,0.0,False,False,False,96952.5266064001,0.0,-96952.5266064001
2025-07-22,TFT,p30,2204.9936842966554,0.0,2204.9936842966554,0.0,-2204.9936842966554,768.6040831656379,0.0,0.0,1754.33470751622,0.0,False,False,False,99157.52029069676,0.0,-99157.52029069676
2025-07-23,TFT,p30,1318.9666637750863,0.0,1318.9666637750863,0.0,-1318.9666637750863,640.5419999999999,0.0,0.0,979.0143008417028,0.0,False,False,False,100476.48695447185,0.0,-100476.48695447185
2025-07-24,TFT,p30,665.7321339159313,0.0,665.7321339159313,0.0,-665.7321339159313,0.0,0.0,0.0,746.728539504793,0.0,False,False,False,101142.21908838778,0.0,-101142.21908838778
2025-07-25,TFT,p30,216.15764126526904,0.0,216.15764126526904,0.0,-216.15764126526904,0.0,0.0,0.0,300.12507467945727,0.0,False,False,True,101358.37672965304,0.0,-101358.37672965304
2025-07-26,TFT,p30,527.9577142830046,0.0,527.9577142830046,0.0,-527.9577142830046,0.0,0.0,0.0,624.3361856652001,0.0,False,False,False,101886.33444393605,0.0,-101886.33444393605
2025-07-27,TFT,p30,744.785195372503,0.0,744.785195372503,0.0,-744.785195372503,396.645,0.0,0.0,593.8409152640309,0.0,False,False,True,102631.11963930856,0.0,-102631.11963930856
2025-07-28,TFT,p30,522.1173700159072,0.0,522.1173700159072,0.0,-522.1173700159072,260.46255742271876,0.0,0.0,582.9630230027282,0.0,False,False,True,103153.23700932447,0.0,-103153.23700932447
2025-07-29,TFT,p30,647.4817576147957,0.0,647.4817576147957,0.0,-647.4817576147957,466.707,0.0,0.0,430.2796079311246,0.0,False,False,False,103800.71876693926,0.0,-103800.71876693926
2025-07-30,TFT,p30,677.9948708041284,0.0,677.9948708041284,0.0,-677.9948708041284,395.1859999999999,0.0,0.0,548.5500873569083,0.0,False,False,False,104478.71363774339,0.0,-104478.71363774339
2025-07-31,TFT,p30,218.0852204909011,0.0,218.0852204909011,0.0,-218.0852204909011,36.68900000000002,-430.8486602982182,0.0,906.7882206289958,0.0,False,False,False,104696.7988582343,0.0,-104696.7988582343
2025-05-31,TFT,p50,643.6118192010558,0.0,643.6118192010558,0.0,-643.6118192010558,0.0,0.0,0.0,653.3297809119811,0.0,False,False,False,643.6118192010558,0.0,-643.6118192010558
2025-06-01,TFT,p50,1522.0387756161736,0.0,1522.0387756161736,0.0,-1522.0387756161736,0.0,0.0,0.0,1558.9125303327928,0.0,False,False,True,2165.6505948172294,0.0,-2165.6505948172294
2025-06-02,TFT,p50,2944.426666393113,0.0,2944.426666393113,0.0,-2944.426666393113,1125.38,0.0,1463.7758078869217,897.6277119510205,0.0,False,False,True,5110.077261210343,0.0,-5110.077261210343
2025-06-03,TFT,p50,3647.551431975978,0.0,3647.551431975978,0.0,-3647.551431975978,-395.158,0.0,0.0,4241.112967283094,0.0,False,False,False,8757.628693186321,0.0,-8757.628693186321
2025-06-04,TFT,p50,3283.0389466154525,0.0,3283.0389466154525,0.0,-3283.0389466154525,1369.841,0.0,1347.846938948869,974.2202108263532,0.0,False,False,True,12040.667639801773,0.0,-12040.667639801773
2025-06-05,TFT,p50,2218.0582436768473,0.0,2218.0582436768473,0.0,-2218.0582436768473,348.38100000000003,0.0,0.0,1998.908246977368,0.0,False,False,True,14258.72588347862,0.0,-14258.72588347862
2025-06-06,TFT,p50,723.4151934375291,0.0,723.4151934375291,0.0,-723.4151934375291,872.1806560912685,0.0,0.0,297.4512668518643,0.0,False,False,True,14982.14107691615,0.0,-14982.14107691615
2025-06-07,TFT,p50,-28.754800000000007,0.0,-28.754800000000007,0.0,28.754800000000007,0.0,0.0,0.0,0.0,0.0,False,False,True,14953.38627691615,0.0,-14953.38627691615
2025-06-08,TFT,p50,454.0506862453941,0.0,454.0506862453941,0.0,-454.0506862453941,646.3139867593674,0.0,0.0,6.431819094293745,0.0,False,False,True,15407.436963161545,0.0,-15407.436963161545
2025-06-09,TFT,p50,-20.414200000000005,0.0,-20.414200000000005,0.0,20.414200000000005,0.0,0.0,0.0,0.0,0.0,False,False,True,15387.022763161545,0.0,-15387.022763161545
2025-06-10,TFT,p50,276.17962524592525,0.0,276.17962524592525,0.0,-276.17962524592525,322.4288538173583,0.0,0.0,169.89363999072935,0.0,False,False,True,15663.20238840747,0.0,-15663.20238840747
2025-06-11,TFT,p50,467.3393952498176,0.0,467.3393952498176,0.0,-467.3393952498176,0.0,0.0,0.0,521.9015785718378,0.0,False,False,True,16130.541783657287,0.0,-16130.541783657287
2025-06-12,TFT,p50,2690.7409856579056,0.0,2690.7409856579056,0.0,-2690.7409856579056,1445.965328786428,0.0,0.0,1580.9115980420715,0.0,False,False,True,18821.282769315192,0.0,-18821.282769315192
2025-06-13,TFT,p50,1395.5810163185888,0.0,1395.5810163185888,0.0,-1395.5810163185888,0.0,0.0,0.0,1438.7300697346118,0.0,False,False,True,20216.86378563378,0.0,-20216.86378563378
2025-06-14,TFT,p50,4824.04530646385,0.0,4824.04530646385,0.0,-4824.04530646385,423.2280114048978,0.0,0.0,4656.918814086876,0.0,False,False,True,25040.90909209763,0.0,-25040.90909209763
2025-06-15,TFT,p50,-30.010800000000007,0.0,-30.010800000000007,0.0,30.010800000000007,0.0,0.0,0.0,0.0,0.0,False,False,True,25010.89829209763,0.0,-25010.89829209763
2025-06-16,TFT,p50,1742.8948496380892,0.0,1742.8948496380892,0.0,-1742.8948496380892,2029.668,0.0,0.0,113.57149846360456,0.0,False,False,True,26753.79314173572,0.0,-26753.79314173572
2025-06-17,TFT,p50,773.2759735116481,0.0,773.2759735116481,0.0,-773.2759735116481,0.0,0.0,0.0,835.9809898883653,0.0,False,False,False,27527.06911524737,0.0,-27527.06911524737
2025-06-18,TFT,p50,1737.5690367168202,0.0,1737.5690367168202,0.0,-1737.5690367168202,0.0,0.0,1122.4110969565284,682.1256045411964,0.0,False,False,True,29264.63815196419,0.0,-29264.63815196419
2025-06-19,TFT,p50,1485.9651859386126,0.0,1485.9651859386126,0.0,-1485.9651859386126,1423.3434155637483,0.0,0.0,363.4248565233669,0.0,False,False,True,30750.603337902805,0.0,-30750.603337902805
2025-06-20,TFT,p50,116.20937132691591,0.0,116.20937132691591,0.0,-116.20937132691591,0.0,0.0,0.0,165.91780390275116,0.0,False,False,True,30866.81270922972,0.0,-30866.81270922972
2025-06-21,TFT,p50,937.778219329358,0.0,937.778219329358,0.0,-937.778219329358,931.9659761055988,0.0,0.0,258.063305836586,0.0,False,False,True,31804.59092855908,0.0,-31804.59092855908
2025-06-22,TFT,p50,-19.632253752785005,0.0,-19.632253752785005,0.0,19.632253752785005,-248.781,0.0,0.0,320.38102650523956,0.0,False,False,True,31784.958674806294,0.0,-31784.958674806294
2025-06-23,TFT,p50,862.2211936190083,0.0,862.2211936190083,0.0,-862.2211936190083,1110.8912926654064,0.0,0.0,79.87779860689179,0.0,False,False,True,32647.1798684253,0.0,-32647.1798684253
2025-06-24,TFT,p50,-520.5429296957866,0.0,-520.5429296957866,0.0,520.5429296957866,-413.118,0.0,0.0,6.21705989775145,0.0,False,False,True,32126.636938729513,0.0,-32126.636938729513
2025-06-25,TFT,p50,3584.4279701794717,0.0,3584.4279701794717,0.0,-3584.4279701794717,3442.4817451715076,0.0,0.0,601.778620445578,0.0,False,False,True,35711.064908908986,0.0,-35711.064908908986
2025-06-26,TFT,p50,2711.7981586552537,0.0,2711.7981586552537,0.0,-2711.7981586552537,0.0,0.0,0.0,2825.832141632071,0.0,False,False,False,38422.86306756424,0.0,-38422.86306756424
2025-06-27,TFT,p50,2199.0407145334807,0.0,2199.0407145334807,0.0,-2199.0407145334807,435.5440000000001,0.0,0.0,2208.057217899469,0.0,False,False,False,40621.903782097725,0.0,-40621.903782097725
2025-06-28,TFT,p50,2074.628171636322,0.0,2074.628171636322,0.0,-2074.628171636322,362.63700000000006,0.0,0.0,1930.2491992940777,0.0,False,False,False,42696.53195373405,0.0,-42696.53195373405
2025-06-29,TFT,p50,4694.118862643385,0.0,4694.118862643385,0.0,-4694.118862643385,550.301,0.0,0.0,4478.578566852654,0.0,False,False,False,47390.650816377434,0.0,-47390.650816377434
2025-06-30,TFT,p50,3045.776312326705,0.0,3045.776312326705,0.0,-3045.776312326705,2400.4590000000007,0.0,0.0,1163.5722259284412,0.0,False,False,False,50436.42712870414,0.0,-50436.42712870414
2025-07-01,TFT,p50,3996.321837599627,0.0,3996.321837599627,0.0,-3996.321837599627,2986.916,0.0,0.0,1564.0308999150736,0.0,False,False,False,54432.74896630377,0.0,-54432.74896630377
2025-07-02,TFT,p50,3347.156384572985,0.0,3347.156384572985,0.0,-3347.156384572985,2185.4159999999997,0.0,0.0,1572.1077944032677,0.0,False,False,True,57779.905350876754,0.0,-57779.905350876754
2025-07-03,TFT,p50,559.6595106613862,0.0,559.6595106613862,0.0,-559.6595106613862,493.45981056266373,0.0,0.0,415.94542703455727,0.0,False,False,False,58339.56486153814,0.0,-58339.56486153814
2025-07-04,TFT,p50,2164.7428917508073,0.0,2164.7428917508073,0.0,-2164.7428917508073,465.402,0.0,0.0,1850.746176761132,0.0,False,False,False,60504.30775328895,0.0,-60504.30775328895
2025-07-05,TFT,p50,4278.795818311575,0.0,4278.795818311575,0.0,-4278.795818311575,545.3140000000001,0.0,0.0,4071.8642685798222,0.0,False,False,False,64783.10357160053,0.0,-64783.10357160053
2025-07-06,TFT,p50,3911.842858669098,0.0,3911.842858669098,0.0,-3911.842858669098,-163.072,0.0,0.0,4202.174773817029,0.0,False,False,False,68694.94643026963,0.0,-68694.94643026963
2025-07-07,TFT,p50,374.6806498753117,0.0,374.6806498753117,0.0,-374.6806498753117,745.2035324227687,0.0,0.0,66.6041060495804,0.0,False,False,False,69069.62708014494,0.0,-69069.62708014494
2025-07-08,TFT,p50,3501.3768468794965,0.0,3501.3768468794965,0.0,-3501.3768468794965,748.662,0.0,0.0,3137.7499783007625,0.0,False,False,False,72571.00392702445,0.0,-72571.00392702445
2025-07-09,TFT,p50,1063.2786822321395,0.0,1063.2786822321395,0.0,-1063.2786822321395,595.425,0.0,0.0,781.1185556722347,0.0,False,False,False,73634.28260925658,0.0,-73634.28260925658
2025-07-10,TFT,p50,1753.1361277160722,0.0,1753.1361277160722,0.0,-1753.1361277160722,746.0719991410957,0.0,0.0,1338.3390754762988,0.0,False,False,True,75387.41873697266,0.0,-75387.41873697266
2025-07-11,TFT,p50,716.3309319803147,0.0,716.3309319803147,0.0,-716.3309319803147,8.31751443686128,0.0,0.0,782.1350857109397,0.0,False,False,True,76103.74966895297,0.0,-76103.74966895297
2025-07-12,TFT,p50,1182.0694596710027,0.0,1182.0694596710027,0.0,-1182.0694596710027,587.594,0.0,0.0,972.1047070009548,0.0,False,False,False,77285.81912862397,0.0,-77285.81912862397
2025-07-13,TFT,p50,2066.9343609379644,0.0,2066.9343609379644,0.0,-2066.9343609379644,0.0,0.0,0.0,2157.446267693123,0.0,False,False,False,79352.75348956193,0.0,-79352.75348956193
2025-07-14,TFT,p50,2411.148237346374,0.0,2411.148237346374,0.0,-2411.148237346374,0.0,0.0,1414.0809435054225,1090.0943802346642,0.0,False,False,False,81763.90172690831,0.0,-81763.90172690831
2025-07-15,TFT,p50,436.6899045599757,0.0,436.6899045599757,0.0,-436.6899045599757,0.0,0.0,0.0,498.1729446413043,0.0,False,False,False,82200.59163146828,0.0,-82200.59163146828
2025-07-16,TFT,p50,2521.274724457263,0.0,2521.274724457263,0.0,-2521.274724457263,172.692,0.0,0.0,2709.991246635087,0.0,False,False,False,84721.86635592555,0.0,-84721.86635592555
2025-07-17,TFT,p50,472.5462052726319,0.0,472.5462052726319,0.0,-472.5462052726319,0.0,0.0,0.0,544.3994467902992,0.0,False,False,False,85194.41256119819,0.0,-85194.41256119819
2025-07-18,TFT,p50,1543.48040976904,0.0,1543.48040976904,0.0,-1543.48040976904,0.0,0.0,1095.1668594845785,536.2621487373196,0.0,False,False,False,86737.89297096722,0.0,-86737.89297096722
2025-07-19,TFT,p50,1177.0685517761788,0.0,1177.0685517761788,0.0,-1177.0685517761788,0.0,0.0,0.0,1251.0370183781863,0.0,False,False,False,87914.9615227434,0.0,-87914.9615227434
2025-07-20,TFT,p50,2965.546248112361,0.0,2965.546248112361,0.0,-2965.546248112361,0.0,0.0,0.0,3063.6230956792633,0.0,False,False,False,90880.50777085575,0.0,-90880.50777085575
2025-07-21,TFT,p50,250.82823990286667,0.0,250.82823990286667,0.0,-250.82823990286667,0.0,0.0,242.6721923828125,84.05170124322736,0.0,False,False,False,91131.33601075862,0.0,-91131.33601075862
2025-07-22,TFT,p50,1349.1206111685208,0.0,1349.1206111685208,0.0,-1349.1206111685208,0.0,0.0,0.0,1413.5624708716718,0.0,False,False,True,92480.45662192714,0.0,-92480.45662192714
2025-07-23,TFT,p50,338.3455420540539,0.0,338.3455420540539,0.0,-338.3455420540539,702.3878443396005,0.0,0.0,88.6703284311953,0.0,False,False,True,92818.80216398119,0.0,-92818.80216398119
2025-07-24,TFT,p50,1020.0208509767346,0.0,1020.0208509767346,0.0,-1020.0208509767346,0.0,0.0,0.0,1140.9401057601672,0.0,False,False,False,93838.82301495793,0.0,-93838.82301495793
2025-07-25,TFT,p50,1074.0206178899125,0.0,1074.0206178899125,0.0,-1074.0206178899125,0.0,0.0,0.0,1173.2240604199108,0.0,False,False,False,94912.84363284784,0.0,-94912.84363284784
2025-07-26,TFT,p50,766.3310738767218,0.0,766.3310738767218,0.0,-766.3310738767218,570.0829999999999,0.0,0.0,576.1523160297986,0.0,False,False,True,95679.17470672456,0.0,-95679.17470672456
2025-07-27,TFT,p50,679.6464034242255,0.0,679.6464034242255,0.0,-679.6464034242255,316.52,0.0,0.0,672.6020481966676,0.0,False,False,False,96358.82111014878,0.0,-96358.82111014878
2025-07-28,TFT,p50,-45.99625000000001,0.0,-45.99625000000001,0.0,45.99625000000001,0.0,0.0,0.0,0.0,0.0,False,False,True,96312.82486014879,0.0,-96312.82486014879
2025-07-29,TFT,p50,721.615111706559,0.0,721.615111706559,0.0,-721.615111706559,867.0730000000001,0.0,0.0,151.3106062809099,0.0,False,False,True,97034.43997185535,0.0,-97034.43997185535
2025-07-30,TFT,p50,748.3810703336568,0.0,748.3810703336568,0.0,-748.3810703336568,0.0,0.0,0.0,804.1187062633879,0.0,False,False,False,97782.82104218901,0.0,-97782.82104218901
2025-07-31,TFT,p50,1006.560449152354,0.0,1006.560449152354,0.0,-1006.560449152354,0.0,-332.5216230286932,0.0,1449.6787734086172,0.0,False,False,False,98789.38149134137,0.0,-98789.38149134137
2025-05-31,TFT,p70,643.6118192010558,0.0,643.6118192010558,0.0,-643.6118192010558,0.0,0.0,0.0,653.3297809119811,0.0,False,False,False,643.6118192010558,0.0,-643.6118192010558
2025-06-01,TFT,p70,1522.0387756161736,0.0,1522.0387756161736,0.0,-1522.0387756161736,0.0,0.0,0.0,1558.9125303327928,0.0,False,False,True,2165.6505948172294,0.0,-2165.6505948172294
2025-06-02,TFT,p70,3029.8475436514136,0.0,3029.8475436514136,0.0,-3029.8475436514136,1125.38,0.0,1549.1966851452223,897.6277119510205,0.0,False,False,True,5195.498138468643,0.0,-5195.498138468643
2025-06-03,TFT,p70,4136.042170981479,0.0,4136.042170981479,0.0,-4136.042170981479,0.0,0.0,0.0,4241.544420845748,0.0,False,False,False,9331.540309450123,0.0,-9331.540309450123
2025-06-04,TFT,p70,2158.4214824994833,0.0,2158.4214824994833,0.0,-2158.4214824994833,797.849,0.0,1074.9339460110216,590.4168803047064,0.0,False,False,False,11489.961791949607,0.0,-11489.961791949607
2025-06-05,TFT,p70,2193.7072473943026,0.0,2193.7072473943026,0.0,-2193.7072473943026,0.0,0.0,0.0,2280.44160012487,0.0,False,False,False,13683.66903934391,0.0,-13683.66903934391
2025-06-06,TFT,p70,2108.32650122291,0.0,2108.32650122291,0.0,-2108.32650122291,0.0,0.0,1107.8325040537168,1042.9591083936757,0.0,False,False,True,15791.995540566819,0.0,-15791.995540566819
2025-06-07,TFT,p70,601.0820075822862,0.0,601.0820075822862,0.0,-601.0820075822862,518.4456651940586,0.0,0.0,376.1099540250593,0.0,False,False,True,16393.077548149104,0.0,-16393.077548149104
2025-06-08,TFT,p70,28.332970456907145,0.0,28.332970456907145,0.0,-28.332970456907145,0.0,0.0,0.0,36.28702338195454,0.0,False,False,True,16421.41051860601,0.0,-16421.41051860601
2025-06-09,TFT,p70,563.7102748670605,0.0,563.7102748670605,0.0,-563.7102748670605,717.9668074431609,0.0,0.0,64.47805428958117,0.0,False,False,True,16985.120793473074,0.0,-16985.120793473074
2025-06-10,TFT,p70,-533.98995,0.0,-533.98995,0.0,533.98995,-416.422,0.0,0.0,0.0,0.0,False,False,True,16451.130843473074,0.0,-16451.130843473074
2025-06-11,TFT,p70,2999.8481037568067,0.0,2999.8481037568067,0.0,-2999.8481037568067,2241.6583836803775,0.0,0.0,1137.5842822398945,0.0,False,False,True,19450.97894722988,0.0,-19450.97894722988
2025-06-12,TFT,p70,1237.3241788197452,0.0,1237.3241788197452,0.0,-1237.3241788197452,0.0,0.0,0.0,1286.0443391735262,0.0,False,False,False,20688.303126049625,0.0,-20688.303126049625
2025-06-13,TFT,p70,3339.314441301376,0.0,3339.314441301376,0.0,-3339.314441301376,0.0,0.0,1590.1302949631531,1818.4450698748951,0.0,False,False,False,24027.617567351,0.0,-24027.617567351
2025-06-14,TFT,p70,3993.657211054485,0.0,3993.657211054485,0.0,-3993.657211054485,935.1565017028036,0.0,0.0,3374.105233209983,0.0,False,False,True,28021.274778405485,0.0,-28021.274778405485
2025-06-15,TFT,p70,-30.010800000000007,0.0,-30.010800000000007,0.0,30.010800000000007,0.0,0.0,0.0,0.0,0.0,False,False,True,27991.263978405485,0.0,-27991.263978405485
2025-06-16,TFT,p70,1239.0119370063835,0.0,1239.0119370063835,0.0,-1239.0119370063835,1604.111,0.0,0.0,113.57149846360456,0.0,False,False,True,29230.27591541187,0.0,-29230.27591541187
2025-06-17,TFT,p70,998.9604837838016,0.0,998.9604837838016,0.0,-998.9604837838016,0.0,0.0,0.0,1066.5221447400695,0.0,False,False,False,30229.23639919567,0.0,-30229.23639919567
2025-06-18,TFT,p70,1524.8437266843932,0.0,1524.8437266843932,0.0,-1524.8437266843932,0.0,0.0,960.8224719092444,628.5928479553244,0.0,False,False,True,31754.080125880064,0.0,-31754.080125880064
2025-06-19,TFT,p70,1486.7291529625486,0.0,1486.7291529625486,0.0,-1486.7291529625486,1424.341407462393,0.0,0.0,363.4248565233669,0.0,False,False,True,33240.809278842615,0.0,-33240.809278842615
2025-06-20,TFT,p70,116.20937132691591,0.0,116.20937132691591,0.0,-116.20937132691591,0.0,0.0,0.0,165.91780390275116,0.0,False,False,True,33357.01865016953,0.0,-33357.01865016953
2025-06-21,TFT,p70,937.778219329358,0.0,937.778219329358,0.0,-937.778219329358,931.9659761055988,0.0,0.0,258.063305836586,0.0,False,False,True,34294.79686949889,0.0,-34294.79686949889
2025-06-22,TFT,p70,-19.632253752785005,0.0,-19.632253752785005,0.0,19.632253752785005,-248.781,0.0,0.0,320.38102650523956,0.0,False,False,True,34275.1646157461,0.0,-34275.1646157461
2025-06-23,TFT,p70,862.2211936190083,0.0,862.2211936190083,0.0,-862.2211936190083,1110.8912926654064,0.0,0.0,79.87779860689179,0.0,False,False,True,35137.38580936511,0.0,-35137.38580936511
2025-06-24,TFT,p70,-520.5429296957866,0.0,-520.5429296957866,0.0,520.5429296957866,-413.118,0.0,0.0,6.21705989775145,0.0,False,False,True,34616.84287966932,0.0,-34616.84287966932
2025-06-25,TFT,p70,3584.4279701794717,0.0,3584.4279701794717,0.0,-3584.4279701794717,3442.4817451715076,0.0,0.0,601.778620445578,0.0,False,False,True,38201.27084984879,0.0,-38201.27084984879
2025-06-26,TFT,p70,2711.7981586552537,0.0,2711.7981586552537,0.0,-2711.7981586552537,0.0,0.0,0.0,2825.832141632071,0.0,False,False,False,40913.06900850405,0.0,-40913.06900850405
2025-06-27,TFT,p70,2199.0407145334807,0.0,2199.0407145334807,0.0,-2199.0407145334807,435.5440000000001,0.0,0.0,2208.057217899469,0.0,False,False,False,43112.10972303753,0.0,-43112.10972303753
2025-06-28,TFT,p70,2074.628171636322,0.0,2074.628171636322,0.0,-2074.628171636322,362.63700000000006,0.0,0.0,1930.2491992940777,0.0,False,False,False,45186.73789467385,0.0,-45186.73789467385
2025-06-29,TFT,p70,4694.118862643385,0.0,4694.118862643385,0.0,-4694.118862643385,550.301,0.0,0.0,4478.578566852654,0.0,False,False,False,49880.85675731724,0.0,-49880.85675731724
2025-06-30,TFT,p70,3045.776312326705,0.0,3045.776312326705,0.0,-3045.776312326705,2400.4590000000007,0.0,0.0,1163.5722259284412,0.0,False,False,False,52926.63306964395,0.0,-52926.63306964395
2025-07-01,TFT,p70,3996.321837599627,0.0,3996.321837599627,0.0,-3996.321837599627,2986.916,0.0,0.0,1564.0308999150736,0.0,False,False,False,56922.95490724358,0.0,-56922.95490724358
2025-07-02,TFT,p70,3347.156384572985,0.0,3347.156384572985,0.0,-3347.156384572985,2185.4159999999997,0.0,0.0,1572.1077944032677,0.0,False,False,True,60270.11129181656,0.0,-60270.11129181656
2025-07-03,TFT,p70,559.6595106613862,0.0,559.6595106613862,0.0,-559.6595106613862,493.45981056266373,0.0,0.0,415.94542703455727,0.0,False,False,False,60829.77080247795,0.0,-60829.77080247795
2025-07-04,TFT,p70,2164.7428917508073,0.0,2164.7428917508073,0.0,-2164.7428917508073,465.402,0.0,0.0,1850.746176761132,0.0,False,False,False,62994.51369422876,0.0,-62994.51369422876
2025-07-05,TFT,p70,4278.795818311575,0.0,4278.795818311575,0.0,-4278.795818311575,545.3140000000001,0.0,0.0,4071.8642685798222,0.0,False,False,False,67273.30951254033,0.0,-67273.30951254033
2025-07-06,TFT,p70,3911.842858669098,0.0,3911.842858669098,0.0,-3911.842858669098,-163.072,0.0,0.0,4202.174773817029,0.0,False,False,False,71185.15237120943,0.0,-71185.15237120943
2025-07-07,TFT,p70,374.6806498753117,0.0,374.6806498753117,0.0,-374.6806498753117,745.2035324227687,0.0,0.0,66.6041060495804,0.0,False,False,False,71559.83302108475,0.0,-71559.83302108475
2025-07-08,TFT,p70,3501.3768468794965,0.0,3501.3768468794965,0.0,-3501.3768468794965,748.662,0.0,0.0,3137.7499783007625,0.0,False,False,False,75061.20986796425,0.0,-75061.20986796425
2025-07-09,TFT,p70,1063.2786822321395,0.0,1063.2786822321395,0.0,-1063.2786822321395,595.425,0.0,0.0,781.1185556722347,0.0,False,False,False,76124.48855019639,0.0,-76124.48855019639
2025-07-10,TFT,p70,1753.1361277160722,0.0,1753.1361277160722,0.0,-1753.1361277160722,746.0719991410957,0.0,0.0,1338.3390754762988,0.0,False,False,True,77877.62467791246,0.0,-77877.62467791246
2025-07-11,TFT,p70,716.3309319803147,0.0,716.3309319803147,0.0,-716.3309319803147,8.31751443686128,0.0,0.0,782.1350857109397,0.0,False,False,True,78593.95560989277,0.0,-78593.95560989277
2025-07-12,TFT,p70,1182.0694596710027,0.0,1182.0694596710027,0.0,-1182.0694596710027,587.594,0.0,0.0,972.1047070009548,0.0,False,False,False,79776.02506956378,0.0,-79776.02506956378
2025-07-13,TFT,p70,2066.9343609379644,0.0,2066.9343609379644,0.0,-2066.9343609379644,0.0,0.0,0.0,2157.446267693123,0.0,False,False,False,81842.95943050174,0.0,-81842.95943050174
2025-07-14,TFT,p70,2012.0162206965372,0.0,2012.0162206965372,0.0,-2012.0162206965372,0.0,0.0,1042.6370760209086,1051.8857235303317,0.0,False,False,False,83854.97565119827,0.0,-83854.97565119827
2025-07-15,TFT,p70,436.6899045599757,0.0,436.6899045599757,0.0,-436.6899045599757,0.0,0.0,0.0,498.1729446413043,0.0,False,False,False,84291.66555575824,0.0,-84291.66555575824
2025-07-16,TFT,p70,2588.619902974317,0.0,2588.619902974317,0.0,-2588.619902974317,167.52599999999995,0.0,0.0,2783.941664571486,0.0,False,False,False,86880.28545873256,0.0,-86880.28545873256
2025-07-17,TFT,p70,472.5462052726319,0.0,472.5462052726319,0.0,-472.5462052726319,0.0,0.0,0.0,544.3994467902992,0.0,False,False,False,87352.83166400519,0.0,-87352.83166400519
2025-07-18,TFT,p70,401.4726754217735,0.0,401.4726754217735,0.0,-401.4726754217735,0.0,0.0,0.0,482.81421628616897,0.0,False,False,False,87754.30433942696,0.0,-87754.30433942696
2025-07-19,TFT,p70,1805.735098079844,0.0,1805.735098079844,0.0,-1805.735098079844,0.0,0.0,544.5618574342132,1342.9879083143503,0.0,False,False,False,89560.03943750681,0.0,-89560.03943750681
2025-07-20,TFT,p70,2965.546248112361,0.0,2965.546248112361,0.0,-2965.546248112361,0.0,0.0,0.0,3063.6230956792633,0.0,False,False,False,92525.58568561917,0.0,-92525.58568561917
2025-07-21,TFT,p70,281.27076592825733,0.0,281.27076592825733,0.0,-281.27076592825733,0.0,0.0,268.0636184082031,84.05170124322736,0.0,False,False,False,92806.85645154743,0.0,-92806.85645154743
2025-07-22,TFT,p70,1349.1206111685208,0.0,1349.1206111685208,0.0,-1349.1206111685208,0.0,0.0,0.0,1413.5624708716718,0.0,False,False,True,94155.97706271595,0.0,-94155.97706271595
2025-07-23,TFT,p70,-69.08264662210615,0.0,-69.08264662210615,0.0,69.08264662210615,247.08317385154783,0.0,0.0,0.3683921887855734,0.0,False,False,True,94086.89441609384,0.0,-94086.89441609384
2025-07-24,TFT,p70,659.2905843705263,0.0,659.2905843705263,0.0,-659.2905843705263,0.0,0.0,0.0,777.3494163738361,0.0,False,False,False,94746.18500046436,0.0,-94746.18500046436
2025-07-25,TFT,p70,2480.749383592433,0.0,2480.749383592433,0.0,-2480.749383592433,0.0,0.0,0.0,2610.655390311905,0.0,False,False,False,97226.9343840568,0.0,-97226.9343840568
2025-07-26,TFT,p70,1423.4203501285533,0.0,1423.4203501285533,0.0,-1423.4203501285533,432.682,0.0,0.0,1290.4438428051867,0.0,False,False,True,98650.35473418536,0.0,-98650.35473418536
2025-07-27,TFT,p70,640.7591353521269,0.0,640.7591353521269,0.0,-640.7591353521269,214.295,0.0,0.0,672.6020481966676,0.0,False,False,False,99291.11386953748,0.0,-99291.11386953748
2025-07-28,TFT,p70,-34.1434668295935,0.0,-34.1434668295935,0.0,34.1434668295935,0.0,0.0,0.0,31.415041505832914,0.0,False,False,False,99256.97040270788,0.0,-99256.97040270788
2025-07-29,TFT,p70,1137.7918459413934,0.0,1137.7918459413934,0.0,-1137.7918459413934,0.0,0.0,0.0,1209.6273341672666,0.0,False,False,False,100394.76224864928,0.0,-100394.76224864928
2025-07-30,TFT,p70,469.3976062132043,0.0,469.3976062132043,0.0,-469.3976062132043,0.0,0.0,0.0,513.4253719607867,0.0,False,False,False,100864.15985486248,0.0,-100864.15985486248
2025-07-31,TFT,p70,-478.3888627293687,0.0,-478.3888627293687,0.0,478.3888627293687,0.0,-392.8539082367262,0.0,0.0,0.0,False,False,False,100385.77099213311,0.0,-100385.77099213311
2025-05-31,TFT,p90,643.6118192010558,0.0,643.6118192010558,0.0,-643.6118192010558,0.0,0.0,0.0,653.3297809119811,0.0,False,False,False,643.6118192010558,0.0,-643.6118192010558
2025-06-01,TFT,p90,1522.0387756161736,0.0,1522.0387756161736,0.0,-1522.0387756161736,0.0,0.0,0.0,1558.9125303327928,0.0,False,False,True,2165.6505948172294,0.0,-2165.6505948172294
2025-06-02,TFT,p90,3230.501851390672,0.0,3230.501851390672,0.0,-3230.501851390672,1125.38,0.0,1749.8509928844803,897.6277119510205,0.0,False,False,True,5396.152446207901,0.0,-5396.152446207901
2025-06-03,TFT,p90,4136.042170981479,0.0,4136.042170981479,0.0,-4136.042170981479,0.0,0.0,0.0,4241.544420845748,0.0,False,False,False,9532.19461718938,0.0,-9532.19461718938
2025-06-04,TFT,p90,1123.2824757963713,0.0,1123.2824757963713,0.0,-1123.2824757963713,536.029,0.0,0.0,738.2329638392677,0.0,False,False,True,10655.477092985751,0.0,-10655.477092985751
2025-06-05,TFT,p90,3275.838791352569,0.0,3275.838791352569,0.0,-3275.838791352569,21.865000000000123,0.0,897.8685956314487,2732.192363495845,0.0,False,False,False,13931.31588433832,0.0,-13931.31588433832
2025-06-06,TFT,p90,1813.5516608483856,0.0,1813.5516608483856,0.0,-1813.5516608483856,0.0,0.0,0.0,1883.7799683247183,0.0,False,False,False,15744.867545186706,0.0,-15744.867545186706
2025-06-07,TFT,p90,956.9044147305168,0.0,956.9044147305168,0.0,-956.9044147305168,0.0,0.0,1001.842245830998,2.3713041728937143,0.0,False,False,True,16701.771959917223,0.0,-16701.771959917223
2025-06-08,TFT,p90,500.9872972246872,0.0,500.9872972246872,0.0,-500.9872972246872,720.8254734976631,0.0,0.0,6.431819094293745,0.0,False,False,True,17202.75925714191,0.0,-17202.75925714191
2025-06-09,TFT,p90,-20.414200000000005,0.0,-20.414200000000005,0.0,20.414200000000005,0.0,0.0,0.0,0.0,0.0,False,False,True,17182.345057141913,0.0,-17182.345057141913
2025-06-10,TFT,p90,289.61140325794173,0.0,289.61140325794173,0.0,-289.61140325794173,339.22285381735827,0.0,0.0,169.89363999072935,0.0,False,False,True,17471.956460399855,0.0,-17471.956460399855
2025-06-11,TFT,p90,467.3393952498176,0.0,467.3393952498176,0.0,-467.3393952498176,0.0,0.0,0.0,521.9015785718378,0.0,False,False,True,17939.295855649674,0.0,-17939.295855649674
2025-06-12,TFT,p90,2739.0914039671707,0.0,2739.0914039671707,0.0,-2739.0914039671707,1497.1130688517803,0.0,0.0,1580.9115980420715,0.0,False,False,True,20678.387259616844,0.0,-20678.387259616844
2025-06-13,TFT,p90,1395.5810163185888,0.0,1395.5810163185888,0.0,-1395.5810163185888,0.0,0.0,0.0,1438.7300697346118,0.0,False,False,True,22073.968275935433,0.0,-22073.968275935433
2025-06-14,TFT,p90,4831.058059537022,0.0,4831.058059537022,0.0,-4831.058059537022,440.39407363544,0.0,0.0,4656.918814086876,0.0,False,False,True,26905.026335472456,0.0,-26905.026335472456
2025-06-15,TFT,p90,-30.010800000000007,0.0,-30.010800000000007,0.0,30.010800000000007,0.0,0.0,0.0,0.0,0.0,False,False,True,26875.015535472456,0.0,-26875.015535472456
2025-06-16,TFT,p90,1742.8948496380892,0.0,1742.8948496380892,0.0,-1742.8948496380892,2029.668,0.0,0.0,113.57149846360456,0.0,False,False,True,28617.910385110546,0.0,-28617.910385110546
2025-06-17,TFT,p90,773.2759735116481,0.0,773.2759735116481,0.0,-773.2759735116481,0.0,0.0,0.0,835.9809898883653,0.0,False,False,False,29391.186358622195,0.0,-29391.186358622195
2025-06-18,TFT,p90,2152.9895880755603,0.0,2152.9895880755603,0.0,-2152.9895880755603,0.0,0.0,1032.702042256089,1218.3357747429618,0.0,False,False,False,31544.175946697756,0.0,-31544.175946697756
2025-06-19,TFT,p90,3096.042280128025,0.0,3096.042280128025,0.0,-3096.042280128025,0.0,0.0,0.0,3161.5584266781566,0.0,False,False,False,34640.21822682578,0.0,-34640.21822682578
2025-06-20,TFT,p90,2110.333403921621,0.0,2110.333403921621,0.0,-2110.333403921621,533.952,0.0,0.0,1740.1931028407414,0.0,False,False,True,36750.5516307474,0.0,-36750.5516307474
2025-06-21,TFT,p90,1401.6232109116413,0.0,1401.6232109116413,0.0,-1401.6232109116413,1159.344,0.0,0.0,642.6460972401886,0.0,False,False,False,38152.17484165904,0.0,-38152.17484165904
2025-06-22,TFT,p90,3593.2805229937617,0.0,3593.2805229937617,0.0,-3593.2805229937617,0.0,0.0,0.0,3669.0630899344446,0.0,False,False,False,41745.4553646528,0.0,-41745.4553646528
2025-06-23,TFT,p90,33428.259632300396,0.0,33428.259632300396,0.0,-33428.259632300396,324.0,0.0,27747.73992658616,5507.102715962965,0.0,False,False,True,75173.7149969532,0.0,-75173.7149969532
2025-06-24,TFT,p90,2854.0817086715124,0.0,2854.0817086715124,0.0,-2854.0817086715124,798.8820000000001,0.0,0.0,2348.911006034092,0.0,False,False,False,78027.79670562471,0.0,-78027.79670562471
2025-06-25,TFT,p90,5920.0099649622625,0.0,5920.0099649622625,0.0,-5920.0099649622625,0.0,0.0,0.0,6064.342594537849,0.0,False,False,False,83947.80667058697,0.0,-83947.80667058697
2025-06-26,TFT,p90,5863.896347960609,0.0,5863.896347960609,0.0,-5863.896347960609,29.741999999999997,0.0,1114.9257530654595,4872.236513950923,0.0,False,False,False,89811.70301854757,0.0,-89811.70301854757
2025-06-27,TFT,p90,1829.5648182619796,0.0,1829.5648182619796,0.0,-1829.5648182619796,742.0260000000001,0.0,0.0,1438.3286238229346,0.0,False,False,False,91641.26783680955,0.0,-91641.26783680955
2025-06-28,TFT,p90,2093.063949648338,0.0,2093.063949648338,0.0,-2093.063949648338,384.43499999999995,0.0,0.0,1930.2491992940777,0.0,False,False,False,93734.33178645789,0.0,-93734.33178645789
2025-06-29,TFT,p90,4353.291178773966,0.0,4353.291178773966,0.0,-4353.291178773966,555.93,0.0,0.0,4121.384478361009,0.0,False,False,False,98087.62296523186,0.0,-98087.62296523186
2025-06-30,TFT,p90,2954.3197563026715,0.0,2954.3197563026715,0.0,-2954.3197563026715,2302.278,0.0,0.0,1163.5722259284412,0.0,False,False,True,101041.94272153453,0.0,-101041.94272153453
2025-07-01,TFT,p90,3900.5667856919617,0.0,3900.5667856919617,0.0,-3900.5667856919617,3641.252315858468,0.0,0.0,832.9752089301447,0.0,False,False,True,104942.5095072265,0.0,-104942.5095072265
2025-07-02,TFT,p90,2658.2956518184087,0.0,2658.2956518184087,0.0,-2658.2956518184087,1564.839,0.0,0.0,1447.8690713223398,0.0,False,False,True,107600.8051590449,0.0,-107600.8051590449
2025-07-03,TFT,p90,1180.339385473659,0.0,1180.339385473659,0.0,-1180.339385473659,1272.055709522892,0.0,0.0,415.94542703455727,0.0,False,False,False,108781.14454451857,0.0,-108781.14454451857
2025-07-04,TFT,p90,1781.7153304564042,0.0,1781.7153304564042,0.0,-1781.7153304564042,0.0,0.0,0.0,1850.746176761132,0.0,False,False,False,110562.85987497497,0.0,-110562.85987497497
2025-07-05,TFT,p90,4280.222056373897,0.0,4280.222056373897,0.0,-4280.222056373897,546.0250000000001,0.0,0.0,4084.0037457835033,0.0,False,False,False,114843.08193134886,0.0,-114843.08193134886
2025-07-06,TFT,p90,3070.509156372165,0.0,3070.509156372165,0.0,-3070.509156372165,0.0,0.0,0.0,3161.7860811576807,0.0,False,False,False,117913.59108772103,0.0,-117913.59108772103
2025-07-07,TFT,p90,507.9779617244115,0.0,507.9779617244115,0.0,-507.9779617244115,838.025,0.0,0.0,88.69688480282399,0.0,False,False,False,118421.56904944543,0.0,-118421.56904944543
2025-07-08,TFT,p90,3501.3768468794965,0.0,3501.3768468794965,0.0,-3501.3768468794965,748.662,0.0,0.0,3137.7499783007625,0.0,False,False,False,121922.94589632493,0.0,-121922.94589632493
2025-07-09,TFT,p90,1063.2786822321395,0.0,1063.2786822321395,0.0,-1063.2786822321395,595.425,0.0,0.0,781.1185556722347,0.0,False,False,False,122986.22457855707,0.0,-122986.22457855707
2025-07-10,TFT,p90,1757.2065230065043,0.0,1757.2065230065043,0.0,-1757.2065230065043,750.722985871779,0.0,0.0,1338.3390754762988,0.0,False,False,True,124743.43110156358,0.0,-124743.43110156358
2025-07-11,TFT,p90,716.3309319803147,0.0,716.3309319803147,0.0,-716.3309319803147,8.31751443686128,0.0,0.0,782.1350857109397,0.0,False,False,True,125459.76203354388,0.0,-125459.76203354388
2025-07-12,TFT,p90,1182.0694596710027,0.0,1182.0694596710027,0.0,-1182.0694596710027,587.594,0.0,0.0,972.1047070009548,0.0,False,False,False,126641.8314932149,0.0,-126641.8314932149
2025-07-13,TFT,p90,2066.9343609379644,0.0,2066.9343609379644,0.0,-2066.9343609379644,0.0,0.0,0.0,2157.446267693123,0.0,False,False,False,128708.76585415285,0.0,-128708.76585415285
2025-07-14,TFT,p90,1131.3737114009746,0.0,1131.3737114009746,0.0,-1131.3737114009746,673.5350000000001,0.0,0.0,623.8041127914577,0.0,False,False,False,129840.13956555382,0.0,-129840.13956555382
2025-07-15,TFT,p90,436.6899045599757,0.0,436.6899045599757,0.0,-436.6899045599757,0.0,0.0,0.0,498.1729446413043,0.0,False,False,False,130276.8294701138,0.0,-130276.8294701138
2025-07-16,TFT,p90,2260.219861775575,0.0,2260.219861775575,0.0,-2260.219861775575,139.7360000000001,0.0,0.0,2618.09857541106,0.0,False,False,False,132537.04933188937,0.0,-132537.04933188937
2025-07-17,TFT,p90,472.5462052726319,0.0,472.5462052726319,0.0,-472.5462052726319,0.0,0.0,0.0,544.3994467902992,0.0,False,False,False,133009.595537162,0.0,-133009.595537162
2025-07-18,TFT,p90,698.3230287378126,0.0,698.3230287378126,0.0,-698.3230287378126,298.3463032653099,0.0,0.0,535.7002286195442,0.0,False,False,True,133707.91856589983,0.0,-133707.91856589983
2025-07-19,TFT,p90,2070.7543649649733,0.0,2070.7543649649733,0.0,-2070.7543649649733,538.048,0.0,0.0,1909.7578661865757,0.0,False,False,False,135778.6729308648,0.0,-135778.6729308648
2025-07-20,TFT,p90,4257.2038817551875,0.0,4257.2038817551875,0.0,-4257.2038817551875,0.0,0.0,0.0,4373.870624782127,0.0,False,False,False,140035.87681261997,0.0,-140035.87681261997
2025-07-21,TFT,p90,687.930154898572,0.0,687.930154898572,0.0,-687.930154898572,780.6329999999999,0.0,0.0,84.05170124322736,0.0,False,False,False,140723.80696751855,0.0,-140723.80696751855
2025-07-22,TFT,p90,1602.288437018032,0.0,1602.288437018032,0.0,-1602.288437018032,39.40836373743549,0.0,0.0,1651.890227018461,0.0,False,False,False,142326.09540453658,0.0,-142326.09540453658
2025-07-23,TFT,p90,268.22829395196794,0.0,268.22829395196794,0.0,-268.22829395196794,217.70299999999995,0.0,0.0,396.5174646730506,0.0,False,False,False,142594.32369848856,0.0,-142594.32369848856
2025-07-24,TFT,p90,1020.0208509767346,0.0,1020.0208509767346,0.0,-1020.0208509767346,0.0,0.0,0.0,1140.9401057601672,0.0,False,False,False,143614.34454946528,0.0,-143614.34454946528
2025-07-25,TFT,p90,1555.355672533999,0.0,1555.355672533999,0.0,-1555.355672533999,568.8431507864804,0.0,0.0,1173.2240604199108,0.0,False,False,False,145169.7002219993,0.0,-145169.7002219993
2025-07-26,TFT,p90,531.6162142830046,0.0,531.6162142830046,0.0,-531.6162142830046,0.0,0.0,0.0,624.3361856652001,0.0,False,False,False,145701.3164362823,0.0,-145701.3164362823
2025-07-27,TFT,p90,744.6880629083189,0.0,744.6880629083189,0.0,-744.6880629083189,396.645,0.0,0.0,595.125926892096,0.0,False,False,False,146446.00449919063,0.0,-146446.00449919063
2025-07-28,TFT,p90,517.2047431881165,0.0,517.2047431881165,0.0,-517.2047431881165,294.5506896142192,0.0,0.0,582.9630230027282,0.0,False,False,True,146963.20924237874,0.0,-146963.20924237874
2025-07-29,TFT,p90,647.4817576147957,0.0,647.4817576147957,0.0,-647.4817576147957,466.707,0.0,0.0,430.2796079311246,0.0,False,False,False,147610.69099999353,0.0,-147610.69099999353
2025-07-30,TFT,p90,677.9948708041284,0.0,677.9948708041284,0.0,-677.9948708041284,395.1859999999999,0.0,0.0,548.5500873569083,0.0,False,False,False,148288.68587079766,0.0,-148288.68587079766
2025-07-31,TFT,p90,254.96446316703592,0.0,254.96446316703592,0.0,-254.96446316703592,-40.273,-340.368794615561,0.0,909.909622501153,0.0,False,False,False,148543.6503339647,0.0,-148543.6503339647
2025-05-31,XGB,p10,643.6118192010558,0.0,643.6118192010558,0.0,-643.6118192010558,0.0,0.0,0.0,653.3297809119811,0.0,False,False,False,643.6118192010558,0.0,-643.6118192010558
2025-06-01,XGB,p10,2564.0627704964945,0.0,2564.0627704964945,0.0,-2564.0627704964945,0.0,0.0,175.61367745013845,2452.7484913604853,0.0,False,False,False,3207.6745896975503,0.0,-3207.6745896975503
2025-06-02,XGB,p10,5032.903961071388,0.0,5032.903961071388,0.0,-5032.903961071388,0.0,0.0,2069.695963868401,3080.5017955144413,0.0,False,False,False,8240.578550768938,0.0,-8240.578550768938
2025-06-03,XGB,p10,4061.367322762717,0.0,4061.367322762717,0.0,-4061.367322762717,551.0400000000001,0.0,918.4430903189852,2818.644752897305,0.0,False,False,False,12301.945873531655,0.0,-12301.945873531655
2025-06-04,XGB,p10,1537.3005461527237,0.0,1537.3005461527237,0.0,-1537.3005461527237,27.764,0.0,1048.8578959951535,557.9620117961808,0.0,False,False,False,13839.24641968438,0.0,-13839.24641968438
2025-06-05,XGB,p10,716.0765746607036,0.0,716.0765746607036,0.0,-716.0765746607036,336.5580842893281,0.0,0.0,485.9667453780658,0.0,False,False,True,14555.322994345082,0.0,-14555.322994345082
2025-06-06,XGB,p10,1586.226457045518,0.0,1586.226457045518,0.0,-1586.226457045518,236.15889235644167,0.0,1216.2886218285162,243.97313980084343,0.0,False,False,True,16141.5494513906,0.0,-16141.5494513906
2025-06-07,XGB,p10,321.8211262042283,0.0,321.8211262042283,0.0,-321.8211262042283,529.6309415390002,0.0,0.0,2.3713041728937143,0.0,False,False,True,16463.37057759483,0.0,-16463.37057759483
2025-06-08,XGB,p10,1028.3446441270928,0.0,1028.3446441270928,0.0,-1028.3446441270928,457.925,0.0,269.92200002491364,461.1722382084966,0.0,False,False,True,17491.715221721923,0.0,-17491.715221721923
2025-06-09,XGB,p10,1157.2771914688988,0.0,1157.2771914688988,0.0,-1157.2771914688988,0.0,0.0,0.0,1203.557678357319,0.0,False,False,False,18648.992413190823,0.0,-18648.992413190823
2025-06-10,XGB,p10,1284.0566711195922,0.0,1284.0566711195922,0.0,-1284.0566711195922,225.32767347835636,0.0,0.0,1167.6860761630094,0.0,False,False,True,19933.049084310416,0.0,-19933.049084310416
2025-06-11,XGB,p10,2029.0307667320208,0.0,2029.0307667320208,0.0,-2029.0307667320208,41.43833223124842,0.0,568.4579631414645,1508.7050090541736,0.0,False,False,True,21962.079851042436,0.0,-21962.079851042436
2025-06-12,XGB,p10,4655.772412952593,0.0,4655.772412952593,0.0,-4655.772412952593,603.356,0.0,406.3374089165618,3927.945911944615,0.0,False,False,False,26617.852263995028,0.0,-26617.852263995028
2025-06-13,XGB,p10,2327.934427881689,0.0,2327.934427881689,0.0,-2327.934427881689,581.779,0.0,0.0,2038.8135753578397,0.0,False,False,False,28945.786691876718,0.0,-28945.786691876718
2025-06-14,XGB,p10,2242.289223410253,0.0,2242.289223410253,0.0,-2242.289223410253,0.0,0.0,0.0,2305.6286087035055,0.0,False,False,False,31188.075915286972,0.0,-31188.075915286972
2025-06-15,XGB,p10,2869.2591694201715,0.0,2869.2591694201715,0.0,-2869.2591694201715,609.861,0.0,0.0,2498.5676373458755,0.0,False,False,False,34057.33508470714,0.0,-34057.33508470714
2025-06-16,XGB,p10,371.7374422904138,0.0,371.7374422904138,0.0,-371.7374422904138,0.0,0.0,0.0,450.30800166996426,0.0,False,False,False,34429.07252699755,0.0,-34429.07252699755
2025-06-17,XGB,p10,2763.184238173224,0.0,2763.184238173224,0.0,-2763.184238173224,2469.3790112640895,0.0,0.0,726.6854164007851,0.0,False,False,True,37192.25676517078,0.0,-37192.25676517078
2025-06-18,XGB,p10,1347.1226469845278,0.0,1347.1226469845278,0.0,-1347.1226469845278,559.1952552116302,0.0,465.1849247645964,524.5450805805249,0.0,False,False,False,38539.37941215531,0.0,-38539.37941215531
2025-06-19,XGB,p10,3017.6916367997087,0.0,3017.6916367997087,0.0,-3017.6916367997087,1374.226,0.0,0.0,1970.6705150821167,0.0,False,False,False,41557.07104895502,0.0,-41557.07104895502
2025-06-20,XGB,p10,1643.3229268588525,0.0,1643.3229268588525,0.0,-1643.3229268588525,1023.332,0.0,0.0,939.1532073963208,0.0,False,False,False,43200.39397581387,0.0,-43200.39397581387
2025-06-21,XGB,p10,1947.5138440639996,0.0,1947.5138440639996,0.0,-1947.5138440639996,543.2977938766353,0.0,0.0,1556.7249342216494,0.0,False,False,True,45147.90781987787,0.0,-45147.90781987787
2025-06-22,XGB,p10,4104.735469761595,0.0,4104.735469761595,0.0,-4104.735469761595,1388.728,0.0,547.3679799830677,2453.807554541581,0.0,False,False,False,49252.64328963947,0.0,-49252.64328963947
2025-06-23,XGB,p10,4071.260132605568,0.0,4071.260132605568,0.0,-4071.260132605568,681.503,0.0,0.0,3637.969791738909,0.0,False,False,False,53323.903422245035,0.0,-53323.903422245035
2025-06-24,XGB,p10,3931.178079060642,0.0,3931.178079060642,0.0,-3931.178079060642,0.0,0.0,0.0,4018.6623705628112,0.0,False,False,False,57255.08150130568,0.0,-57255.08150130568
2025-06-25,XGB,p10,2693.8740260175055,0.0,2693.8740260175055,0.0,-2693.8740260175055,764.675,0.0,0.0,2113.917149941761,0.0,False,False,True,59948.95552732318,0.0,-59948.95552732318
2025-06-26,XGB,p10,3230.2691148605863,0.0,3230.2691148605863,0.0,-3230.2691148605863,313.7233147495974,0.0,1010.574083846726,2070.583617879584,0.0,False,False,False,63179.22464218377,0.0,-63179.22464218377
2025-06-27,XGB,p10,2277.4409441668804,0.0,2277.4409441668804,0.0,-2277.4409441668804,0.0,0.0,36.76579338510334,2334.331638681815,0.0,False,False,True,65456.66558635065,0.0,-65456.66558635065
2025-06-28,XGB,p10,1290.1885504638003,0.0,1290.1885504638003,0.0,-1290.1885504638003,24.612412071915426,0.0,705.5289197353798,616.3915364263622,0.0,False,False,False,66746.85413681445,0.0,-66746.85413681445
2025-06-29,XGB,p10,756.1303648076067,0.0,756.1303648076067,0.0,-756.1303648076067,0.0,0.0,15.981173553466812,793.8943944981578,0.0,False,False,True,67502.98450162206,0.0,-67502.98450162206
2025-06-30,XGB,p10,2083.964651231675,0.0,2083.964651231675,0.0,-2083.964651231675,570.1222715734855,0.0,461.98055781791817,1219.2073836626982,0.0,False,False,True,69586.94915285373,0.0,-69586.94915285373
2025-07-01,XGB,p10,2135.7844698444715,0.0,2135.7844698444715,0.0,-2135.7844698444715,878.071,0.0,218.8353643738485,1368.3173802810015,0.0,False,False,True,71722.7336226982,0.0,-71722.7336226982
2025-07-02,XGB,p10,1719.643338132115,0.0,1719.643338132115,0.0,-1719.643338132115,119.8597767290994,0.0,0.0,1706.662292011156,0.0,False,False,False,73442.37696083031,0.0,-73442.37696083031
2025-07-03,XGB,p10,403.974641025387,0.0,403.974641025387,0.0,-403.974641025387,0.0,0.0,11.302985937193604,449.7564151286742,0.0,False,False,True,73846.3516018557,0.0,-73846.3516018557
2025-07-04,XGB,p10,2130.4737427071027,0.0,2130.4737427071027,0.0,-2130.4737427071027,606.892,0.0,925.3179567367722,862.9389871557302,0.0,False,False,True,75976.8253445628,0.0,-75976.8253445628
2025-07-05,XGB,p10,2714.050517181929,0.0,2714.050517181929,0.0,-2714.050517181929,0.0,0.0,0.0,2773.6186583362037,0.0,False,False,True,78690.87586174473,0.0,-78690.87586174473
2025-07-06,XGB,p10,2213.082878356481,0.0,2213.082878356481,0.0,-2213.082878356481,251.49910056976933,0.0,2048.7554641311744,7.127111763982364,0.0,False,False,True,80903.95874010121,0.0,-80903.95874010121
2025-07-07,XGB,p10,275.17046200276803,0.0,275.17046200276803,0.0,-275.17046200276803,0.0,0.0,20.5549501727842,335.6299748368381,0.0,False,False,True,81179.12920210398,0.0,-81179.12920210398
2025-07-08,XGB,p10,1168.348420768483,0.0,1168.348420768483,0.0,-1168.348420768483,0.0,0.0,212.88098159954697,1030.2873747728477,0.0,False,False,True,82347.47762287247,0.0,-82347.47762287247
2025-07-09,XGB,p10,419.0949600659017,0.0,419.0949600659017,0.0,-419.0949600659017,0.0,0.0,472.0115306758884,0.0,0.0,False,False,True,82766.57258293837,0.0,-82766.57258293837
2025-07-10,XGB,p10,454.7163120439667,0.0,454.7163120439667,0.0,-454.7163120439667,113.93899999999996,0.0,377.0254354284723,274.6025267850365,0.0,False,False,True,83221.28889498234,0.0,-83221.28889498234
2025-07-11,XGB,p10,632.8316354577601,0.0,632.8316354577601,0.0,-632.8316354577601,0.0,0.0,0.0,707.524744364055,0.0,False,False,False,83854.1205304401,0.0,-83854.1205304401
2025-07-12,XGB,p10,1778.7631644307564,0.0,1778.7631644307564,0.0,-1778.7631644307564,785.0861758534422,0.0,0.0,1429.3677448416106,0.0,False,False,True,85632.88369487085,0.0,-85632.88369487085
2025-07-13,XGB,p10,832.3204778830382,0.0,832.3204778830382,0.0,-832.3204778830382,0.0,0.0,86.37677542179284,820.0118696172796,0.0,False,False,False,86465.20417275389,0.0,-86465.20417275389
2025-07-14,XGB,p10,1444.6210395014336,0.0,1444.6210395014336,0.0,-1444.6210395014336,0.0,0.0,1107.7505361253443,434.0150536588826,0.0,False,False,True,87909.82521225532,0.0,-87909.82521225532
2025-07-15,XGB,p10,110.98680010821668,0.0,110.98680010821668,0.0,-110.98680010821668,59.45545024604047,0.0,355.1281447743429,2.2235480555329064,5.815271962124514,False,False,True,88020.81201236355,0.0,-88020.81201236355
2025-07-16,XGB,p10,1369.2481292000653,0.0,1369.2481292000653,0.0,-1369.2481292000653,0.0,0.0,94.89214174342747,1382.0223751213914,0.0,False,False,False,89390.0601415636,0.0,-89390.0601415636
2025-07-17,XGB,p10,1451.1405504472164,0.0,1451.1405504472164,0.0,-1451.1405504472164,0.0,0.0,981.185771739367,557.8329331043136,0.0,False,False,True,90841.20069201083,0.0,-90841.20069201083
2025-07-18,XGB,p10,-44.429334357284624,0.0,-44.429334357284624,0.0,44.429334357284624,118.2074508187959,0.0,0.0,114.49787367439151,0.0,False,False,True,90796.77135765355,0.0,-90796.77135765355
2025-07-19,XGB,p10,2754.0830601259445,0.0,2754.0830601259445,0.0,-2754.0830601259445,0.0,0.0,66.33737005615235,2791.798407678845,0.0,False,False,False,93550.8544177795,0.0,-93550.8544177795
2025-07-20,XGB,p10,3361.2177142078203,0.0,3361.2177142078203,0.0,-3361.2177142078203,0.0,0.0,1996.1964070928464,1462.270053701602,0.0,False,False,False,96912.07213198731,0.0,-96912.07213198731
2025-07-21,XGB,p10,1554.4082338586643,0.0,1554.4082338586643,0.0,-1554.4082338586643,0.0,0.0,69.771132069669,1587.6819674860112,0.0,False,False,False,98466.48036584597,0.0,-98466.48036584597
2025-07-22,XGB,p10,2365.0951553280684,0.0,2365.0951553280684,0.0,-2365.0951553280684,0.0,0.0,1516.8130055390634,943.1184693911366,0.0,False,False,False,100831.57552117403,0.0,-100831.57552117403
2025-07-23,XGB,p10,2232.281774036239,0.0,2232.281774036239,0.0,-2232.281774036239,0.0,0.0,1012.9478319427068,1311.023333287096,0.0,False,False,False,103063.85729521027,0.0,-103063.85729521027
2025-07-24,XGB,p10,1420.0357436230995,0.0,1420.0357436230995,0.0,-1420.0357436230995,0.0,0.0,878.6426334068054,659.7321239734141,0.0,False,False,False,104483.89303883337,0.0,-104483.89303883337
2025-07-25,XGB,p10,688.0391122394086,0.0,688.0391122394086,0.0,-688.0391122394086,0.0,0.0,659.6466145758891,126.4615142548796,0.0,False,False,False,105171.93215107278,0.0,-105171.93215107278
2025-07-26,XGB,p10,106.14222036991144,0.0,106.14222036991144,0.0,-106.14222036991144,0.0,0.0,0.0,159.1449087706694,0.0,False,False,True,105278.0743714427,0.0,-105278.0743714427
2025-07-27,XGB,p10,-335.2417433191154,0.0,-335.2417433191154,0.0,335.2417433191154,-181.89281162488,0.0,0.0,113.6352188572247,0.0,False,False,True,104942.83262812358,0.0,-104942.83262812358
2025-07-28,XGB,p10,-44.80120000000001,0.0,-44.80120000000001,0.0,44.80120000000001,0.0,0.0,0.0,0.0,0.0,False,False,True,104898.03142812358,0.0,-104898.03142812358
2025-07-29,XGB,p10,392.58332241347335,0.0,392.58332241347335,0.0,-392.58332241347335,492.8248913827399,0.0,0.0,41.31142050775854,0.0,False,False,True,105290.61475053705,0.0,-105290.61475053705
2025-07-30,XGB,p10,504.6096402720671,0.0,504.6096402720671,0.0,-504.6096402720671,0.0,0.0,46.21393576812745,515.2353986214509,0.0,False,False,False,105795.22439080912,0.0,-105795.22439080912
2025-07-31,XGB,p10,2189.6031160111115,0.0,2189.6031160111115,0.0,-2189.6031160111115,0.0,0.0,1088.6302828486846,1196.9989073649294,0.0,False,False,False,107984.82750682023,0.0,-107984.82750682023
2025-05-31,XGB,p30,643.6118192010558,0.0,643.6118192010558,0.0,-643.6118192010558,0.0,0.0,0.0,653.3297809119811,0.0,False,False,False,643.6118192010558,0.0,-643.6118192010558
2025-06-01,XGB,p30,2660.6304804307288,0.0,2660.6304804307288,0.0,-2660.6304804307288,0.0,0.0,272.181387384373,2452.7484913604853,0.0,False,False,False,3304.2422996317846,0.0,-3304.2422996317846
2025-06-02,XGB,p30,9113.975581762406,0.0,9113.975581762406,0.0,-9113.975581762406,688.84,0.0,4435.138398109437,4265.956961893165,0.0,False,False,False,12418.21788139419,0.0,-12418.21788139419
2025-06-03,XGB,p30,5166.176979201289,0.0,5166.176979201289,0.0,-5166.176979201289,548.88,0.0,1923.1437598074515,2917.972418905841,0.0,False,False,True,17584.39486059548,0.0,-17584.39486059548
2025-06-04,XGB,p30,2962.7389071950643,0.0,2962.7389071950643,0.0,-2962.7389071950643,410.2049999999999,0.0,2168.10879056054,716.1692131671506,0.0,False,False,False,20547.133767790543,0.0,-20547.133767790543
2025-06-05,XGB,p30,3479.2670202810436,0.0,3479.2670202810436,0.0,-3479.2670202810436,0.0,0.0,123.8597864142752,3469.3516272816173,0.0,False,False,False,24026.400788071587,0.0,-24026.400788071587
2025-06-06,XGB,p30,5380.202834622849,0.0,5380.202834622849,0.0,-5380.202834622849,537.559,0.0,3223.204806790466,1876.8994324477308,0.0,False,False,False,29406.603622694434,0.0,-29406.603622694434
2025-06-07,XGB,p30,1692.451590829398,0.0,1692.451590829398,0.0,-1692.451590829398,0.0,0.0,76.28974233673401,1697.9810945948489,0.0,False,False,False,31099.055213523832,0.0,-31099.055213523832
2025-06-08,XGB,p30,2161.1650910153885,0.0,2161.1650910153885,0.0,-2161.1650910153885,418.842,0.0,1570.7138947273456,349.6501993016685,0.0,False,False,True,33260.22030453922,0.0,-33260.22030453922
2025-06-09,XGB,p30,1483.771872924774,0.0,1483.771872924774,0.0,-1483.771872924774,388.7190000000001,0.0,24.926959167480465,1203.557678357319,0.0,False,False,False,34743.992177463995,0.0,-34743.992177463995
2025-06-10,XGB,p30,3235.1199729823707,0.0,3235.1199729823707,0.0,-3235.1199729823707,0.0,0.0,2012.798129183764,1293.1799546498298,0.0,False,False,False,37979.112150446366,0.0,-37979.112150446366
2025-06-11,XGB,p30,2244.6467380443455,0.0,2244.6467380443455,0.0,-2244.6467380443455,1133.4326554927684,0.0,0.0,1346.7141515720928,0.0,False,False,True,40223.75888849071,0.0,-40223.75888849071
2025-06-12,XGB,p30,4342.681743761266,0.0,4342.681743761266,0.0,-4342.681743761266,798.187,0.0,0.0,3939.313323337896,0.0,False,False,True,44566.44063225198,0.0,-44566.44063225198
2025-06-13,XGB,p30,2300.050827843839,0.0,2300.050827843839,0.0,-2300.050827843839,387.13699999999994,0.0,105.39706861267196,2045.518497066876,0.0,False,False,True,46866.491460095815,0.0,-46866.491460095815
2025-06-14,XGB,p30,7167.289305532288,0.0,7167.289305532288,0.0,-7167.289305532288,731.5419999999999,0.0,2537.9206288111313,4270.05402096678,0.0,False,False,False,54033.7807656281,0.0,-54033.7807656281
2025-06-15,XGB,p30,2821.449514264699,0.0,2821.449514264699,0.0,-2821.449514264699,752.279,0.0,0.0,2342.3950752622013,0.0,False,False,False,56855.2302798928,0.0,-56855.2302798928
2025-06-16,XGB,p30,478.22301162413754,0.0,478.22301162413754,0.0,-478.22301162413754,665.5640000000001,0.0,0.0,48.849755831412345,0.0,False,False,True,57333.45329151694,0.0,-57333.45329151694
2025-06-17,XGB,p30,1006.9729316662792,0.0,1006.9729316662792,0.0,-1006.9729316662792,771.1812952035156,0.0,0.0,613.2473568832495,0.0,False,False,True,58340.42622318322,0.0,-58340.42622318322
2025-06-18,XGB,p30,106.06267059444008,0.0,106.06267059444008,0.0,-106.06267059444008,0.0,0.0,0.0,164.76985092513556,0.0,False,False,True,58446.488893777656,0.0,-58446.488893777656
2025-06-19,XGB,p30,1277.0440279657646,0.0,1277.0440279657646,0.0,-1277.0440279657646,1129.224142179512,0.0,0.0,387.005057612117,0.0,False,False,True,59723.53292174342,0.0,-59723.53292174342
2025-06-20,XGB,p30,116.26982132691592,0.0,116.26982132691592,0.0,-116.26982132691592,0.0,0.0,0.0,165.91780390275116,0.0,False,False,True,59839.80274307034,0.0,-59839.80274307034
2025-06-21,XGB,p30,567.7815564502937,0.0,567.7815564502937,0.0,-567.7815564502937,654.6550869354511,0.0,0.0,165.05455911996373,0.0,False,False,True,60407.58429952063,0.0,-60407.58429952063
2025-06-22,XGB,p30,3453.4401554994984,0.0,3453.4401554994984,0.0,-3453.4401554994984,0.0,0.0,0.0,3534.159428633198,0.0,False,False,False,63861.02445502013,0.0,-63861.02445502013
2025-06-23,XGB,p30,6570.391911434033,0.0,6570.391911434033,0.0,-6570.391911434033,423.0,0.0,155.14963505935668,6150.499697713009,0.0,False,False,False,70431.41636645417,0.0,-70431.41636645417
2025-06-24,XGB,p30,7147.482415660881,0.0,7147.482415660881,0.0,-7147.482415660881,0.0,0.0,4563.686238871689,2669.9778690845797,0.0,False,False,False,77578.89878211505,0.0,-77578.89878211505
2025-06-25,XGB,p30,2605.090797055523,0.0,2605.090797055523,0.0,-2605.090797055523,148.935,0.0,0.0,2584.5449852963616,0.0,False,False,False,80183.98957917058,0.0,-80183.98957917058
2025-06-26,XGB,p30,2265.686032162664,0.0,2265.686032162664,0.0,-2265.686032162664,-50.77600000000001,0.0,0.0,2666.627545529791,0.0,False,False,False,82449.67561133324,0.0,-82449.67561133324
2025-06-27,XGB,p30,2921.9948171181095,0.0,2921.9948171181095,0.0,-2921.9948171181095,0.0,0.0,63.83220507812499,2972.840170763172,0.0,False,False,False,85371.67042845135,0.0,-85371.67042845135
2025-06-28,XGB,p30,4844.126089890314,0.0,4844.126089890314,0.0,-4844.126089890314,346.808,0.0,3483.538546269634,1122.4930670242982,0.0,False,False,False,90215.79651834167,0.0,-90215.79651834167
2025-06-29,XGB,p30,1151.7406952235417,0.0,1151.7406952235417,0.0,-1151.7406952235417,714.6060000000001,0.0,0.0,683.6090360674118,0.0,False,False,False,91367.53721356521,0.0,-91367.53721356521
2025-06-30,XGB,p30,5305.227439764112,0.0,5305.227439764112,0.0,-5305.227439764112,0.0,0.0,0.0,5442.85863264952,0.0,False,False,False,96672.76465332933,0.0,-96672.76465332933
2025-07-01,XGB,p30,1819.083770645405,0.0,1819.083770645405,0.0,-1819.083770645405,1644.1684858688243,0.0,0.0,386.48130364800994,0.0,False,False,True,98491.84842397473,0.0,-98491.84842397473
2025-07-02,XGB,p30,2344.5026937343073,0.0,2344.5026937343073,0.0,-2344.5026937343073,312.562,0.0,0.0,2335.6148386559735,0.0,False,False,False,100836.35111770904,0.0,-100836.35111770904
2025-07-03,XGB,p30,1196.7962202581325,0.0,1196.7962202581325,0.0,-1196.7962202581325,275.41400000000004,0.0,0.0,1276.2735861375922,0.0,False,False,False,102033.14733796717,0.0,-102033.14733796717
2025-07-04,XGB,p30,1776.7061457516072,0.0,1776.7061457516072,0.0,-1776.7061457516072,830.207,0.0,0.0,1253.1277882322834,0.0,False,False,False,103809.85348371878,0.0,-103809.85348371878
2025-07-05,XGB,p30,4193.126063319126,0.0,4193.126063319126,0.0,-4193.126063319126,569.362,0.0,0.0,3930.89315404688,0.0,False,False,True,108002.9795470379,0.0,-108002.9795470379
2025-07-06,XGB,p30,5994.193565569069,0.0,5994.193565569069,0.0,-5994.193565569069,0.0,0.0,3298.781757613349,2776.931135426859,0.0,False,False,False,113997.17311260698,0.0,-113997.17311260698
2025-07-07,XGB,p30,728.9180229387543,0.0,728.9180229387543,0.0,-728.9180229387543,0.0,0.0,0.0,821.9264901466281,0.0,False,False,False,114726.09113554574,0.0,-114726.09113554574
2025-07-08,XGB,p30,4649.85937883043,0.0,4649.85937883043,0.0,-4649.85937883043,735.8710000000001,0.0,0.0,4149.644896066944,0.0,False,False,True,119375.95051437616,0.0,-119375.95051437616
2025-07-09,XGB,p30,937.4540947509574,0.0,937.4540947509574,0.0,-937.4540947509574,265.8222930838075,0.0,0.0,801.0312577542784,0.0,False,False,True,120313.40460912712,0.0,-120313.40460912712
2025-07-10,XGB,p30,810.2394228792451,0.0,810.2394228792451,0.0,-810.2394228792451,0.0,0.0,0.0,901.1756796846088,0.0,False,False,True,121123.64403200636,0.0,-121123.64403200636
2025-07-11,XGB,p30,735.1426040759839,0.0,735.1426040759839,0.0,-735.1426040759839,8.31751443686128,0.0,0.0,814.070060411971,0.0,False,False,True,121858.78663608234,0.0,-121858.78663608234
2025-07-12,XGB,p30,1417.698732653563,0.0,1417.698732653563,0.0,-1417.698732653563,517.615,0.0,0.0,1167.4618630893638,0.0,False,False,False,123276.4853687359,0.0,-123276.4853687359
2025-07-13,XGB,p30,397.4818039639837,0.0,397.4818039639837,0.0,-397.4818039639837,0.0,0.0,0.0,446.54282504083915,0.0,False,False,False,123673.96717269988,0.0,-123673.96717269988
2025-07-14,XGB,p30,798.4538030245818,0.0,798.4538030245818,0.0,-798.4538030245818,212.48687017199907,0.0,0.0,708.5269849219004,0.0,False,False,True,124472.42097572445,0.0,-124472.42097572445
2025-07-15,XGB,p30,845.8797558852368,0.0,845.8797558852368,0.0,-845.8797558852368,0.0,0.0,0.0,935.9752901012228,0.0,False,False,True,125318.30073160969,0.0,-125318.30073160969
2025-07-16,XGB,p30,1239.3736281902716,0.0,1239.3736281902716,0.0,-1239.3736281902716,25.854896552736783,0.0,0.0,1313.9063881421716,0.0,False,False,True,126557.67435979996,0.0,-126557.67435979996
2025-07-17,XGB,p30,608.5240979121803,0.0,608.5240979121803,0.0,-608.5240979121803,0.0,0.0,0.0,697.9328612715782,0.0,False,False,True,127166.19845771213,0.0,-127166.19845771213
2025-07-18,XGB,p30,448.6295167118259,0.0,448.6295167118259,0.0,-448.6295167118259,14.152938862382095,0.0,0.0,526.6966114007355,0.0,False,False,True,127614.82797442396,0.0,-127614.82797442396
2025-07-19,XGB,p30,3182.629615699753,0.0,3182.629615699753,0.0,-3182.629615699753,332.213,0.0,0.0,3164.066027373545,0.0,False,False,False,130797.45759012371,0.0,-130797.45759012371
2025-07-20,XGB,p30,2314.9060223484103,0.0,2314.9060223484103,0.0,-2314.9060223484103,0.0,0.0,0.0,2408.4968873569583,0.0,False,False,False,133112.3636124721,0.0,-133112.3636124721
2025-07-21,XGB,p30,905.957733587962,0.0,905.957733587962,0.0,-905.957733587962,303.34104414761225,0.0,0.0,741.0539695669439,0.0,False,False,True,134018.32134606008,0.0,-134018.32134606008
2025-07-22,XGB,p30,1124.2501687447184,0.0,1124.2501687447184,0.0,-1124.2501687447184,15.60161549507466,0.0,0.0,1186.3314473391129,0.0,False,False,True,135142.5715148048,0.0,-135142.5715148048
2025-07-23,XGB,p30,1278.630909055143,0.0,1278.630909055143,0.0,-1278.630909055143,0.0,0.0,0.0,1352.810362346188,0.0,False,False,True,136421.20242385994,0.0,-136421.20242385994
2025-07-24,XGB,p30,528.7017621072276,0.0,528.7017621072276,0.0,-528.7017621072276,80.50599999999997,0.0,0.0,729.9958591208474,0.0,False,False,False,136949.90418596717,0.0,-136949.90418596717
2025-07-25,XGB,p30,167.31404041431523,0.0,167.31404041431523,0.0,-167.31404041431523,60.42,0.0,0.0,197.25618460594916,0.0,False,False,True,137117.2182263815,0.0,-137117.2182263815
2025-07-26,XGB,p30,306.4860200264194,0.0,306.4860200264194,0.0,-306.4860200264194,329.0008790700904,0.0,0.0,334.24490586149926,0.0,False,False,True,137423.7042464079,0.0,-137423.7042464079
2025-07-27,XGB,p30,605.8405920755581,0.0,605.8405920755581,0.0,-605.8405920755581,0.0,0.0,0.0,686.3043256764731,0.0,False,False,True,138029.54483848345,0.0,-138029.54483848345
2025-07-28,XGB,p30,1391.1921753022898,0.0,1391.1921753022898,0.0,-1391.1921753022898,0.0,0.0,0.0,1502.4664032065652,0.0,False,False,True,139420.73701378572,0.0,-139420.73701378572
2025-07-29,XGB,p30,1873.0908966283912,0.0,1873.0908966283912,0.0,-1873.0908966283912,0.7682552377841069,0.0,1613.2533781235527,331.64835815564857,0.0,False,False,True,141293.8279104141,0.0,-141293.8279104141
2025-07-30,XGB,p30,132.07398723363048,0.0,132.07398723363048,0.0,-132.07398723363048,0.0,0.0,0.0,192.802524852094,0.0,False,False,True,141425.90189764774,0.0,-141425.90189764774
2025-07-31,XGB,p30,526.8020688755901,0.0,526.8020688755901,0.0,-526.8020688755901,52.65900000000005,-718.580339199619,0.0,1530.4836986271728,0.0,False,False,False,141952.70396652332,0.0,-141952.70396652332
2025-05-31,XGB,p50,643.6118192010558,0.0,643.6118192010558,0.0,-643.6118192010558,0.0,0.0,0.0,653.3297809119811,0.0,False,False,False,643.6118192010558,0.0,-643.6118192010558
2025-06-01,XGB,p50,2748.6692411878394,0.0,2748.6692411878394,0.0,-2748.6692411878394,0.0,0.0,159.46399536132813,2654.7986664070686,0.0,False,False,False,3392.281060388895,0.0,-3392.281060388895
2025-06-02,XGB,p50,10514.19055165138,0.0,10514.19055165138,0.0,-10514.19055165138,1053.2145244852177,0.0,5479.424929729275,4204.439841181488,0.0,False,False,False,13906.471612040275,0.0,-13906.471612040275
2025-06-03,XGB,p50,3030.0318420106537,0.0,3030.0318420106537,0.0,-3030.0318420106537,673.446,0.0,0.0,2708.998532140198,0.0,False,False,False,16936.50345405093,0.0,-16936.50345405093
2025-06-04,XGB,p50,1775.409698009261,0.0,1775.409698009261,0.0,-1775.409698009261,1396.8845732123352,0.0,0.0,750.5515849482849,0.0,False,False,True,18711.91315206019,0.0,-18711.91315206019
2025-06-05,XGB,p50,3263.148596499378,0.0,3263.148596499378,0.0,-3263.148596499378,443.385,0.0,0.0,3117.6430552582515,0.0,False,False,False,21975.06174855957,0.0,-21975.06174855957
2025-06-06,XGB,p50,2363.3733858348555,0.0,2363.3733858348555,0.0,-2363.3733858348555,784.477,0.0,0.0,1862.7546922329177,0.0,False,False,True,24338.435134394425,0.0,-24338.435134394425
2025-06-07,XGB,p50,963.9962739319232,0.0,963.9962739319232,0.0,-963.9962739319232,518.402,0.0,0.0,726.3681434350889,0.0,False,False,False,25302.43140832635,0.0,-25302.43140832635
2025-06-08,XGB,p50,529.614831929045,0.0,529.614831929045,0.0,-529.614831929045,0.0,0.0,0.0,542.660845270655,0.0,False,False,False,25832.046240255393,0.0,-25832.046240255393
2025-06-09,XGB,p50,732.9101318433208,0.0,732.9101318433208,0.0,-732.9101318433208,129.3563929158615,0.0,0.0,687.2308947299537,0.0,False,False,True,26564.956372098713,0.0,-26564.956372098713
2025-06-10,XGB,p50,1256.8804406347,0.0,1256.8804406347,0.0,-1256.8804406347,7.03568882731474,0.0,0.0,1313.2555926808825,0.0,False,False,True,27821.836812733414,0.0,-27821.836812733414
2025-06-11,XGB,p50,1558.243085820514,0.0,1558.243085820514,0.0,-1558.243085820514,17.018,0.0,0.0,1629.6488896885344,0.0,False,False,True,29380.07989855393,0.0,-29380.07989855393
2025-06-12,XGB,p50,4328.426243761266,0.0,4328.426243761266,0.0,-4328.426243761266,738.24,0.0,0.0,3939.313323337896,0.0,False,False,False,33708.50614231519,0.0,-33708.50614231519
2025-06-13,XGB,p50,2214.9003385290625,0.0,2214.9003385290625,0.0,-2214.9003385290625,260.096,0.0,0.0,2059.119291082646,0.0,False,False,False,35923.406480844256,0.0,-35923.406480844256
2025-06-14,XGB,p50,3475.777385802943,0.0,3475.777385802943,0.0,-3475.777385802943,730.7539999999999,0.0,0.0,3028.804400555541,0.0,False,False,False,39399.1838666472,0.0,-39399.1838666472
2025-06-15,XGB,p50,2422.2560314384086,0.0,2422.2560314384086,0.0,-2422.2560314384086,0.0,0.0,0.0,2502.4612632003264,0.0,False,False,False,41821.43989808561,0.0,-41821.43989808561
2025-06-16,XGB,p50,964.101736566792,0.0,964.101736566792,0.0,-964.101736566792,678.5459999999999,0.0,0.0,450.30800166996426,0.0,False,False,True,42785.54163465241,0.0,-42785.54163465241
2025-06-17,XGB,p50,557.398713279154,0.0,557.398713279154,0.0,-557.398713279154,85.70147085238524,0.0,0.0,554.6251641826473,0.0,False,False,True,43342.94034793156,0.0,-43342.94034793156
2025-06-18,XGB,p50,3076.3433980261316,0.0,3076.3433980261316,0.0,-3076.3433980261316,835.7,0.0,0.0,2539.598760795622,0.0,False,False,False,46419.28374595769,0.0,-46419.28374595769
2025-06-19,XGB,p50,3209.1683728975227,0.0,3209.1683728975227,0.0,-3209.1683728975227,864.8974167176639,0.0,0.0,2585.222950265581,0.0,False,False,False,49628.45211885522,0.0,-49628.45211885522
2025-06-20,XGB,p50,1613.8949158874275,0.0,1613.8949158874275,0.0,-1613.8949158874275,892.8059999999999,0.0,0.0,1025.9998049486292,0.0,False,False,False,51242.34703474265,0.0,-51242.34703474265
2025-06-21,XGB,p50,1785.662909203052,0.0,1785.662909203052,0.0,-1785.662909203052,447.523801455286,0.0,0.0,1485.9916856670272,0.0,False,False,True,53028.0099439457,0.0,-53028.0099439457
2025-06-22,XGB,p50,5454.5623622705725,0.0,5454.5623622705725,0.0,-5454.5623622705725,1942.639,0.0,0.0,3892.35480985274,0.0,False,False,False,58482.57230621627,0.0,-58482.57230621627
2025-06-23,XGB,p50,7064.994783025296,0.0,7064.994783025296,0.0,-7064.994783025296,0.0,0.0,243.4734490966797,6906.863987827116,0.0,False,False,False,65547.56708924157,0.0,-65547.56708924157
2025-06-24,XGB,p50,6130.463361322085,0.0,6130.463361322085,0.0,-6130.463361322085,607.3810000000001,0.0,3738.0943385649502,1949.4281957039705,0.0,False,False,True,71678.03045056364,0.0,-71678.03045056364
2025-06-25,XGB,p50,4956.505560112991,0.0,4956.505560112991,0.0,-4956.505560112991,1044.627,0.0,3389.9598251607413,848.9648692611784,0.0,False,False,True,76634.53601067663,0.0,-76634.53601067663
2025-06-26,XGB,p50,2704.620290491286,0.0,2704.620290491286,0.0,-2704.620290491286,0.0,0.0,0.0,2816.053971092394,0.0,False,False,False,79339.15630116791,0.0,-79339.15630116791
2025-06-27,XGB,p50,2061.895648476211,0.0,2061.895648476211,0.0,-2061.895648476211,151.04900000000004,0.0,36.78147857666016,2152.216125691607,0.0,False,False,False,81401.05194964413,0.0,-81401.05194964413
2025-06-28,XGB,p50,4730.79050535043,0.0,4730.79050535043,0.0,-4730.79050535043,223.55,0.0,3218.2638773554836,1405.0929005121704,0.0,False,False,False,86131.84245499456,0.0,-86131.84245499456
2025-06-29,XGB,p50,1571.2497088466807,0.0,1571.2497088466807,0.0,-1571.2497088466807,535.1312508822083,0.0,0.0,1172.1243594007258,0.0,False,False,True,87703.09216384124,0.0,-87703.09216384124
2025-06-30,XGB,p50,2250.6403010659556,0.0,2250.6403010659556,0.0,-2250.6403010659556,766.3258168226018,0.0,0.0,1689.8301286817862,0.0,False,False,True,89953.7324649072,0.0,-89953.7324649072
2025-07-01,XGB,p50,1879.6414617895673,0.0,1879.6414617895673,0.0,-1879.6414617895673,777.262,0.0,0.0,1449.008428681235,0.0,False,False,True,91833.37392669676,0.0,-91833.37392669676
2025-07-02,XGB,p50,1018.1489547262892,0.0,1018.1489547262892,0.0,-1018.1489547262892,775.0920353327698,0.0,0.0,557.3614301190379,0.0,False,False,True,92851.52288142305,0.0,-92851.52288142305
2025-07-03,XGB,p50,645.7435203517492,0.0,645.7435203517492,0.0,-645.7435203517492,326.62180083784074,0.0,0.0,775.7832262109273,0.0,False,False,False,93497.2664017748,0.0,-93497.2664017748
2025-07-04,XGB,p50,2613.993011507012,0.0,2613.993011507012,0.0,-2613.993011507012,0.0,0.0,64.4714730834961,2651.844770374111,0.0,False,False,False,96111.25941328182,0.0,-96111.25941328182
2025-07-05,XGB,p50,9393.961565873207,0.0,9393.961565873207,0.0,-9393.961565873207,430.36,0.0,5628.031984619405,3492.1070978987705,0.0,False,False,False,105505.22097915503,0.0,-105505.22097915503
2025-07-06,XGB,p50,4801.528794024144,0.0,4801.528794024144,0.0,-4801.528794024144,511.667,0.0,0.0,4554.900980775146,0.0,False,False,False,110306.74977317917,0.0,-110306.74977317917
2025-07-07,XGB,p50,257.2681027232505,0.0,257.2681027232505,0.0,-257.2681027232505,52.51600000000002,0.0,0.0,462.09937449385103,0.0,False,False,False,110564.01787590241,0.0,-110564.01787590241
2025-07-08,XGB,p50,3813.1075656257567,0.0,3813.1075656257567,0.0,-3813.1075656257567,0.0,0.0,0.0,3940.3262300360984,0.0,False,False,False,114377.12544152817,0.0,-114377.12544152817
2025-07-09,XGB,p50,1122.924796260513,0.0,1122.924796260513,0.0,-1122.924796260513,478.52400000000006,0.0,0.0,801.0312577542784,0.0,False,False,True,115500.05023778869,0.0,-115500.05023778869
2025-07-10,XGB,p50,921.937081173542,0.0,921.937081173542,0.0,-921.937081173542,125.02249218156534,0.0,0.0,907.893748274622,0.0,False,False,True,116421.98731896223,0.0,-116421.98731896223
2025-07-11,XGB,p50,735.1426040759839,0.0,735.1426040759839,0.0,-735.1426040759839,8.31751443686128,0.0,0.0,814.070060411971,0.0,False,False,True,117157.12992303821,0.0,-117157.12992303821
2025-07-12,XGB,p50,1392.8991826535628,0.0,1392.8991826535628,0.0,-1392.8991826535628,509.5690000000001,0.0,0.0,1167.4618630893638,0.0,False,False,False,118550.02910569178,0.0,-118550.02910569178
2025-07-13,XGB,p50,458.7918642238313,0.0,458.7918642238313,0.0,-458.7918642238313,0.0,0.0,0.0,513.9495542586093,0.0,False,False,False,119008.82096991561,0.0,-119008.82096991561
2025-07-14,XGB,p50,917.468972456752,0.0,917.468972456752,0.0,-917.468972456752,347.7448966137288,0.0,0.0,708.5269849219004,0.0,False,False,True,119926.28994237237,0.0,-119926.28994237237
2025-07-15,XGB,p50,845.8797558852368,0.0,845.8797558852368,0.0,-845.8797558852368,0.0,0.0,0.0,935.9752901012228,0.0,False,False,True,120772.16969825761,0.0,-120772.16969825761
2025-07-16,XGB,p50,1239.3736281902716,0.0,1239.3736281902716,0.0,-1239.3736281902716,25.854896552736783,0.0,0.0,1313.9063881421716,0.0,False,False,True,122011.54332644788,0.0,-122011.54332644788
2025-07-17,XGB,p50,608.5240979121803,0.0,608.5240979121803,0.0,-608.5240979121803,0.0,0.0,0.0,697.9328612715782,0.0,False,False,True,122620.06742436005,0.0,-122620.06742436005
2025-07-18,XGB,p50,364.1025494983225,0.0,364.1025494983225,0.0,-364.1025494983225,14.152938862382031,0.0,0.0,434.1772350434076,0.0,False,False,True,122984.16997385837,0.0,-122984.16997385837
2025-07-19,XGB,p50,2754.8204462395497,0.0,2754.8204462395497,0.0,-2754.8204462395497,0.0,0.0,1773.6520232839257,1068.1504787172496,0.0,False,False,True,125738.99042009792,0.0,-125738.99042009792
2025-07-20,XGB,p50,2103.975539475592,0.0,2103.975539475592,0.0,-2103.975539475592,539.842,0.0,0.0,1843.0910771105223,0.0,False,False,False,127842.96595957351,0.0,-127842.96595957351
2025-07-21,XGB,p50,641.294668977157,0.0,641.294668977157,0.0,-641.294668977157,0.0,0.0,0.0,744.6408417782939,0.0,False,False,False,128484.26062855068,0.0,-128484.26062855068
2025-07-22,XGB,p50,1264.114573553855,0.0,1264.114573553855,0.0,-1264.114573553855,124.59343501668562,0.0,53.51884483210327,1186.3286996896857,0.0,False,False,True,129748.37520210454,0.0,-129748.37520210454
2025-07-23,XGB,p50,1278.630909055143,0.0,1278.630909055143,0.0,-1278.630909055143,0.0,0.0,0.0,1352.810362346188,0.0,False,False,True,131027.00611115967,0.0,-131027.00611115967
2025-07-24,XGB,p50,527.9281049526303,0.0,527.9281049526303,0.0,-527.9281049526303,80.50599999999997,0.0,0.0,730.8859069738211,0.0,False,False,False,131554.9342161123,0.0,-131554.9342161123
2025-07-25,XGB,p50,1094.7186319634495,0.0,1094.7186319634495,0.0,-1094.7186319634495,137.06214898488167,0.0,0.0,1267.7684410092993,0.0,False,False,True,132649.65284807576,0.0,-132649.65284807576
2025-07-26,XGB,p50,404.6232936478214,0.0,404.6232936478214,0.0,-404.6232936478214,381.3984404216653,0.0,0.0,369.0694166179066,0.0,False,False,False,133054.2761417236,0.0,-133054.2761417236
2025-07-27,XGB,p50,623.0898192754671,0.0,623.0898192754671,0.0,-623.0898192754671,0.0,0.0,0.0,709.8731126249322,0.0,False,False,True,133677.36596099904,0.0,-133677.36596099904
2025-07-28,XGB,p50,1641.565667356232,0.0,1641.565667356232,0.0,-1641.565667356232,0.0,0.0,0.0,1753.5993289733688,0.0,False,False,True,135318.93162835526,0.0,-135318.93162835526
2025-07-29,XGB,p50,616.973526470329,0.0,616.973526470329,0.0,-616.973526470329,9.902,0.0,0.0,677.9086400930865,0.0,False,False,True,135935.9051548256,0.0,-135935.9051548256
2025-07-30,XGB,p50,132.07398723363048,0.0,132.07398723363048,0.0,-132.07398723363048,0.0,0.0,0.0,192.802524852094,0.0,False,False,True,136067.97914205922,0.0,-136067.97914205922
2025-07-31,XGB,p50,429.9293248719707,0.0,429.9293248719707,0.0,-429.9293248719707,408.97100000000006,-1145.2928217560873,0.0,1602.1868444294553,0.0,False,False,False,136497.9084669312,0.0,-136497.9084669312
2025-05-31,XGB,p70,643.6118192010558,0.0,643.6118192010558,0.0,-643.6118192010558,0.0,0.0,0.0,653.3297809119811,0.0,False,False,False,643.6118192010558,0.0,-643.6118192010558
2025-06-01,XGB,p70,2598.5441438597277,0.0,2598.5441438597277,0.0,-2598.5441438597277,0.0,0.0,0.0,2664.2288191734447,0.0,False,False,False,3242.1559630607835,0.0,-3242.1559630607835
2025-06-02,XGB,p70,7985.238913288129,0.0,7985.238913288129,0.0,-7985.238913288129,662.499,0.0,4234.167221540885,3268.3493272322016,0.0,False,False,False,11227.394876348913,0.0,-11227.394876348913
2025-06-03,XGB,p70,4686.348614869568,0.0,4686.348614869568,0.0,-4686.348614869568,560.1600000000001,0.0,1622.4965709100393,2771.841261461484,0.0,False,False,False,15913.743491218482,0.0,-15913.743491218482
2025-06-04,XGB,p70,1647.1405679799625,0.0,1647.1405679799625,0.0,-1647.1405679799625,1143.0326596015716,0.0,0.0,844.3280801213657,0.0,False,False,False,17560.884059198444,0.0,-17560.884059198444
2025-06-05,XGB,p70,3263.148596499378,0.0,3263.148596499378,0.0,-3263.148596499378,443.385,0.0,0.0,3117.6430552582515,0.0,False,False,False,20824.03265569782,0.0,-20824.03265569782
2025-06-06,XGB,p70,2403.040492766073,0.0,2403.040492766073,0.0,-2403.040492766073,832.967427372512,0.0,0.0,1862.7546922329177,0.0,False,False,True,23227.073148463896,0.0,-23227.073148463896
2025-06-07,XGB,p70,941.1805239319232,0.0,941.1805239319232,0.0,-941.1805239319232,518.4320000000001,0.0,0.0,726.3681434350889,0.0,False,False,False,24168.25367239582,0.0,-24168.25367239582
2025-06-08,XGB,p70,529.614831929045,0.0,529.614831929045,0.0,-529.614831929045,0.0,0.0,0.0,542.660845270655,0.0,False,False,False,24697.868504324862,0.0,-24697.868504324862
2025-06-09,XGB,p70,802.6270259051656,0.0,802.6270259051656,0.0,-802.6270259051656,221.55548208900768,0.0,0.0,687.2308947299537,0.0,False,False,True,25500.49553023003,0.0,-25500.49553023003
2025-06-10,XGB,p70,1308.7694836889352,0.0,1308.7694836889352,0.0,-1308.7694836889352,437.014,0.0,0.0,1196.949533650991,0.0,False,False,False,26809.265013918965,0.0,-26809.265013918965
2025-06-11,XGB,p70,1900.3483471633167,0.0,1900.3483471633167,0.0,-1900.3483471633167,0.0,0.0,0.0,1993.39771040689,0.0,False,False,False,28709.61336108228,0.0,-28709.61336108228
2025-06-12,XGB,p70,1260.5053128862223,0.0,1260.5053128862223,0.0,-1260.5053128862223,508.7618320334351,0.0,0.0,901.2560942010418,0.0,False,False,True,29970.118673968504,0.0,-29970.118673968504
2025-06-13,XGB,p70,2300.236999914403,0.0,2300.236999914403,0.0,-2300.236999914403,606.155,0.0,0.0,2053.2381029813914,0.0,False,False,False,32270.355673882907,0.0,-32270.355673882907
2025-06-14,XGB,p70,7616.5093347079855,0.0,7616.5093347079855,0.0,-7616.5093347079855,0.0,0.0,0.0,7729.099741757875,0.0,False,False,False,39886.86500859089,0.0,-39886.86500859089
2025-06-15,XGB,p70,4676.204284773565,0.0,4676.204284773565,0.0,-4676.204284773565,607.061,0.0,2002.9314452759993,2285.05175742327,0.0,False,False,True,44563.06929336445,0.0,-44563.06929336445
2025-06-16,XGB,p70,2560.901090301104,0.0,2560.901090301104,0.0,-2560.901090301104,262.344,0.0,1564.9606417485124,860.8088734638624,0.0,False,False,False,47123.97038366555,0.0,-47123.97038366555
2025-06-17,XGB,p70,765.5947949764128,0.0,765.5947949764128,0.0,-765.5947949764128,309.374,0.0,0.0,554.7279253640278,0.0,False,False,True,47889.56517864197,0.0,-47889.56517864197
2025-06-18,XGB,p70,3179.5066161960044,0.0,3179.5066161960044,0.0,-3179.5066161960044,837.0847246781957,0.0,0.0,2642.599307315833,0.0,False,False,False,51069.071794837975,0.0,-51069.071794837975
2025-06-19,XGB,p70,3294.59559593958,0.0,3294.59559593958,0.0,-3294.59559593958,962.0924167176638,0.0,0.0,2585.222950265581,0.0,False,False,False,54363.667390777555,0.0,-54363.667390777555
2025-06-20,XGB,p70,2311.316829903294,0.0,2311.316829903294,0.0,-2311.316829903294,952.52,0.0,0.0,1672.4866367183006,0.0,False,False,False,56674.984220680846,0.0,-56674.984220680846
2025-06-21,XGB,p70,1798.46095244945,0.0,1798.46095244945,0.0,-1798.46095244945,615.077,0.0,0.0,1463.4877426502342,0.0,False,False,False,58473.4451731303,0.0,-58473.4451731303
2025-06-22,XGB,p70,2019.2623674070896,0.0,2019.2623674070896,0.0,-2019.2623674070896,0.0,0.0,0.0,2058.4286381528464,0.0,False,False,False,60492.70754053739,0.0,-60492.70754053739
2025-06-23,XGB,p70,5878.199242879209,0.0,5878.199242879209,0.0,-5878.199242879209,362.544,0.0,0.0,5655.088401067245,0.0,False,False,True,66370.9067834166,0.0,-66370.9067834166
2025-06-24,XGB,p70,3266.972713772068,0.0,3266.972713772068,0.0,-3266.972713772068,361.605,0.0,0.0,3038.8456811626916,0.0,False,False,True,69637.87949718867,0.0,-69637.87949718867
2025-06-25,XGB,p70,1445.2161284004892,0.0,1445.2161284004892,0.0,-1445.2161284004892,34.26122296302577,0.0,0.0,1509.4816770714608,0.0,False,False,True,71083.09562558915,0.0,-71083.09562558915
2025-06-26,XGB,p70,2753.761085500441,0.0,2753.761085500441,0.0,-2753.761085500441,67.54977655666623,0.0,0.0,2816.0321934515173,0.0,False,False,True,73836.8567110896,0.0,-73836.8567110896
2025-06-27,XGB,p70,2243.5163545788523,0.0,2243.5163545788523,0.0,-2243.5163545788523,0.0,0.0,0.0,2341.651713632056,0.0,False,False,True,76080.37306566845,0.0,-76080.37306566845
2025-06-28,XGB,p70,1057.3485838580518,0.0,1057.3485838580518,0.0,-1057.3485838580518,587.7710000000001,0.0,0.0,774.188329763722,0.0,False,False,False,77137.7216495265,0.0,-77137.7216495265
2025-06-29,XGB,p70,1283.4050202766405,0.0,1283.4050202766405,0.0,-1283.4050202766405,0.0,0.0,0.0,1342.8029181569268,0.0,False,False,False,78421.12666980314,0.0,-78421.12666980314
2025-06-30,XGB,p70,2693.067086841565,0.0,2693.067086841565,0.0,-2693.067086841565,1019.402,0.0,0.0,1868.931476374539,0.0,False,False,True,81114.1937566447,0.0,-81114.1937566447
2025-07-01,XGB,p70,262.1719120459442,0.0,262.1719120459442,0.0,-262.1719120459442,0.0,0.0,0.0,386.48130364800994,0.0,False,False,True,81376.36566869065,0.0,-81376.36566869065
2025-07-02,XGB,p70,1690.1407067705777,0.0,1690.1407067705777,0.0,-1690.1407067705777,42.533236702755424,0.0,0.0,1760.311670951551,0.0,False,False,True,83066.50637546122,0.0,-83066.50637546122
2025-07-03,XGB,p70,503.6878056963326,0.0,503.6878056963326,0.0,-503.6878056963326,278.9081607459908,0.0,0.0,715.4525721997232,0.0,False,False,True,83570.19418115755,0.0,-83570.19418115755
2025-07-04,XGB,p70,2611.8119828052295,0.0,2611.8119828052295,0.0,-2611.8119828052295,0.0,0.0,62.290444381713854,2651.844770374111,0.0,False,False,False,86182.00616396278,0.0,-86182.00616396278
2025-07-05,XGB,p70,5522.275055492702,0.0,5522.275055492702,0.0,-5522.275055492702,900.815,0.0,1397.9232351218732,3547.665986188053,0.0,False,False,False,91704.28121945549,0.0,-91704.28121945549
2025-07-06,XGB,p70,4046.02982521123,0.0,4046.02982521123,0.0,-4046.02982521123,812.927,0.0,160.84966955566406,3391.2571784279544,0.0,False,False,False,95750.31104466671,0.0,-95750.31104466671
2025-07-07,XGB,p70,568.0156886660543,0.0,568.0156886660543,0.0,-568.0156886660543,363.039,0.0,0.0,443.1029565371294,0.0,False,False,True,96318.32673333277,0.0,-96318.32673333277
2025-07-08,XGB,p70,3798.242936617126,0.0,3798.242936617126,0.0,-3798.242936617126,0.0,0.0,0.0,3922.838333520173,0.0,False,False,True,100116.5696699499,0.0,-100116.5696699499
2025-07-09,XGB,p70,803.1516040922827,0.0,803.1516040922827,0.0,-803.1516040922827,108.272,0.0,0.0,801.0312577542784,0.0,False,False,True,100919.72127404218,0.0,-100919.72127404218
2025-07-10,XGB,p70,813.2533965193733,0.0,813.2533965193733,0.0,-813.2533965193733,0.0,0.0,0.0,907.893748274622,0.0,False,False,True,101732.97467056155,0.0,-101732.97467056155
2025-07-11,XGB,p70,750.2164447342038,0.0,750.2164447342038,0.0,-750.2164447342038,8.31751443686128,0.0,0.0,832.131656223142,0.0,False,False,True,102483.19111529576,0.0,-102483.19111529576
2025-07-12,XGB,p70,1377.8993826535627,0.0,1377.8993826535627,0.0,-1377.8993826535627,509.393,0.0,0.0,1167.4618630893638,0.0,False,False,False,103861.09049794932,0.0,-103861.09049794932
2025-07-13,XGB,p70,548.7328672445525,0.0,548.7328672445525,0.0,-548.7328672445525,0.0,0.0,0.0,609.9978985922316,0.0,False,False,False,104409.82336519388,0.0,-104409.82336519388
2025-07-14,XGB,p70,969.1391741098522,0.0,969.1391741098522,0.0,-969.1391741098522,405.971,0.0,0.0,712.2764490070438,0.0,False,False,True,105378.96253930373,0.0,-105378.96253930373
2025-07-15,XGB,p70,845.8797558852368,0.0,845.8797558852368,0.0,-845.8797558852368,0.0,0.0,0.0,935.9752901012228,0.0,False,False,False,106224.84229518897,0.0,-106224.84229518897
2025-07-16,XGB,p70,2031.8520725068568,0.0,2031.8520725068568,0.0,-2031.8520725068568,56.854269601060274,0.0,0.0,2088.2589643827273,0.0,False,False,False,108256.69436769582,0.0,-108256.69436769582
2025-07-17,XGB,p70,695.0157383600598,0.0,695.0157383600598,0.0,-695.0157383600598,0.0,0.0,0.0,788.5302877654691,0.0,False,False,False,108951.71010605588,0.0,-108951.71010605588
2025-07-18,XGB,p70,474.3747060398976,0.0,474.3747060398976,0.0,-474.3747060398976,14.152938862382031,0.0,0.0,564.4134465122363,0.0,False,False,False,109426.08481209578,0.0,-109426.08481209578
2025-07-19,XGB,p70,3276.5003578103115,0.0,3276.5003578103115,0.0,-3276.5003578103115,338.079,0.0,0.0,3259.151347533145,0.0,False,False,False,112702.58516990609,0.0,-112702.58516990609
2025-07-20,XGB,p70,2346.6148162841328,0.0,2346.6148162841328,0.0,-2346.6148162841328,0.0,0.0,0.0,2442.950556552717,0.0,False,False,False,115049.19998619021,0.0,-115049.19998619021
2025-07-21,XGB,p70,944.429051475882,0.0,944.429051475882,0.0,-944.429051475882,339.46677206445844,0.0,0.0,760.8266436858863,0.0,False,False,False,115993.62903766609,0.0,-115993.62903766609
2025-07-22,XGB,p70,1132.628378084985,0.0,1132.628378084985,0.0,-1132.628378084985,15.601615495074558,0.0,0.0,1200.6679888398658,0.0,False,False,True,117126.25741575108,0.0,-117126.25741575108
2025-07-23,XGB,p70,1286.6084646225236,0.0,1286.6084646225236,0.0,-1286.6084646225236,0.0,0.0,0.0,1362.9131585310445,0.0,False,False,False,118412.8658803736,0.0,-118412.8658803736
2025-07-24,XGB,p70,527.0457621072277,0.0,527.0457621072277,0.0,-527.0457621072277,80.50599999999997,0.0,0.0,729.9958591208474,0.0,False,False,False,118939.91164248083,0.0,-118939.91164248083
2025-07-25,XGB,p70,135.07329470359156,0.0,135.07329470359156,0.0,-135.07329470359156,0.0,0.0,0.0,221.6916656228337,0.0,False,False,False,119074.98493718442,0.0,-119074.98493718442
2025-07-26,XGB,p70,686.1151189040855,0.0,686.1151189040855,0.0,-686.1151189040855,10.273802735673309,0.0,157.2014488788615,621.4365735459226,0.0,False,False,False,119761.1000560885,0.0,-119761.1000560885
2025-07-27,XGB,p70,620.3576635079341,0.0,620.3576635079341,0.0,-620.3576635079341,0.0,0.0,0.0,710.3846555717013,0.0,False,False,True,120381.45771959644,0.0,-120381.45771959644
2025-07-28,XGB,p70,1778.7656677695954,0.0,1778.7656677695954,0.0,-1778.7656677695954,0.0,0.0,0.0,1894.8519090369375,0.0,False,False,False,122160.22338736603,0.0,-122160.22338736603
2025-07-29,XGB,p70,609.8019063833847,0.0,609.8019063833847,0.0,-609.8019063833847,1.214510685465335,0.0,0.0,677.9086400930865,0.0,False,False,True,122770.02529374941,0.0,-122770.02529374941
2025-07-30,XGB,p70,166.68207076647226,0.0,166.68207076647226,0.0,-166.68207076647226,0.0,0.0,0.0,229.71315295365017,0.0,False,False,False,122936.70736451588,0.0,-122936.70736451588
2025-07-31,XGB,p70,424.4616720070087,0.0,424.4616720070087,0.0,-424.4616720070087,281.64900000000006,-989.190810704239,0.0,1530.4836986271728,0.0,False,False,False,123361.16903652289,0.0,-123361.16903652289
2025-05-31,XGB,p90,643.6118192010558,0.0,643.6118192010558,0.0,-643.6118192010558,0.0,0.0,0.0,653.3297809119811,0.0,False,False,False,643.6118192010558,0.0,-643.6118192010558
2025-06-01,XGB,p90,2598.5441438597277,0.0,2598.5441438597277,0.0,-2598.5441438597277,0.0,0.0,0.0,2664.2288191734447,0.0,False,False,False,3242.1559630607835,0.0,-3242.1559630607835
2025-06-02,XGB,p90,5859.725082668627,0.0,5859.725082668627,0.0,-5859.725082668627,849.677,0.0,414.6067605243777,4862.945043313206,0.0,False,False,False,9101.88104572941,0.0,-9101.88104572941
2025-06-03,XGB,p90,3714.948784587648,0.0,3714.948784587648,0.0,-3714.948784587648,646.23,0.0,335.0638661955615,2978.496202934417,0.0,False,False,True,12816.829830317058,0.0,-12816.829830317058
2025-06-04,XGB,p90,809.4320004492918,0.0,809.4320004492918,0.0,-809.4320004492918,326.1049999999999,0.0,0.0,822.1847887522459,0.0,False,False,False,13626.261830766349,0.0,-13626.261830766349
2025-06-05,XGB,p90,3137.0799330519253,0.0,3137.0799330519253,0.0,-3137.0799330519253,0.0,0.0,0.0,3238.92006786643,0.0,False,False,False,16763.341763818273,0.0,-16763.341763818273
2025-06-06,XGB,p90,7691.23848424971,0.0,7691.23848424971,0.0,-7691.23848424971,362.01199999999994,0.0,5800.624159869808,1648.101671993353,0.0,False,False,True,24454.580248067985,0.0,-24454.580248067985
2025-06-07,XGB,p90,1765.0213077104395,0.0,1765.0213077104395,0.0,-1765.0213077104395,923.3898274150912,0.0,0.0,1209.5728924780606,0.0,False,False,False,26219.601555778423,0.0,-26219.601555778423
2025-06-08,XGB,p90,983.8479476857686,0.0,983.8479476857686,0.0,-983.8479476857686,326.17600000000004,0.0,0.0,830.217404303395,0.0,False,False,False,27203.44950346419,0.0,-27203.44950346419
2025-06-09,XGB,p90,1709.6952003110027,0.0,1709.6952003110027,0.0,-1709.6952003110027,744.836,0.0,0.0,1211.1287846157186,0.0,False,False,False,28913.144703775193,0.0,-28913.144703775193
2025-06-10,XGB,p90,1269.1248566407426,0.0,1269.1248566407426,0.0,-1269.1248566407426,0.0,0.0,0.0,1331.9673780301566,0.0,False,False,False,30182.269560415934,0.0,-30182.269560415934
2025-06-11,XGB,p90,2030.8286740668252,0.0,2030.8286740668252,0.0,-2030.8286740668252,399.3911399749759,0.0,0.0,1772.739577374204,0.0,False,False,False,32213.09823448276,0.0,-32213.09823448276
2025-06-12,XGB,p90,4380.555474974786,0.0,4380.555474974786,0.0,-4380.555474974786,766.0229999999999,0.0,0.0,3985.02756754937,0.0,False,False,True,36593.65370945755,0.0,-36593.65370945755
2025-06-13,XGB,p90,2302.342304884362,0.0,2302.342304884362,0.0,-2302.342304884362,494.947,0.0,0.0,2053.2381029813914,0.0,False,False,False,38895.99601434191,0.0,-38895.99601434191
2025-06-14,XGB,p90,5689.5313109996205,0.0,5689.5313109996205,0.0,-5689.5313109996205,462.862,0.0,390.5700229090608,4999.549367555713,0.0,False,False,False,44585.52732534153,0.0,-44585.52732534153
2025-06-15,XGB,p90,3274.928844664312,0.0,3274.928844664312,0.0,-3274.928844664312,612.061,0.0,540.2405803171467,2379.5434322728697,0.0,False,False,False,47860.45617000584,0.0,-47860.45617000584
2025-06-16,XGB,p90,684.1019027382936,0.0,684.1019027382936,0.0,-684.1019027382936,903.384,0.0,0.0,48.849755831412345,0.0,False,False,True,48544.558072744134,0.0,-48544.558072744134
2025-06-17,XGB,p90,973.9687673204857,0.0,973.9687673204857,0.0,-973.9687673204857,720.6788697849526,0.0,0.0,613.2473568832495,0.0,False,False,True,49518.52684006462,0.0,-49518.52684006462
2025-06-18,XGB,p90,161.66354184890446,0.0,161.66354184890446,0.0,-161.66354184890446,0.0,0.0,0.0,220.86447767932037,0.0,False,False,True,49680.19038191352,0.0,-49680.19038191352
2025-06-19,XGB,p90,1283.5401082297676,0.0,1283.5401082297676,0.0,-1283.5401082297676,1137.665126695587,0.0,0.0,387.005057612117,0.0,False,False,True,50963.73049014329,0.0,-50963.73049014329
2025-06-20,XGB,p90,116.20937132691591,0.0,116.20937132691591,0.0,-116.20937132691591,0.0,0.0,0.0,165.91780390275116,0.0,False,False,True,51079.9398614702,0.0,-51079.9398614702
2025-06-21,XGB,p90,578.0993223404593,0.0,578.0993223404593,0.0,-578.0993223404593,665.2136639355565,0.0,0.0,165.05455911996373,0.0,False,False,True,51658.03918381066,0.0,-51658.03918381066
2025-06-22,XGB,p90,3763.407351746713,0.0,3763.407351746713,0.0,-3763.407351746713,0.0,0.0,0.0,3854.540455138437,0.0,False,False,False,55421.44653555737,0.0,-55421.44653555737
2025-06-23,XGB,p90,7336.18207132611,0.0,7336.18207132611,0.0,-7336.18207132611,423.0,0.0,0.0,7076.936514160528,0.0,False,False,False,62757.62860688348,0.0,-62757.62860688348
2025-06-24,XGB,p90,10395.031573672288,0.0,10395.031573672288,0.0,-10395.031573672288,0.0,0.0,6796.378942485735,3679.721906404527,0.0,False,False,False,73152.66018055577,0.0,-73152.66018055577
2025-06-25,XGB,p90,3337.8288917199807,0.0,3337.8288917199807,0.0,-3337.8288917199807,944.626993818979,0.0,0.0,2723.6784149714676,0.0,False,False,False,76490.48907227576,0.0,-76490.48907227576
2025-06-26,XGB,p90,2850.9463900344936,0.0,2850.9463900344936,0.0,-2850.9463900344936,1046.257,0.0,0.0,2243.420519739831,0.0,False,False,False,79341.43546231026,0.0,-79341.43546231026
2025-06-27,XGB,p90,2397.922639058126,0.0,2397.922639058126,0.0,-2397.922639058126,0.0,0.0,0.0,2499.7513156677546,0.0,False,False,False,81739.35810136839,0.0,-81739.35810136839
2025-06-28,XGB,p90,972.2201735083746,0.0,972.2201735083746,0.0,-972.2201735083746,593.719,0.0,0.0,726.5152579691469,0.0,False,False,False,82711.57827487677,0.0,-82711.57827487677
2025-06-29,XGB,p90,1736.3551192145287,0.0,1736.3551192145287,0.0,-1736.3551192145287,0.0,0.0,0.0,1803.831672212292,0.0,False,False,False,84447.93339409129,0.0,-84447.93339409129
2025-06-30,XGB,p90,10430.47533558544,0.0,10430.47533558544,0.0,-10430.47533558544,580.2620000000001,0.0,8729.451201377724,1407.162954698823,0.0,False,False,False,94878.40872967672,0.0,-94878.40872967672
2025-07-01,XGB,p90,3421.4219537671743,0.0,3421.4219537671743,0.0,-3421.4219537671743,2246.48,0.0,0.0,1555.0283268842095,0.0,False,False,False,98299.8306834439,0.0,-98299.8306834439
2025-07-02,XGB,p90,1678.8100876499068,0.0,1678.8100876499068,0.0,-1678.8100876499068,0.0,0.0,0.0,1787.170514226237,0.0,False,False,False,99978.64077109381,0.0,-99978.64077109381
2025-07-03,XGB,p90,1781.2989983796629,0.0,1781.2989983796629,0.0,-1781.2989983796629,423.944,0.0,0.0,1501.5300513211632,0.0,False,False,False,101759.93976947347,0.0,-101759.93976947347
2025-07-04,XGB,p90,2460.281075479807,0.0,2460.281075479807,0.0,-2460.281075479807,320.702,0.0,0.0,2279.317339198263,0.0,False,False,False,104220.22084495328,0.0,-104220.22084495328
2025-07-05,XGB,p90,4589.3220815165605,0.0,4589.3220815165605,0.0,-4589.3220815165605,565.401,0.0,0.0,4307.250744459471,0.0,False,False,False,108809.54292646983,0.0,-108809.54292646983
2025-07-06,XGB,p90,3251.100816428138,0.0,3251.100816428138,0.0,-3251.100816428138,0.0,0.0,0.0,3326.7615938992776,0.0,False,False,False,112060.64374289797,0.0,-112060.64374289797
2025-07-07,XGB,p90,640.9258181939219,0.0,640.9258181939219,0.0,-640.9258181939219,347.8850610429835,0.0,0.0,443.1029565371294,0.0,False,False,False,112701.56956109189,0.0,-112701.56956109189
2025-07-08,XGB,p90,3980.330404559743,0.0,3980.330404559743,0.0,-3980.330404559743,193.75389761335072,0.0,0.0,3940.3262300360984,0.0,False,False,False,116681.89996565164,0.0,-116681.89996565164
2025-07-09,XGB,p90,704.9207920442169,0.0,704.9207920442169,0.0,-704.9207920442169,0.0,0.0,0.0,801.0312577542784,0.0,False,False,False,117386.82075769585,0.0,-117386.82075769585
2025-07-10,XGB,p90,1674.319862815231,0.0,1674.319862815231,0.0,-1674.319862815231,37.92829652843344,0.0,0.0,1745.6580086667996,0.0,False,False,False,119061.14062051108,0.0,-119061.14062051108
2025-07-11,XGB,p90,809.9772497676546,0.0,809.9772497676546,0.0,-809.9772497676546,8.317514436861227,0.0,0.0,894.9976707772569,0.0,False,False,False,119871.11787027874,0.0,-119871.11787027874
2025-07-12,XGB,p90,1384.1675998249823,0.0,1384.1675998249823,0.0,-1384.1675998249823,505.359,0.0,0.0,1188.9856832132036,0.0,False,False,False,121255.28547010373,0.0,-121255.28547010373
2025-07-13,XGB,p90,522.05843249816,0.0,522.05843249816,0.0,-522.05843249816,0.0,0.0,0.0,583.0294500728152,0.0,False,False,False,121777.34390260189,0.0,-121777.34390260189
2025-07-14,XGB,p90,991.4507272279689,0.0,991.4507272279689,0.0,-991.4507272279689,405.971,0.0,0.0,737.3547224731694,0.0,False,False,False,122768.79462982986,0.0,-122768.79462982986
2025-07-15,XGB,p90,863.8895338972533,0.0,863.8895338972533,0.0,-863.8895338972533,21.372,0.0,0.0,935.9752901012228,0.0,False,False,False,123632.68416372711,0.0,-123632.68416372711
2025-07-16,XGB,p90,2031.8520725068568,0.0,2031.8520725068568,0.0,-2031.8520725068568,56.854269601060274,0.0,0.0,2088.2589643827273,0.0,False,False,False,125664.53623623397,0.0,-125664.53623623397
2025-07-17,XGB,p90,695.0157383600598,0.0,695.0157383600598,0.0,-695.0157383600598,0.0,0.0,0.0,788.5302877654691,0.0,False,False,False,126359.55197459403,0.0,-126359.55197459403
2025-07-18,XGB,p90,474.3747060398976,0.0,474.3747060398976,0.0,-474.3747060398976,14.152938862382031,0.0,0.0,564.4134465122363,0.0,False,False,False,126833.92668063393,0.0,-126833.92668063393
2025-07-19,XGB,p90,3268.604468590584,0.0,3268.604468590584,0.0,-3268.604468590584,332.213,0.0,0.0,3265.3978015935495,0.0,False,False,False,130102.53114922451,0.0,-130102.53114922451
2025-07-20,XGB,p90,2976.067340118049,0.0,2976.067340118049,0.0,-2976.067340118049,0.0,0.0,0.0,3080.1723224834486,0.0,False,False,False,133078.59848934255,0.0,-133078.59848934255
2025-07-21,XGB,p90,994.7351950964148,0.0,994.7351950964148,0.0,-994.7351950964148,397.7183396797428,0.0,0.0,760.8266436858863,0.0,False,False,False,134073.33368443896,0.0,-134073.33368443896
2025-07-22,XGB,p90,1602.3285813215084,0.0,1602.3285813215084,0.0,-1602.3285813215084,40.13982778029945,0.0,0.0,1656.4384807631543,0.0,False,False,False,135675.66226576047,0.0,-135675.66226576047
2025-07-23,XGB,p90,1286.6084646225236,0.0,1286.6084646225236,0.0,-1286.6084646225236,0.0,0.0,0.0,1362.9131585310445,0.0,False,False,False,136962.270730383,0.0,-136962.270730383
2025-07-24,XGB,p90,527.0457621072277,0.0,527.0457621072277,0.0,-527.0457621072277,80.50599999999997,0.0,0.0,729.9958591208474,0.0,False,False,False,137489.31649249024,0.0,-137489.31649249024
2025-07-25,XGB,p90,185.4066287396409,0.0,185.4066287396409,0.0,-185.4066287396409,60.42,0.0,0.0,221.6916656228337,0.0,False,False,False,137674.72312122988,0.0,-137674.72312122988
2025-07-26,XGB,p90,-31.662061938968787,0.0,-31.662061938968787,0.0,31.662061938968787,-200.55600000000004,0.0,0.0,521.805240648292,0.0,False,False,False,137643.06105929092,0.0,-137643.06105929092
2025-07-27,XGB,p90,825.8130404263754,0.0,825.8130404263754,0.0,-825.8130404263754,0.0,0.0,0.0,919.8672759446648,0.0,False,False,False,138468.8740997173,0.0,-138468.8740997173
2025-07-28,XGB,p90,2188.4993530118277,0.0,2188.4993530118277,0.0,-2188.4993530118277,486.021463285208,0.0,0.0,1894.8519090369375,0.0,False,False,False,140657.37345272914,0.0,-140657.37345272914
2025-07-29,XGB,p90,710.369508962999,0.0,710.369508962999,0.0,-710.369508962999,0.0,0.0,0.0,782.8392442618858,0.0,False,False,False,141367.74296169213,0.0,-141367.74296169213
2025-07-30,XGB,p90,166.68207076647226,0.0,166.68207076647226,0.0,-166.68207076647226,0.0,0.0,0.0,229.71315295365017,0.0,False,False,False,141534.4250324586,0.0,-141534.4250324586
2025-07-31,XGB,p90,532.3823131460668,0.0,532.3823131460668,0.0,-532.3823131460668,39.83200000000005,-703.546424116029,0.0,1530.4836986271728,0.0,False,False,False,142066.80734560467,0.0,-142066.80734560467
