timestamp,load_actual,residual_load_actual,wind_onshore_actual,wind_offshore_actual,solar_actual,wind_onshore_forecast,wind_offshore_forecast,solar_forecast
2025-01-01 00:00:00+00:00,47328.0,11394.25,33528.75,2395.5,9.5,39056.25,3795.0,0.0
2025-01-01 01:00:00+00:00,46243.75,9829.25,33791.5,2614.0,9.0,39515.75,3826.0,0.0
2025-01-01 02:00:00+00:00,45051.75,10456.5,32901.75,1684.25,9.25,39477.0,3337.0,0.0
2025-01-01 03:00:00+00:00,44047.75,9562.5,33148.5,1327.75,9.0,39814.0,3213.75,0.0
2025-01-01 04:00:00+00:00,44261.0,9477.25,33611.25,1163.25,9.25,40329.75,3071.0,0.0
2025-01-01 05:00:00+00:00,43607.25,7074.5,35485.0,1037.0,10.75,41626.75,2973.0,0.0
2025-01-01 06:00:00+00:00,43972.5,6513.0,36137.0,1310.0,12.5,41661.25,2878.25,0.0
2025-01-01 07:00:00+00:00,46112.25,7260.75,35709.0,2419.0,723.5,41780.25,2724.25,824.5
2025-01-01 08:00:00+00:00,48140.5,7359.25,34633.25,2093.75,4054.25,42109.0,2578.75,4746.5
2025-01-01 09:00:00+00:00,50565.0,4341.75,36185.5,2116.25,7921.5,42278.0,2526.0,9169.75
2025-01-01 10:00:00+00:00,52587.5,3607.5,35969.25,1851.0,11159.75,42475.5,2503.75,12460.75
2025-01-01 11:00:00+00:00,53644.0,2679.25,36697.0,2145.0,12122.75,42871.5,2577.25,13451.25
2025-01-01 12:00:00+00:00,52376.25,1339.75,37676.5,2689.75,10670.25,43762.5,2787.0,11643.25
2025-01-01 13:00:00+00:00,51265.25,2091.0,38654.0,3463.5,7056.75,44313.5,3262.25,7805.75
2025-01-01 14:00:00+00:00,52331.75,3593.25,41344.0,4613.0,2781.5,44994.25,3859.0,3244.5
2025-01-01 15:00:00+00:00,54438.5,7538.75,41985.75,4720.5,193.5,45364.75,3829.5,247.25
2025-01-01 16:00:00+00:00,56308.25,7582.25,43897.0,4809.75,19.25,45872.5,4330.0,0.0
2025-01-01 17:00:00+00:00,56467.75,8306.25,44343.5,3803.25,14.75,46131.25,4193.75,0.0
2025-01-01 18:00:00+00:00,55292.5,8301.5,43482.0,3496.75,12.25,45695.5,4050.75,0.0
2025-01-01 19:00:00+00:00,53044.75,6231.5,42821.5,3979.25,12.5,44808.75,3925.5,0.0
2025-01-01 20:00:00+00:00,51180.75,5621.25,41568.75,3979.5,11.25,43233.5,3945.5,0.0
2025-01-01 21:00:00+00:00,49082.0,5410.5,39808.0,3853.5,10.0,40572.25,4054.75,0.0
2025-01-01 22:00:00+00:00,46463.25,2576.25,39762.25,4115.0,9.75,38728.0,4214.0,0.0
2025-01-01 23:00:00+00:00,44541.75,2610.5,37889.75,4033.0,8.5,39978.25,4959.5,0.0
2025-01-02 00:00:00+00:00,42473.75,1328.0,36385.5,4753.75,6.5,38159.75,5066.75,0.0
2025-01-02 01:00:00+00:00,41645.75,2146.75,34228.25,5264.75,6.0,36323.25,5197.5,0.0
2025-01-02 02:00:00+00:00,41957.0,3715.25,32641.5,5593.75,6.5,33968.5,5290.0,0.0
2025-01-02 03:00:00+00:00,42479.25,6587.25,30952.25,4933.75,6.0,31475.5,5403.0,0.0
2025-01-02 04:00:00+00:00,44507.5,10048.0,29886.0,4567.5,6.0,28892.75,5507.5,0.0
2025-01-02 05:00:00+00:00,50022.25,16134.0,28292.75,5589.25,6.25,26530.75,5572.0,0.0
2025-01-02 06:00:00+00:00,54174.75,23169.25,25130.25,5867.0,8.25,23891.0,5609.75,0.0
2025-01-02 07:00:00+00:00,57654.25,29649.5,22060.0,5753.25,191.5,21569.75,5616.0,283.25
2025-01-02 08:00:00+00:00,59891.75,33829.25,18476.25,5976.25,1610.0,19304.25,5462.25,2142.0
2025-01-02 09:00:00+00:00,60556.5,36167.75,15208.5,5100.75,4079.5,17054.5,5268.5,4770.0
2025-01-02 10:00:00+00:00,61615.25,37330.0,12939.5,5169.5,6176.25,15247.5,5208.0,6680.75
2025-01-02 11:00:00+00:00,62308.5,38395.5,11810.75,5390.25,6712.0,14468.25,5203.5,7078.0
2025-01-02 12:00:00+00:00,61812.5,38595.0,11879.25,5468.25,5870.0,14413.5,5216.75,6103.0
2025-01-02 13:00:00+00:00,60523.75,40484.5,11342.25,5120.5,3576.5,14024.75,5309.0,3962.0
2025-01-02 14:00:00+00:00,60243.5,42379.25,11595.5,5181.25,1087.5,13605.5,5423.5,1400.5
2025-01-02 15:00:00+00:00,61307.5,43094.0,12844.5,5315.5,53.5,14069.5,5597.75,84.75
2025-01-02 16:00:00+00:00,63478.25,42705.75,14691.25,6058.75,22.5,15329.25,5767.0,0.0
2025-01-02 17:00:00+00:00,63574.25,42011.0,15981.0,5556.5,25.75,16708.25,5845.75,0.0
2025-01-02 18:00:00+00:00,62574.5,38755.0,17959.25,5842.75,17.5,17666.75,5870.0,0.0
2025-01-02 19:00:00+00:00,59515.25,34651.0,18961.5,5894.5,8.25,18366.25,5895.25,0.0
2025-01-02 20:00:00+00:00,56917.5,32155.0,18849.5,5907.0,6.0,18754.0,5860.75,0.0
2025-01-02 21:00:00+00:00,54699.75,29644.75,18420.5,6626.75,7.75,18894.75,5843.75,0.0
2025-01-02 22:00:00+00:00,51316.5,26150.0,18836.5,6322.5,7.5,19202.0,5846.5,0.0
2025-01-02 23:00:00+00:00,48141.0,23056.0,19105.75,5972.5,6.75,18805.5,5639.75,0.0
2025-01-03 00:00:00+00:00,46422.25,21149.25,19306.0,5959.5,7.5,19068.25,5713.0,0.0
2025-01-03 01:00:00+00:00,46043.75,19649.0,20186.5,6201.75,6.5,19686.5,5802.0,0.0
2025-01-03 02:00:00+00:00,46316.0,19607.5,20861.0,5839.25,8.25,20849.5,5719.5,0.0
2025-01-03 03:00:00+00:00,47616.0,19205.0,23190.5,5211.75,8.75,22654.75,5462.5,0.0
2025-01-03 04:00:00+00:00,49683.75,19934.0,25447.75,4292.75,9.25,24935.75,5035.25,0.0
2025-01-03 05:00:00+00:00,53196.75,21175.0,29125.75,2881.75,14.25,27982.0,4751.5,0.0
2025-01-03 06:00:00+00:00,56663.25,23609.5,31378.5,1656.5,18.75,29864.0,4652.25,0.0
2025-01-03 07:00:00+00:00,59765.75,24572.75,33413.5,1603.75,175.75,31559.25,4746.5,329.0
2025-01-03 08:00:00+00:00,61346.75,23960.0,33794.25,1980.5,1612.0,32708.75,4968.5,2424.5
2025-01-03 09:00:00+00:00,62539.25,22187.75,34773.0,1435.25,4143.25,33486.25,5133.75,5361.5
2025-01-03 10:00:00+00:00,63496.25,19984.5,36106.75,1114.25,6290.75,34065.0,5250.25,7406.5
2025-01-03 11:00:00+00:00,64086.5,20642.25,35919.25,920.75,6604.25,34167.25,5355.0,7887.75
2025-01-03 12:00:00+00:00,63026.5,20660.75,35023.5,1404.5,5937.75,33465.25,5395.5,6920.25
2025-01-03 13:00:00+00:00,62687.25,21958.0,33380.5,3350.25,3998.5,31419.5,5418.5,4655.5
2025-01-03 14:00:00+00:00,62786.75,25072.0,32106.75,4003.75,1604.25,29255.75,5445.0,1839.0
2025-01-03 15:00:00+00:00,63738.5,28021.0,30830.75,4767.5,119.25,27662.0,5479.25,146.5
2025-01-03 16:00:00+00:00,66040.75,31294.25,29513.75,5221.5,11.25,26282.25,5479.75,0.0
2025-01-03 17:00:00+00:00,65097.5,32060.75,27926.5,5097.0,13.25,25009.5,5484.5,0.0
2025-01-03 18:00:00+00:00,63548.75,30443.0,27100.5,5996.0,9.25,24080.75,5549.0,0.0
2025-01-03 19:00:00+00:00,60716.25,27997.25,26337.75,6374.0,7.25,23515.5,5534.0,0.0
2025-01-03 20:00:00+00:00,58761.5,26368.5,26470.75,5915.0,7.25,22740.5,5422.0,0.0
2025-01-03 21:00:00+00:00,56051.0,25840.0,24867.75,5334.75,8.5,21650.25,5256.75,0.0
2025-01-03 22:00:00+00:00,53301.5,25238.25,23739.5,4315.25,8.5,20691.25,5043.75,0.0
2025-01-03 23:00:00+00:00,50777.5,24529.0,22674.25,3566.0,8.25,20760.25,3913.0,0.0
2025-01-04 00:00:00+00:00,48874.0,24583.0,20860.75,3423.0,7.25,18777.5,3468.75,0.0
2025-01-04 01:00:00+00:00,46694.25,25664.25,18185.0,2837.5,7.5,16710.0,3008.0,0.0
2025-01-04 02:00:00+00:00,45569.0,27763.25,15746.75,2052.0,7.0,14751.75,2537.75,0.0
2025-01-04 03:00:00+00:00,44789.5,29476.25,13788.25,1518.25,6.75,12812.0,2101.25,0.0
2025-01-04 04:00:00+00:00,44523.5,32089.25,11254.75,1173.0,6.5,10744.75,1789.25,0.0
2025-01-04 05:00:00+00:00,45586.0,34354.0,9978.0,1245.75,8.25,9038.25,1626.75,0.0
2025-01-04 06:00:00+00:00,47658.0,37359.25,9181.5,1109.0,8.25,7957.0,1632.0,0.0
2025-01-04 07:00:00+00:00,51052.0,40687.5,8432.25,1636.75,295.5,7562.5,1807.0,493.25
2025-01-04 08:00:00+00:00,54169.5,42073.25,7564.0,2569.5,1962.75,7413.75,2133.0,2971.25
2025-01-04 09:00:00+00:00,56144.0,42269.25,7336.75,2444.0,4094.0,7223.25,2558.5,5836.25
2025-01-04 10:00:00+00:00,58354.0,42314.25,7405.0,3158.0,5476.75,7134.0,2979.75,7427.75
2025-01-04 11:00:00+00:00,58723.0,43186.0,7203.25,2453.75,5880.0,7236.5,3257.75,7573.5
2025-01-04 12:00:00+00:00,57728.75,42419.25,7335.0,2827.0,5147.5,7212.25,3347.0,6375.75
2025-01-04 13:00:00+00:00,56835.5,43327.5,7530.25,2545.75,3432.0,7169.5,3252.25,4185.25
2025-01-04 14:00:00+00:00,57098.0,45715.0,7402.5,2781.5,1199.0,7351.0,3008.75,1635.5
2025-01-04 15:00:00+00:00,58882.5,47728.0,8305.0,2774.75,74.75,7763.75,2752.5,126.5
2025-01-04 16:00:00+00:00,61166.25,49529.0,8979.25,2643.25,14.75,8176.75,2515.0,0.0
2025-01-04 17:00:00+00:00,61203.75,48944.75,9771.5,2475.75,11.75,8408.75,2357.75,0.0
2025-01-04 18:00:00+00:00,59508.75,46647.25,10645.5,2208.5,7.5,8544.75,2265.75,0.0
2025-01-04 19:00:00+00:00,56179.75,43609.25,10647.0,1916.0,7.5,8535.5,2223.0,0.0
2025-01-04 20:00:00+00:00,53867.0,41211.5,10425.25,2223.25,7.0,8363.5,2240.0,0.0
2025-01-04 21:00:00+00:00,52879.75,40444.25,9938.75,2490.75,6.0,8183.25,2246.5,0.0
2025-01-04 22:00:00+00:00,49786.5,37943.75,9520.0,2316.5,6.25,7965.5,2227.5,0.0
2025-01-04 23:00:00+00:00,47174.0,36514.25,8563.0,2087.75,9.0,8684.75,2223.0,0.0
2025-01-05 00:00:00+00:00,44340.75,33891.0,8591.0,1852.5,6.25,8303.5,2033.5,0.0
2025-01-05 01:00:00+00:00,43013.25,32976.25,8431.0,1599.25,6.75,8284.0,1787.25,0.0
2025-01-05 02:00:00+00:00,42407.75,33321.5,7960.75,1119.5,6.0,8880.0,1578.75,0.0
2025-01-05 03:00:00+00:00,42137.0,32728.75,8355.25,1046.75,6.25,9732.0,1499.0,0.0
2025-01-05 04:00:00+00:00,42557.75,31466.75,9679.25,1405.75,6.0,11015.75,1629.25,0.0
2025-01-05 05:00:00+00:00,43835.25,30575.75,11034.25,2219.25,6.0,12724.25,2101.25,0.0
2025-01-05 06:00:00+00:00,45182.75,28746.0,12836.25,3593.5,7.0,14587.75,2978.5,0.0
2025-01-05 07:00:00+00:00,48241.5,27630.25,15728.25,4837.5,45.5,17190.5,4023.25,112.75
2025-01-05 08:00:00+00:00,52344.5,28348.5,18154.5,5491.75,349.75,20100.5,4725.25,592.0
2025-01-05 09:00:00+00:00,54958.25,27248.75,20743.0,6029.75,936.75,22634.0,5014.75,1255.0
2025-01-05 10:00:00+00:00,57841.75,27565.75,22544.75,6160.75,1570.5,24488.75,5106.0,1779.0
2025-01-05 11:00:00+00:00,58378.0,26666.0,23527.25,6147.5,2037.25,26181.25,5126.0,1965.75
2025-01-05 12:00:00+00:00,56602.75,23799.5,24472.5,6305.25,2025.5,28521.25,5146.0,1813.75
2025-01-05 13:00:00+00:00,55640.0,22019.5,26378.25,5841.5,1400.75,30922.5,5162.5,1334.75
2025-01-05 14:00:00+00:00,56035.25,21827.75,28477.5,5151.25,578.75,32881.25,5174.0,631.75
2025-01-05 15:00:00+00:00,58383.25,22093.25,30645.25,5575.0,69.75,33923.5,5340.0,112.5
2025-01-05 16:00:00+00:00,60546.75,22824.5,31552.5,6155.5,14.25,34435.5,5332.5,0.0
2025-01-05 17:00:00+00:00,60680.0,22822.25,31757.75,6088.5,11.5,34677.5,5255.5,0.0
2025-01-05 18:00:00+00:00,58779.75,21297.75,31097.0,6376.5,8.5,34883.75,5304.75,0.0
2025-01-05 19:00:00+00:00,56074.25,19529.5,30588.25,5949.25,7.25,34932.0,5501.5,0.0
2025-01-05 20:00:00+00:00,53452.0,17828.75,30157.25,5460.25,5.75,34889.5,5497.75,0.0
2025-01-05 21:00:00+00:00,51248.5,17409.25,28257.75,5575.75,5.75,34614.75,5485.75,0.0
2025-01-05 22:00:00+00:00,48579.75,14950.5,28222.25,5400.75,6.25,35093.25,5438.25,0.0
2025-01-05 23:00:00+00:00,46221.25,11437.5,28370.0,6408.0,5.75,32949.25,5616.75,0.0
2025-01-06 00:00:00+00:00,44405.5,9008.25,28817.25,6574.25,5.75,33277.0,5647.5,0.0
2025-01-06 01:00:00+00:00,43354.75,6613.75,30417.25,6318.5,5.25,34043.75,5601.0,0.0
2025-01-06 02:00:00+00:00,44367.5,5781.75,32032.75,6545.5,7.5,34855.25,5643.75,0.0
2025-01-06 03:00:00+00:00,45369.25,5409.0,33341.0,6611.25,8.0,35429.5,5577.0,0.0
2025-01-06 04:00:00+00:00,48359.5,6837.75,34930.25,6583.5,8.0,35822.75,5363.5,0.0
2025-01-06 05:00:00+00:00,52947.75,9939.0,37026.25,5973.0,9.5,36930.25,5061.5,0.0
2025-01-06 06:00:00+00:00,56669.5,12321.0,38877.25,5459.75,11.5,37083.75,4935.75,0.0
2025-01-06 07:00:00+00:00,59752.5,14945.0,39752.0,4725.0,330.5,37639.5,5029.5,423.5
2025-01-06 08:00:00+00:00,61796.5,14268.75,40234.75,4914.25,2378.75,38157.5,5192.5,2583.75
2025-01-06 09:00:00+00:00,63461.75,12191.5,40650.75,5657.0,4962.5,38364.25,5223.0,5435.75
2025-01-06 10:00:00+00:00,64354.5,10059.25,40869.75,6488.0,6937.5,38691.5,5197.75,7720.5
2025-01-06 11:00:00+00:00,64507.25,8555.0,41066.5,6411.75,8474.0,39317.25,5183.25,8593.75
2025-01-06 12:00:00+00:00,63892.25,8093.0,41051.0,6290.0,8458.25,40482.5,5052.5,7591.25
2025-01-06 13:00:00+00:00,62071.25,8865.75,41228.5,5895.25,6081.75,41514.0,4896.75,4964.75
2025-01-06 14:00:00+00:00,61466.0,11909.75,41406.75,5676.0,2473.5,42706.0,4725.75,2007.25
2025-01-06 15:00:00+00:00,62324.5,13851.25,43648.25,4650.0,175.0,43846.0,4378.25,174.75
2025-01-06 16:00:00+00:00,64748.25,16633.5,45422.75,2673.25,18.75,44627.5,4059.75,0.0
2025-01-06 17:00:00+00:00,64290.25,18305.0,45144.5,826.0,14.75,44885.5,3821.0,0.0
2025-01-06 18:00:00+00:00,63323.5,17000.5,45495.5,815.75,11.75,44814.25,3736.5,0.0
2025-01-06 19:00:00+00:00,60571.5,14841.25,45076.5,642.75,11.0,44511.5,3681.25,0.0
2025-01-06 20:00:00+00:00,57209.0,12453.5,44302.25,442.25,11.0,43704.5,3561.5,0.0
2025-01-06 21:00:00+00:00,54426.0,12201.25,40805.75,1410.0,9.0,41761.25,3440.5,0.0
2025-01-06 22:00:00+00:00,51564.75,9844.25,39702.5,2009.5,8.5,40830.25,3458.75,0.0
2025-01-06 23:00:00+00:00,49098.25,6975.75,39178.25,2934.75,9.5,39216.25,3510.0,0.0
2025-01-07 00:00:00+00:00,48072.0,6377.0,38258.75,3427.25,9.0,38394.5,3564.0,0.0
2025-01-07 01:00:00+00:00,47203.5,5501.25,38234.5,3458.75,9.0,38128.0,3683.5,0.0
2025-01-07 02:00:00+00:00,47433.0,5783.0,38154.0,3487.75,8.25,38074.0,3776.5,0.0
2025-01-07 03:00:00+00:00,48885.75,7464.75,37821.0,3592.0,8.0,37950.25,3912.0,0.0
2025-01-07 04:00:00+00:00,51653.25,10798.75,37619.75,3226.5,8.25,37831.5,4002.75,0.0
2025-01-07 05:00:00+00:00,59350.5,17257.25,39523.75,2558.75,10.75,38431.0,4097.0,0.0
2025-01-07 06:00:00+00:00,65450.75,23540.75,38777.5,3113.25,19.25,37671.0,4262.0,0.0
2025-01-07 07:00:00+00:00,68943.75,26543.5,37907.75,4082.75,409.75,36919.25,4394.5,404.75
2025-01-07 08:00:00+00:00,69420.25,26068.25,35931.0,4332.5,3088.5,36006.25,4467.5,2713.5
2025-01-07 09:00:00+00:00,69170.0,23230.5,35264.5,3874.5,6800.5,35232.75,4537.25,5814.5
2025-01-07 10:00:00+00:00,69649.75,20748.75,35877.5,3710.0,9313.5,35661.25,4753.0,8085.5
2025-01-07 11:00:00+00:00,69758.25,19898.5,35794.5,3946.25,10119.0,36330.25,4816.25,8873.5
2025-01-07 12:00:00+00:00,69359.0,20872.5,35149.75,4584.75,8752.0,36200.25,4870.75,8198.25
2025-01-07 13:00:00+00:00,68503.5,23431.75,34297.75,4844.75,5929.25,35156.75,4922.25,5999.25
2025-01-07 14:00:00+00:00,67852.25,27287.25,33049.25,4952.75,2563.0,34343.0,4912.25,2559.5
2025-01-07 15:00:00+00:00,69375.5,30660.75,33622.5,4888.0,204.25,34213.5,5010.5,252.25
2025-01-07 16:00:00+00:00,71651.75,31507.25,35292.25,4836.0,16.25,34572.0,5050.0,0.0
2025-01-07 17:00:00+00:00,71271.25,30774.25,35817.25,4666.0,13.75,35293.75,5050.75,0.0
2025-01-07 18:00:00+00:00,69073.25,29474.25,35478.75,4104.0,16.25,36153.5,5029.25,0.0
2025-01-07 19:00:00+00:00,65942.75,25729.75,36331.0,3870.25,11.75,37119.0,4996.25,0.0
2025-01-07 20:00:00+00:00,62818.0,22698.5,36828.75,3280.75,10.0,37618.5,4958.25,0.0
2025-01-07 21:00:00+00:00,59585.5,21021.5,34798.0,3758.0,8.0,36874.0,4918.25,0.0
2025-01-07 22:00:00+00:00,55446.75,17987.0,34199.25,3252.5,8.0,36470.5,4870.5,0.0
2025-01-07 23:00:00+00:00,53163.0,15979.5,33065.0,4110.75,7.75,33853.0,4778.0,0.0
2025-01-08 00:00:00+00:00,51141.5,15116.5,31936.0,4080.75,8.25,33094.0,4764.5,0.0
2025-01-08 01:00:00+00:00,50239.25,16088.5,30415.25,3727.75,7.75,31974.75,4779.5,0.0
2025-01-08 02:00:00+00:00,50699.5,17204.75,29678.25,3808.75,7.75,30901.25,4738.5,0.0
2025-01-08 03:00:00+00:00,51863.25,18514.75,29691.75,3649.75,7.0,30064.25,4677.5,0.0
2025-01-08 04:00:00+00:00,55600.0,22078.25,29703.5,3811.25,7.0,29232.5,4662.0,0.0
2025-01-08 05:00:00+00:00,63474.0,28711.25,30780.0,3973.25,9.5,29111.75,4817.75,0.0
2025-01-08 06:00:00+00:00,69197.75,33956.0,30397.0,4833.0,11.75,28213.25,4751.75,0.0
2025-01-08 07:00:00+00:00,72363.0,37577.75,29354.75,5154.25,276.25,27653.0,4813.5,282.5
2025-01-08 08:00:00+00:00,72686.0,38864.5,27076.25,4614.5,2130.75,26843.5,4830.25,2187.75
2025-01-08 09:00:00+00:00,72779.0,38273.75,25522.0,4029.25,4954.0,26020.75,4916.5,4900.5
2025-01-08 10:00:00+00:00,71771.25,37352.5,24531.25,2774.5,7113.0,25768.25,4992.25,6726.0
2025-01-08 11:00:00+00:00,71646.5,38575.75,23322.0,2470.25,7278.5,25275.75,4963.75,7061.25
2025-01-08 12:00:00+00:00,72110.0,41493.75,21792.5,2847.25,5976.5,23711.5,4944.0,6000.0
2025-01-08 13:00:00+00:00,70900.75,43632.0,19357.0,4230.25,3681.5,21249.0,4895.75,3882.75
2025-01-08 14:00:00+00:00,70391.0,46295.5,17389.75,5493.0,1212.75,19051.75,4894.5,1418.5
2025-01-08 15:00:00+00:00,71912.5,47506.5,19124.75,5202.75,78.5,17932.25,4846.5,110.25
2025-01-08 16:00:00+00:00,73894.5,49239.75,19674.25,4956.25,24.25,17297.75,4740.0,0.0
2025-01-08 17:00:00+00:00,73051.5,49096.75,19507.5,4428.75,18.5,16611.75,4514.0,0.0
2025-01-08 18:00:00+00:00,70850.25,48046.0,18884.75,3902.25,17.25,15696.5,4210.0,0.0
2025-01-08 19:00:00+00:00,67199.75,46678.25,17394.0,3115.75,11.75,14745.5,3794.0,0.0
2025-01-08 20:00:00+00:00,62864.25,44502.25,15649.25,2706.0,6.75,13505.25,3380.0,0.0
2025-01-08 21:00:00+00:00,59676.25,42804.5,14518.0,2346.5,7.25,12306.5,3035.25,0.0
2025-01-08 22:00:00+00:00,55280.5,39103.75,14153.5,2016.75,6.5,11583.5,2760.75,0.0
2025-01-08 23:00:00+00:00,51883.75,36411.0,13760.0,1706.75,6.0,13127.0,1882.5,0.0
2025-01-09 00:00:00+00:00,50043.0,35106.0,13570.25,1360.75,6.0,12713.5,1654.0,0.0
2025-01-09 01:00:00+00:00,48885.0,35108.0,12655.25,1116.75,5.0,12080.75,1389.25,0.0
2025-01-09 02:00:00+00:00,48696.75,34980.0,12587.0,1124.75,5.0,11534.25,1126.25,0.0
2025-01-09 03:00:00+00:00,49445.75,35334.5,13078.25,1028.0,5.0,11115.0,952.5,0.0
2025-01-09 04:00:00+00:00,52521.5,38646.75,12827.75,1042.0,5.0,10831.0,856.0,0.0
2025-01-09 05:00:00+00:00,59409.0,45922.25,12371.0,1110.5,5.25,10797.5,751.0,0.0
2025-01-09 06:00:00+00:00,65425.0,52747.5,11564.0,1099.0,14.5,10715.25,690.5,0.0
2025-01-09 07:00:00+00:00,68313.25,55748.25,11155.75,957.25,452.0,11084.25,691.75,423.75
2025-01-09 08:00:00+00:00,69093.75,54245.75,10939.5,967.5,2941.0,11729.5,733.5,2284.5
2025-01-09 09:00:00+00:00,69698.25,52605.75,10834.25,771.0,5487.25,12519.5,814.0,4541.0
2025-01-09 10:00:00+00:00,70827.75,52194.75,10217.25,1522.75,6893.0,13290.75,951.0,6014.75
2025-01-09 11:00:00+00:00,70785.25,52715.0,10554.25,1291.5,6224.5,14155.75,1223.5,5921.25
2025-01-09 12:00:00+00:00,70721.75,52882.25,11409.5,2013.75,4416.25,15505.75,1554.5,4559.25
2025-01-09 13:00:00+00:00,69418.25,51872.75,12995.25,2004.75,2545.5,17131.5,1898.75,2847.75
2025-01-09 14:00:00+00:00,68857.0,50383.5,15511.25,1981.25,981.0,19057.5,2271.5,1199.0
2025-01-09 15:00:00+00:00,69687.0,48279.25,18481.75,2824.0,102.0,21300.0,2655.5,157.5
2025-01-09 16:00:00+00:00,71804.5,47991.75,20663.5,3137.25,12.0,23629.5,3000.25,0.0
2025-01-09 17:00:00+00:00,71566.5,45629.5,22320.5,3607.5,9.0,25520.25,3167.5,0.0
2025-01-09 18:00:00+00:00,69766.25,42125.0,23725.75,3907.25,8.25,26659.5,3265.75,0.0
2025-01-09 19:00:00+00:00,66491.0,37859.25,24722.25,3902.5,7.0,27470.75,3277.0,0.0
2025-01-09 20:00:00+00:00,62955.0,33715.25,25553.0,3679.5,7.25,28100.75,3249.0,0.0
2025-01-09 21:00:00+00:00,60204.0,30990.75,25537.75,3668.25,7.25,28318.0,3370.0,0.0
2025-01-09 22:00:00+00:00,56862.5,26985.0,26206.5,3663.5,7.5,28681.75,3583.0,0.0
2025-01-09 23:00:00+00:00,55664.5,24434.0,27017.5,4198.75,14.25,27232.75,3168.0,0.0
2025-01-10 00:00:00+00:00,53934.25,21589.25,27254.75,5083.25,7.0,27195.75,3622.0,0.0
2025-01-10 01:00:00+00:00,53149.25,20427.25,27192.0,5523.0,7.0,27129.25,4009.25,0.0
2025-01-10 02:00:00+00:00,53151.0,20969.0,26812.25,5363.5,6.25,27066.5,4242.75,0.0
2025-01-10 03:00:00+00:00,54015.5,22774.25,25939.5,5295.25,6.5,26767.25,4304.25,0.0
2025-01-10 04:00:00+00:00,56527.75,26142.75,25364.0,5014.25,6.75,26179.75,4242.5,0.0
2025-01-10 05:00:00+00:00,63306.5,32513.25,25613.75,5172.75,6.75,25503.75,4128.25,0.0
2025-01-10 06:00:00+00:00,68981.5,39528.25,24467.5,4977.5,8.25,24400.0,3997.75,0.0
2025-01-10 07:00:00+00:00,71453.75,42772.25,23198.75,5140.5,342.25,23783.0,3811.25,498.25
2025-01-10 08:00:00+00:00,72024.75,42748.75,22297.75,4586.0,2392.25,23296.25,3552.25,2936.25
2025-01-10 09:00:00+00:00,72672.5,41529.75,21595.75,4388.5,5158.5,22766.5,3242.75,6028.0
2025-01-10 10:00:00+00:00,72101.75,40287.5,21309.5,3095.5,7409.25,21989.75,2855.25,8124.5
2025-01-10 11:00:00+00:00,71898.5,39848.5,20812.0,2534.0,8704.0,21077.0,2522.25,8848.5
2025-01-10 12:00:00+00:00,70533.5,38997.5,20716.75,2792.5,8026.75,20378.75,2347.25,7949.5
2025-01-10 13:00:00+00:00,68860.75,40066.75,20049.25,3141.5,5603.25,19262.25,2314.5,5692.75
2025-01-10 14:00:00+00:00,68713.0,44084.5,19065.75,3152.5,2410.25,17999.75,2403.25,2539.25
2025-01-10 15:00:00+00:00,69315.0,46879.25,18761.0,3421.75,253.0,16974.0,2512.25,306.25
2025-01-10 16:00:00+00:00,71339.5,49168.0,18841.0,3316.5,14.0,16402.25,2603.75,0.0
2025-01-10 17:00:00+00:00,70800.5,48196.25,18872.75,3717.0,14.5,15899.25,2657.5,0.0
2025-01-10 18:00:00+00:00,69038.0,47202.75,18393.25,3432.75,9.25,15188.0,2675.25,0.0
2025-01-10 19:00:00+00:00,65524.75,44548.0,17667.75,3301.25,7.75,14784.0,2692.25,0.0
2025-01-10 20:00:00+00:00,62414.25,41885.75,17500.5,3018.75,9.25,14222.25,2676.25,0.0
2025-01-10 21:00:00+00:00,59355.75,39960.0,16764.5,2623.0,8.25,13508.75,2630.0,0.0
2025-01-10 22:00:00+00:00,56154.5,37496.0,16405.75,2244.75,8.0,12951.5,2550.25,0.0
2025-01-10 23:00:00+00:00,53212.0,35285.0,16122.25,1796.25,8.5,13822.75,2157.0,0.0
2025-01-11 00:00:00+00:00,50723.0,32518.0,16247.5,1950.0,7.5,13927.5,2334.25,0.0
2025-01-11 01:00:00+00:00,49346.25,30368.75,17002.0,1968.25,7.25,14331.75,2570.5,0.0
2025-01-11 02:00:00+00:00,49426.0,29859.25,17317.0,2242.25,7.5,15133.75,2756.75,0.0
2025-01-11 03:00:00+00:00,49810.0,29662.0,17828.5,2312.5,7.0,16037.0,2847.75,0.0
2025-01-11 04:00:00+00:00,49648.75,29498.5,18351.0,1792.25,7.0,16800.0,2831.5,0.0
2025-01-11 05:00:00+00:00,50783.0,29504.0,19307.75,1964.0,7.25,17359.75,2697.75,0.0
2025-01-11 06:00:00+00:00,53100.75,30950.75,19984.75,2157.0,8.25,17451.25,2535.75,0.0
2025-01-11 07:00:00+00:00,56531.0,32945.75,20894.25,2191.75,499.25,17770.25,2425.25,619.5
2025-01-11 08:00:00+00:00,57950.25,32004.25,20816.5,1622.0,3507.5,18069.75,2302.75,3729.75
2025-01-11 09:00:00+00:00,59342.0,29955.5,20560.25,1215.75,7610.5,18245.0,2206.5,7320.75
2025-01-11 10:00:00+00:00,60420.5,28015.0,20861.25,1055.5,10488.75,18442.25,2186.0,9668.0
2025-01-11 11:00:00+00:00,60166.0,27402.5,21161.5,883.5,10718.5,18953.5,2229.0,10509.75
2025-01-11 12:00:00+00:00,59449.0,27139.25,21807.0,1118.25,9384.5,19616.5,2351.25,9596.25
2025-01-11 13:00:00+00:00,58915.75,27531.75,22705.0,2119.0,6560.0,19915.75,2528.75,7006.0
2025-01-11 14:00:00+00:00,59918.0,29917.5,24043.25,3012.75,2944.5,20310.5,2757.75,3178.25
2025-01-11 15:00:00+00:00,61548.25,31644.0,25805.75,3763.0,335.5,21001.75,3002.0,369.25
2025-01-11 16:00:00+00:00,65042.75,34319.5,26857.5,3852.75,13.0,21633.5,3212.75,0.0
2025-01-11 17:00:00+00:00,64858.75,34571.5,26607.25,3666.5,13.5,21728.5,3320.25,0.0
2025-01-11 18:00:00+00:00,63438.0,33883.0,25454.5,4091.25,9.25,21315.75,3283.75,0.0
2025-01-11 19:00:00+00:00,60144.25,31984.5,24010.25,4141.75,7.75,20653.0,3140.25,0.0
2025-01-11 20:00:00+00:00,57438.75,30883.75,22967.0,3580.5,7.5,19552.0,2947.25,0.0
2025-01-11 21:00:00+00:00,55177.5,31334.5,21118.75,2716.25,8.0,18178.25,2746.25,0.0
2025-01-11 22:00:00+00:00,52145.0,30558.75,19546.0,2032.75,7.5,17046.0,2542.75,0.0
2025-01-11 23:00:00+00:00,50109.75,28538.25,19500.75,2064.5,6.25,18218.25,2497.75,0.0
2025-01-12 00:00:00+00:00,48625.5,28238.25,18399.25,1981.0,7.0,17145.75,2513.75,0.0
2025-01-12 01:00:00+00:00,48071.25,28498.25,17584.75,1981.25,7.0,16446.75,2690.0,0.0
2025-01-12 02:00:00+00:00,47777.75,27820.75,17400.0,2550.0,7.0,16194.0,2826.75,0.0
2025-01-12 03:00:00+00:00,47550.25,27369.0,17488.5,2686.25,6.5,15973.5,2823.0,0.0
2025-01-12 04:00:00+00:00,47726.0,27831.75,17642.5,2245.25,6.5,15315.0,2668.75,0.0
2025-01-12 05:00:00+00:00,47516.25,29081.5,16636.75,1791.0,7.0,14321.75,2433.0,0.0
2025-01-12 06:00:00+00:00,48991.0,32803.5,14593.5,1586.25,7.75,12963.75,2252.5,0.0
2025-01-12 07:00:00+00:00,52074.5,37341.25,12880.75,1491.0,361.5,11872.5,2112.5,594.25
2025-01-12 08:00:00+00:00,54353.0,38625.0,11313.25,1298.25,3116.5,10654.0,1894.5,3942.5
2025-01-12 09:00:00+00:00,56502.5,37992.75,10110.5,985.25,7414.0,9226.5,1582.75,8089.75
2025-01-12 10:00:00+00:00,58586.25,37481.5,8776.0,838.0,11490.75,7916.75,1256.0,10928.25
2025-01-12 11:00:00+00:00,57997.0,35660.5,8200.75,493.75,13642.0,6983.0,999.25,12116.25
2025-01-12 12:00:00+00:00,55599.25,33475.0,8215.25,478.5,13430.5,6386.0,806.5,11416.25
2025-01-12 13:00:00+00:00,54156.0,35512.75,7943.75,392.25,10307.25,5938.25,682.75,8574.0
2025-01-12 14:00:00+00:00,53589.25,41327.0,7287.75,248.75,4725.75,5792.25,601.5,3984.5
2025-01-12 15:00:00+00:00,55722.5,48070.0,6945.25,204.25,503.0,6158.0,532.5,482.25
2025-01-12 16:00:00+00:00,59815.0,52851.25,6786.5,163.75,13.5,6606.0,450.5,0.0
2025-01-12 17:00:00+00:00,60779.0,54287.75,6379.0,102.5,9.75,6498.0,365.0,0.0
2025-01-12 18:00:00+00:00,59537.0,53179.0,6213.5,136.75,7.75,5826.0,282.75,0.0
2025-01-12 19:00:00+00:00,56740.5,51152.75,5490.25,90.5,7.0,4922.0,237.25,0.0
2025-01-12 20:00:00+00:00,54938.75,50488.25,4323.0,120.5,7.0,4009.5,203.0,0.0
2025-01-12 21:00:00+00:00,53933.5,50515.5,3233.25,177.75,7.0,3294.5,156.5,0.0
2025-01-12 22:00:00+00:00,51412.75,48878.0,2380.25,147.5,7.0,2730.0,170.25,0.0
2025-01-12 23:00:00+00:00,49276.0,46957.5,2094.0,217.0,7.5,1986.75,211.75,0.0
2025-01-13 00:00:00+00:00,48282.5,45954.5,2014.5,307.5,6.0,1889.5,405.5,0.0
2025-01-13 01:00:00+00:00,48080.0,45419.0,2102.75,552.25,6.0,1801.75,726.75,0.0
2025-01-13 02:00:00+00:00,48279.0,44660.0,2508.75,1103.75,6.5,1829.25,1126.25,0.0
2025-01-13 03:00:00+00:00,49717.75,44458.75,3395.25,1857.25,6.5,2027.5,1514.75,0.0
2025-01-13 04:00:00+00:00,53966.5,47707.75,3959.25,2292.75,6.75,2268.75,1852.75,0.0
2025-01-13 05:00:00+00:00,62124.75,55862.75,3681.5,2568.75,11.75,2490.25,2203.0,0.0
2025-01-13 06:00:00+00:00,68812.0,62020.5,3635.25,3136.25,20.0,2848.75,2586.75,0.0
2025-01-13 07:00:00+00:00,71819.75,63344.75,3988.5,3836.25,650.25,3445.5,3056.5,877.5
2025-01-13 08:00:00+00:00,72001.25,58128.5,4658.0,4567.0,4647.75,4191.75,3623.0,5045.5
2025-01-13 09:00:00+00:00,72415.0,51397.75,5464.25,5184.25,10368.75,4847.0,4242.25,10147.75
2025-01-13 10:00:00+00:00,72279.75,45496.25,6261.25,5764.5,14757.75,5260.5,4704.0,14238.25
2025-01-13 11:00:00+00:00,72882.75,43647.25,6438.25,5804.75,16992.5,5372.0,5023.25,16328.5
2025-01-13 12:00:00+00:00,71813.5,42039.0,7107.25,5930.5,16736.75,5372.0,5198.0,15324.0
2025-01-13 13:00:00+00:00,70092.0,43462.5,7352.25,6203.75,13073.5,5644.0,5305.25,11512.5
2025-01-13 14:00:00+00:00,70111.0,50207.0,7367.0,6410.25,6126.75,6294.75,5462.5,5567.0
2025-01-13 15:00:00+00:00,71576.5,55451.25,8777.0,6612.0,736.25,7486.5,5600.5,799.5
2025-01-13 16:00:00+00:00,74421.0,57858.0,10201.75,6341.25,20.0,9040.0,5630.5,0.0
2025-01-13 17:00:00+00:00,74817.75,56402.75,12163.75,6238.0,13.25,10491.75,5607.0,0.0
2025-01-13 18:00:00+00:00,74085.5,54074.75,13998.25,6003.25,9.25,11733.75,5564.5,0.0
2025-01-13 19:00:00+00:00,70748.75,50749.0,13923.75,6066.25,9.75,12882.5,5494.75,0.0
2025-01-13 20:00:00+00:00,67609.75,46355.75,15341.75,5897.5,14.75,13694.5,5401.25,0.0
2025-01-13 21:00:00+00:00,63957.0,41342.25,16464.5,6142.25,8.0,14168.0,5357.5,0.0
2025-01-13 22:00:00+00:00,60353.0,36235.0,17599.25,6511.75,7.0,14812.25,5258.25,0.0
2025-01-13 23:00:00+00:00,57618.0,33709.25,17701.5,6199.75,7.5,15394.25,5515.75,0.0
2025-01-14 00:00:00+00:00,56363.5,32156.0,17897.5,6302.5,7.5,15679.25,5469.0,0.0
2025-01-14 01:00:00+00:00,56008.25,31906.25,17840.5,6253.5,8.0,15854.25,5398.25,0.0
2025-01-14 02:00:00+00:00,56280.0,32041.75,17804.25,6426.5,7.5,15982.25,5350.25,0.0
2025-01-14 03:00:00+00:00,56476.0,32887.5,17388.0,6194.0,6.5,16000.5,5344.5,0.0
2025-01-14 04:00:00+00:00,60059.25,36895.0,17023.0,6134.75,6.5,16121.5,5349.25,0.0
2025-01-14 05:00:00+00:00,67849.5,43953.25,17524.5,6358.75,13.0,16677.25,5333.25,0.0
2025-01-14 06:00:00+00:00,73620.0,49873.5,17594.0,6132.0,20.5,16769.5,5276.5,0.0
2025-01-14 07:00:00+00:00,76119.0,50681.75,17992.5,6377.5,1067.25,17103.0,5226.0,1219.5
2025-01-14 08:00:00+00:00,76079.25,46116.25,17925.75,6542.0,5495.25,17680.75,5172.5,6031.25
2025-01-14 09:00:00+00:00,75842.5,41428.75,17939.0,6533.25,9941.5,17737.0,5102.25,11124.75
2025-01-14 10:00:00+00:00,75148.0,38638.5,18247.25,6377.0,11885.25,17054.75,5054.75,14700.0
2025-01-14 11:00:00+00:00,75150.0,36880.25,18280.75,6575.0,13414.0,16771.25,4993.75,15757.25
2025-01-14 12:00:00+00:00,74166.75,36609.0,18731.5,6345.75,12480.5,16956.75,4908.0,13912.75
2025-01-14 13:00:00+00:00,72830.0,38367.0,18755.0,6270.75,9437.25,17381.5,4869.5,9747.75
2025-01-14 14:00:00+00:00,71712.75,41590.0,18913.0,6266.75,4943.0,17870.0,4796.5,4626.0
2025-01-14 15:00:00+00:00,72874.5,46785.5,19746.25,5648.25,694.5,18224.75,4577.75,702.25
2025-01-14 16:00:00+00:00,75105.75,49302.0,20429.0,5360.5,14.25,18531.25,4324.5,0.75
2025-01-14 17:00:00+00:00,74512.0,49101.5,20047.75,5352.0,10.75,18516.75,4409.0,0.0
2025-01-14 18:00:00+00:00,72312.75,47494.75,19024.75,5785.0,8.25,18213.25,4589.0,0.0
2025-01-14 19:00:00+00:00,69382.75,45836.0,18204.5,5335.25,7.0,17867.75,4557.0,0.0
2025-01-14 20:00:00+00:00,66153.5,43914.5,17662.75,4569.25,7.0,17557.25,4213.75,0.0
2025-01-14 21:00:00+00:00,62403.0,41075.75,17632.0,3688.25,7.0,17246.0,3686.0,0.0
2025-01-14 22:00:00+00:00,58766.75,38386.25,17146.0,3227.5,7.0,16978.5,3140.0,0.0
2025-01-14 23:00:00+00:00,55440.25,35076.75,17121.25,3233.25,9.0,18161.25,3343.5,0.0
2025-01-15 00:00:00+00:00,53840.5,33812.25,16860.75,3158.75,8.75,17549.25,3234.75,0.0
2025-01-15 01:00:00+00:00,53125.0,34318.25,15825.5,2972.5,8.75,16882.5,3041.5,0.0
2025-01-15 02:00:00+00:00,53097.0,35937.75,14421.25,2729.0,9.0,16318.0,2774.5,0.0
2025-01-15 03:00:00+00:00,53666.75,37945.75,13308.5,2404.5,8.0,15333.5,2546.5,0.0
2025-01-15 04:00:00+00:00,56565.25,42279.25,12272.0,2005.75,8.25,13806.25,2239.0,0.0
2025-01-15 05:00:00+00:00,63049.25,51448.25,10090.5,1502.0,8.5,11809.25,1852.25,0.0
2025-01-15 06:00:00+00:00,68115.5,58965.75,8097.25,1038.5,14.0,9730.5,1409.25,0.0
2025-01-15 07:00:00+00:00,71001.25,63297.5,6951.25,566.0,186.5,8243.5,812.75,234.75
2025-01-15 08:00:00+00:00,71120.0,63517.0,6064.25,213.5,1325.25,6849.5,435.75,1293.75
2025-01-15 09:00:00+00:00,71522.0,63368.0,5027.5,106.0,3020.5,5524.75,213.0,2855.75
2025-01-15 10:00:00+00:00,71580.75,63080.5,3958.75,52.5,4489.0,4346.0,113.5,4138.5
2025-01-15 11:00:00+00:00,70853.5,62470.0,3313.75,85.25,4984.5,3465.0,114.0,4670.0
2025-01-15 12:00:00+00:00,70125.25,62718.5,2858.5,199.75,4348.5,2947.25,170.5,4332.5
2025-01-15 13:00:00+00:00,69362.0,63648.75,2399.0,376.25,2938.0,2706.0,263.5,3061.5
2025-01-15 14:00:00+00:00,68966.5,65115.0,2139.75,415.75,1296.0,2646.75,359.75,1408.0
2025-01-15 15:00:00+00:00,69178.0,66506.5,2052.75,443.75,175.0,2679.25,465.5,232.75
2025-01-15 16:00:00+00:00,71125.25,68624.75,1952.5,523.25,24.75,2631.0,575.75,0.25
2025-01-15 17:00:00+00:00,70653.0,68283.0,1735.5,601.0,33.5,2527.75,665.0,0.0
2025-01-15 18:00:00+00:00,68857.25,66727.0,1517.0,592.0,21.25,2341.5,719.75,0.0
2025-01-15 19:00:00+00:00,65343.25,63148.5,1475.5,709.75,9.5,2155.0,782.0,0.0
2025-01-15 20:00:00+00:00,61883.25,59490.75,1449.5,936.25,6.75,2151.75,918.5,0.0
2025-01-15 21:00:00+00:00,58474.5,55594.25,1522.75,1350.75,6.75,2320.75,1113.25,0.0
2025-01-15 22:00:00+00:00,55151.5,51771.25,1616.5,1757.0,6.75,2619.0,1338.0,0.0
2025-01-15 23:00:00+00:00,52775.75,49141.75,1669.75,1958.25,6.0,2193.25,1381.75,0.0
2025-01-16 00:00:00+00:00,52122.5,47973.5,1961.5,2181.75,5.75,2560.75,1591.5,0.0
2025-01-16 01:00:00+00:00,51103.25,46394.25,2403.0,2301.0,5.0,2956.75,1805.5,0.0
2025-01-16 02:00:00+00:00,51292.25,45989.25,2797.5,2500.5,5.0,3387.5,2018.75,0.0
2025-01-16 03:00:00+00:00,52965.25,46892.25,3204.25,2863.75,5.0,3828.75,2188.5,0.0
2025-01-16 04:00:00+00:00,56477.25,49971.0,3690.75,2810.0,5.5,4298.25,2294.5,0.0
2025-01-16 05:00:00+00:00,63270.75,55678.5,4465.25,3120.25,6.75,4862.0,2416.75,0.0
2025-01-16 06:00:00+00:00,69051.0,60196.0,5100.5,3742.0,12.5,5525.75,2678.25,0.0
2025-01-16 07:00:00+00:00,72226.75,61612.5,5962.5,4317.5,334.25,6250.5,3105.0,474.0
2025-01-16 08:00:00+00:00,72581.5,59317.25,6150.5,4648.0,2465.75,6774.0,3569.25,3190.25
2025-01-16 09:00:00+00:00,73043.25,56359.75,6027.5,4982.25,5673.75,6973.0,3915.25,6871.5
2025-01-16 10:00:00+00:00,73021.25,53718.5,6051.5,4879.0,8372.25,6816.25,4096.0,9900.25
2025-01-16 11:00:00+00:00,72584.0,52058.5,6092.25,5108.25,9325.0,6330.75,4136.0,11303.25
2025-01-16 12:00:00+00:00,71911.25,52552.25,5685.5,4925.25,8748.25,5606.25,4007.75,10692.75
2025-01-16 13:00:00+00:00,70091.0,53721.75,5043.75,4484.75,6840.75,4949.75,3788.5,8129.75
2025-01-16 14:00:00+00:00,69750.25,57575.25,4773.25,4000.25,3401.5,4531.75,3630.25,4121.0
2025-01-16 15:00:00+00:00,70862.75,61349.25,5045.25,3974.25,494.0,4649.5,3495.25,699.25
2025-01-16 16:00:00+00:00,72829.25,63248.25,5452.25,4114.25,14.5,5180.5,3409.5,0.25
2025-01-16 17:00:00+00:00,72358.5,62130.75,5828.5,4380.0,19.25,5616.0,3445.5,0.0
2025-01-16 18:00:00+00:00,70791.25,60204.5,5829.25,4745.25,12.25,5742.0,3566.5,0.0
2025-01-16 19:00:00+00:00,67407.0,56623.5,6045.5,4731.75,6.25,5738.25,3656.75,0.0
2025-01-16 20:00:00+00:00,64004.75,53506.25,5743.0,4749.5,6.0,5592.0,3673.75,0.0
2025-01-16 21:00:00+00:00,61286.5,51350.25,5428.25,4502.25,5.75,5358.25,3636.5,0.0
2025-01-16 22:00:00+00:00,57730.25,48153.25,5235.0,4337.0,5.0,5054.75,3582.5,0.0
2025-01-16 23:00:00+00:00,55570.5,46063.25,5094.25,4407.75,5.25,4702.25,3836.5,0.0
2025-01-17 00:00:00+00:00,54187.5,44931.75,4652.5,4597.75,5.5,4587.75,3768.25,0.0
2025-01-17 01:00:00+00:00,53027.0,44215.75,4254.0,4551.5,5.75,4339.0,3663.0,0.0
2025-01-17 02:00:00+00:00,53238.75,44901.25,3905.5,4426.0,6.0,4038.5,3533.0,0.0
2025-01-17 03:00:00+00:00,54339.25,47160.25,3472.5,3700.5,6.0,3686.0,3398.0,0.0
2025-01-17 04:00:00+00:00,56753.75,50293.25,2951.5,3503.0,6.0,3336.75,3276.0,0.0
2025-01-17 05:00:00+00:00,63390.0,57168.75,2656.25,3558.25,6.75,3027.25,3168.0,0.0
2025-01-17 06:00:00+00:00,69412.75,63290.75,2432.5,3676.25,13.25,2835.0,3121.0,0.0
2025-01-17 07:00:00+00:00,72398.75,66030.75,2285.5,3782.25,300.25,2780.0,3110.5,631.0
2025-01-17 08:00:00+00:00,73064.0,65295.5,2072.0,3775.5,1921.0,2688.5,3080.25,3712.0
2025-01-17 09:00:00+00:00,73541.0,63163.25,1937.25,4157.25,4283.25,2417.0,3046.0,7935.5
2025-01-17 10:00:00+00:00,73556.0,60873.25,2022.0,4418.0,6242.75,2037.0,3087.0,11656.25
2025-01-17 11:00:00+00:00,73112.5,59562.5,1934.5,4292.5,7323.0,1749.25,3176.0,13950.25
2025-01-17 12:00:00+00:00,71415.25,58348.0,1745.25,4495.5,6826.5,1643.5,3231.75,13533.75
2025-01-17 13:00:00+00:00,70106.0,59071.25,1746.0,4470.75,4818.0,1654.5,3203.25,10319.0
2025-01-17 14:00:00+00:00,69226.0,61185.75,1820.0,4176.25,2044.0,1903.0,3089.75,5120.5
2025-01-17 15:00:00+00:00,69787.25,63236.25,2316.0,4017.75,217.25,2354.75,2942.25,834.25
2025-01-17 16:00:00+00:00,71897.0,65661.75,2337.5,3885.0,12.75,2717.5,2763.75,0.25
2025-01-17 17:00:00+00:00,71134.25,65482.75,2214.5,3425.25,11.75,2897.5,2523.75,0.0
2025-01-17 18:00:00+00:00,68855.25,64145.0,1950.25,2752.0,8.0,2939.0,2299.25,0.0
2025-01-17 19:00:00+00:00,65181.75,60863.75,1821.25,2488.25,8.5,2962.0,2169.0,0.0
2025-01-17 20:00:00+00:00,61892.75,57450.5,2038.75,2395.5,8.0,3036.75,2135.0,0.0
2025-01-17 21:00:00+00:00,58925.0,53849.25,2336.5,2732.25,7.0,3117.5,2154.5,0.0
2025-01-17 22:00:00+00:00,56348.75,50901.75,2553.0,2887.5,6.5,3204.5,2141.25,0.0
2025-01-17 23:00:00+00:00,53214.25,48126.25,2685.5,2396.5,6.0,3253.5,2155.75,0.0
2025-01-18 00:00:00+00:00,50985.75,45789.75,3132.75,2057.25,6.0,3273.5,2019.25,0.0
2025-01-18 01:00:00+00:00,50110.75,45126.0,3163.5,1816.25,5.0,3242.5,1820.5,0.0
2025-01-18 02:00:00+00:00,49575.75,45138.25,2844.5,1588.0,5.0,3261.0,1616.5,0.0
2025-01-18 03:00:00+00:00,49322.5,45513.75,2678.75,1124.75,5.25,3223.0,1388.0,0.0
2025-01-18 04:00:00+00:00,49299.25,45679.25,2527.0,1087.75,5.25,3128.0,1162.0,0.0
2025-01-18 05:00:00+00:00,50439.0,46975.0,2386.0,1072.0,6.0,3008.25,942.5,0.0
2025-01-18 06:00:00+00:00,53119.5,49488.0,2442.0,1181.5,8.0,2808.5,725.25,0.25
2025-01-18 07:00:00+00:00,56550.75,52802.0,2316.75,899.5,532.5,2770.0,550.5,866.25
2025-01-18 08:00:00+00:00,59065.5,52799.75,2064.25,608.75,3592.75,2684.25,429.75,4839.0
2025-01-18 09:00:00+00:00,60715.5,50313.0,2011.75,397.0,7993.75,2433.75,379.25,10143.75
2025-01-18 10:00:00+00:00,61530.5,47054.25,1925.0,265.25,12286.0,2024.25,370.0,14866.5
2025-01-18 11:00:00+00:00,60996.0,44376.75,1684.0,169.5,14765.75,1622.0,377.0,17327.5
2025-01-18 12:00:00+00:00,59436.5,43305.75,1556.0,179.25,14395.5,1414.75,369.0,16429.75
2025-01-18 13:00:00+00:00,57325.75,44602.25,1475.25,163.5,11084.75,1432.5,351.75,12413.5
2025-01-18 14:00:00+00:00,56843.75,50110.75,1160.75,229.0,5343.25,1761.5,352.75,6254.5
2025-01-18 15:00:00+00:00,58304.0,55621.0,1466.75,446.75,769.5,2446.5,376.0,1074.25
2025-01-18 16:00:00+00:00,61515.25,58616.0,2203.0,673.5,22.75,3389.75,417.75,0.25
2025-01-18 17:00:00+00:00,62563.75,58800.75,2929.25,814.75,19.0,4206.75,454.0,0.0
2025-01-18 18:00:00+00:00,60549.0,56126.75,3577.75,829.0,15.5,4655.5,477.75,0.0
2025-01-18 19:00:00+00:00,57255.5,52639.25,3924.0,686.0,6.25,4903.75,487.5,0.0
2025-01-18 20:00:00+00:00,55022.0,50381.75,3954.25,679.75,6.25,4975.25,478.75,0.0
2025-01-18 21:00:00+00:00,53622.75,49207.5,3830.0,579.25,6.0,4918.0,455.5,0.0
2025-01-18 22:00:00+00:00,51486.75,46984.0,3937.0,559.75,6.0,4843.75,436.75,0.0
2025-01-18 23:00:00+00:00,49101.25,44604.25,3934.25,555.75,7.0,5145.0,518.0,0.0
2025-01-19 00:00:00+00:00,47265.5,42745.25,4049.5,463.75,7.0,5288.0,444.25,0.0
2025-01-19 01:00:00+00:00,46039.75,41580.25,4069.5,383.0,7.0,5342.25,357.5,0.0
2025-01-19 02:00:00+00:00,45782.0,41583.75,3958.75,232.75,6.75,5336.75,303.0,0.0
2025-01-19 03:00:00+00:00,45402.75,41053.25,4121.0,221.5,7.0,5302.5,299.5,0.0
2025-01-19 04:00:00+00:00,45212.25,40720.25,4144.25,341.25,6.5,5324.75,333.5,0.0
2025-01-19 05:00:00+00:00,45569.0,41037.75,4183.5,340.75,7.0,5470.25,383.0,0.0
2025-01-19 06:00:00+00:00,47595.0,42660.25,4574.75,349.5,10.5,5641.5,430.5,0.25
2025-01-19 07:00:00+00:00,50806.75,44390.0,5010.5,352.0,1054.25,5897.0,471.75,1229.75
2025-01-19 08:00:00+00:00,53950.0,41387.25,5308.0,430.0,6824.75,6028.25,486.75,6740.5
2025-01-19 09:00:00+00:00,56969.25,36372.5,5582.75,339.75,14674.25,5823.25,470.25,13695.25
2025-01-19 10:00:00+00:00,58915.0,33298.75,5055.0,206.0,20355.25,5010.75,407.25,19618.5
2025-01-19 11:00:00+00:00,58406.25,31871.5,4316.0,93.5,22125.25,3947.5,309.75,21972.75
2025-01-19 12:00:00+00:00,56155.5,32465.0,3459.25,63.75,20167.5,3503.75,220.0,19935.25
2025-01-19 13:00:00+00:00,53630.5,35714.0,3203.5,72.0,14641.0,3770.75,167.5,14325.0
2025-01-19 14:00:00+00:00,53054.75,42377.0,3841.5,72.5,6763.75,4740.25,146.25,7111.25
2025-01-19 15:00:00+00:00,55547.25,48839.75,5787.25,57.25,863.0,6297.25,150.25,1235.25
2025-01-19 16:00:00+00:00,59485.25,51689.25,7728.75,54.5,12.75,7734.5,162.75,2.5
2025-01-19 17:00:00+00:00,60828.5,52123.0,8651.25,44.25,10.0,8424.75,192.25,0.0
2025-01-19 18:00:00+00:00,59335.0,50576.75,8699.0,50.75,8.5,8407.75,227.0,0.0
2025-01-19 19:00:00+00:00,56808.5,48288.0,8462.25,49.5,8.75,7976.75,261.25,0.0
2025-01-19 20:00:00+00:00,54815.25,46975.75,7779.0,52.0,8.5,7420.5,273.5,0.0
2025-01-19 21:00:00+00:00,54044.5,46535.5,7427.75,74.25,7.0,6838.0,258.0,0.0
2025-01-19 22:00:00+00:00,52057.0,44498.25,7442.5,109.0,7.25,6289.5,247.75,0.0
2025-01-19 23:00:00+00:00,50097.75,42823.5,7140.0,125.25,9.0,5663.0,201.25,0.0
2025-01-20 00:00:00+00:00,48748.0,41847.75,6738.0,153.5,8.75,5351.75,204.0,0.0
2025-01-20 01:00:00+00:00,48852.25,42485.25,6183.75,175.25,8.0,5127.0,205.5,0.0
2025-01-20 02:00:00+00:00,49863.0,43827.0,5772.5,255.5,8.0,4863.75,214.0,0.0
2025-01-20 03:00:00+00:00,50631.0,44830.5,5509.5,283.0,8.0,4566.0,234.75,0.0
2025-01-20 04:00:00+00:00,53961.75,48186.0,5491.0,277.75,7.0,4243.75,258.0,0.0
2025-01-20 05:00:00+00:00,62448.5,56587.5,5507.75,343.75,9.5,3963.0,279.0,0.0
2025-01-20 06:00:00+00:00,68512.25,62844.0,5238.0,407.5,22.75,3726.5,298.0,0.25
2025-01-20 07:00:00+00:00,71680.25,65005.75,5039.5,446.25,1188.75,3580.0,314.5,1154.75
2025-01-20 08:00:00+00:00,72149.0,61907.75,4097.0,473.5,5670.75,3271.5,332.25,5769.25
2025-01-20 09:00:00+00:00,72810.25,58224.0,2826.75,476.75,11282.75,2640.5,348.5,11425.25
2025-01-20 10:00:00+00:00,72882.0,55286.75,1937.75,423.0,15234.5,1880.75,366.75,15819.75
2025-01-20 11:00:00+00:00,72230.25,54452.0,1500.5,419.25,15858.5,1287.5,399.0,17473.25
2025-01-20 12:00:00+00:00,71260.0,56021.75,1376.25,416.0,13446.0,1045.0,424.5,15620.0
2025-01-20 13:00:00+00:00,69691.75,58715.75,1462.75,555.0,8958.25,1078.75,465.5,11157.25
2025-01-20 14:00:00+00:00,69029.0,62305.0,1797.0,881.25,4045.75,1365.75,565.5,5521.5
2025-01-20 15:00:00+00:00,69283.25,65124.0,2323.5,1241.75,594.0,1934.5,722.0,1025.75
2025-01-20 16:00:00+00:00,71413.5,66808.75,2765.75,1800.25,38.75,2486.25,907.0,3.75
2025-01-20 17:00:00+00:00,71194.75,66652.25,2893.0,1623.75,25.75,2849.75,1157.5,0.0
2025-01-20 18:00:00+00:00,70135.25,65075.75,3234.5,1801.75,23.25,3152.75,1490.25,0.0
2025-01-20 19:00:00+00:00,66835.0,60521.75,3664.75,2637.5,11.0,3349.25,1796.25,0.0
2025-01-20 20:00:00+00:00,63413.0,56482.25,3780.25,3143.25,7.25,3400.25,2040.75,0.0
2025-01-20 21:00:00+00:00,60487.75,53003.0,3666.75,3811.25,6.75,3382.25,2228.75,0.0
2025-01-20 22:00:00+00:00,57455.75,49573.0,3522.5,4354.0,6.25,3247.0,2325.0,0.0
2025-01-20 23:00:00+00:00,54108.25,46797.5,3506.25,3798.5,6.0,3721.75,3500.0,0.0
2025-01-21 00:00:00+00:00,52902.5,45355.5,3282.5,4259.25,5.25,3625.25,3542.5,0.0
2025-01-21 01:00:00+00:00,52386.75,44970.75,2925.5,4484.75,5.75,3506.5,3582.0,0.0
2025-01-21 02:00:00+00:00,52709.5,45339.0,2800.75,4563.75,6.0,3505.25,3652.5,0.0
2025-01-21 03:00:00+00:00,53673.25,46386.0,2666.75,4615.0,5.5,3557.25,3762.5,0.0
2025-01-21 04:00:00+00:00,57242.0,49812.25,2502.75,4921.75,5.25,3666.0,3883.5,0.0
2025-01-21 05:00:00+00:00,63691.75,56144.0,2656.75,4885.25,5.75,3899.25,3988.25,0.0
2025-01-21 06:00:00+00:00,69758.75,61612.25,2702.75,5433.25,10.5,4029.0,4100.75,0.25
2025-01-21 07:00:00+00:00,72399.75,63587.0,2630.0,5456.25,726.5,4053.0,4177.0,893.0
2025-01-21 08:00:00+00:00,72148.75,59875.0,2587.25,5414.25,4272.25,3940.25,4178.25,4792.0
2025-01-21 09:00:00+00:00,72409.0,55614.0,2507.75,5156.75,9130.5,3564.0,4126.0,9862.5
2025-01-21 10:00:00+00:00,71850.0,51371.5,2306.5,5072.5,13099.5,2953.25,4038.0,14492.0
2025-01-21 11:00:00+00:00,70875.25,49288.5,2116.0,4645.5,14825.25,2416.25,3941.75,17378.75
2025-01-21 12:00:00+00:00,69910.0,49527.75,2036.0,4469.25,13877.0,2160.0,3777.5,16729.25
2025-01-21 13:00:00+00:00,68156.0,51669.75,2005.0,4057.75,10423.5,2093.5,3482.25,12719.25
2025-01-21 14:00:00+00:00,67959.5,57486.75,1871.0,3431.75,5170.0,2243.5,3150.5,6594.75
2025-01-21 15:00:00+00:00,68594.5,62488.75,2007.0,3229.5,869.25,2771.0,2850.5,1354.25
2025-01-21 16:00:00+00:00,71008.5,64973.25,2358.25,3637.5,39.5,3553.75,2696.25,7.0
2025-01-21 17:00:00+00:00,71400.75,65202.25,2698.0,3480.0,20.5,4343.0,2686.0,0.0
2025-01-21 18:00:00+00:00,69873.0,63210.25,3022.5,3623.0,17.25,4962.5,2706.75,0.0
2025-01-21 19:00:00+00:00,66012.25,58548.5,3502.25,3951.5,10.0,5408.0,2688.5,0.0
2025-01-21 20:00:00+00:00,62561.0,54848.25,3974.75,3732.0,6.0,5615.75,2595.0,0.0
2025-01-21 21:00:00+00:00,59534.5,52329.5,4161.75,3037.0,6.25,5722.0,2382.0,0.0
2025-01-21 22:00:00+00:00,56368.5,49587.25,4398.0,2377.25,6.0,5850.5,2049.75,0.0
2025-01-21 23:00:00+00:00,53409.5,46875.25,4852.5,1675.75,6.0,4891.5,1833.0,0.0
2025-01-22 00:00:00+00:00,51514.25,45209.5,5168.75,1130.0,6.0,5240.25,1428.75,0.0
2025-01-22 01:00:00+00:00,50816.0,44509.75,5427.0,873.25,6.0,5683.25,1127.25,0.0
2025-01-22 02:00:00+00:00,51063.25,44499.25,5800.25,757.75,6.0,6145.0,915.0,0.0
2025-01-22 03:00:00+00:00,51841.25,44769.75,6410.25,655.25,6.0,6695.25,765.75,0.0
2025-01-22 04:00:00+00:00,55080.5,47347.0,7121.75,605.75,6.0,7488.0,688.75,0.0
2025-01-22 05:00:00+00:00,62160.0,53280.25,8077.0,792.0,10.75,8653.0,685.25,0.0
2025-01-22 06:00:00+00:00,67633.25,57957.0,8786.25,869.75,20.25,9940.25,742.25,0.25
2025-01-22 07:00:00+00:00,70163.0,58310.5,9816.0,1137.5,899.0,11473.5,830.5,904.25
2025-01-22 08:00:00+00:00,70371.75,53290.25,10876.25,1414.25,4791.0,12445.0,898.5,4554.25
2025-01-22 09:00:00+00:00,70022.75,48145.0,10847.0,1367.25,9663.5,12733.5,903.25,8960.5
2025-01-22 10:00:00+00:00,70339.75,45314.0,10308.75,1493.25,13223.75,12413.5,862.25,11945.5
2025-01-22 11:00:00+00:00,70328.75,45143.25,9894.25,1606.0,13685.25,11608.25,773.5,12601.25
2025-01-22 12:00:00+00:00,68661.25,45512.5,9775.5,1768.0,11605.25,11357.5,683.5,10762.5
2025-01-22 13:00:00+00:00,67559.0,47337.25,10725.75,1844.25,7651.75,11574.75,658.0,7454.25
2025-01-22 14:00:00+00:00,67130.75,49043.0,13011.0,1529.75,3547.0,12381.25,718.5,3687.75
2025-01-22 15:00:00+00:00,68144.25,50268.5,15912.5,1438.5,524.75,13951.0,865.75,682.0
2025-01-22 16:00:00+00:00,71280.0,51221.5,18544.5,1492.25,21.75,15586.25,1075.5,4.5
2025-01-22 17:00:00+00:00,71878.75,49999.5,20033.5,1830.25,15.5,16881.75,1286.75,0.0
2025-01-22 18:00:00+00:00,69766.0,47654.5,20196.5,1903.75,11.25,17830.25,1422.0,0.0
2025-01-22 19:00:00+00:00,66515.5,44485.0,20123.25,1897.25,10.0,18594.25,1445.75,0.0
2025-01-22 20:00:00+00:00,63128.25,40950.5,20139.5,2030.25,8.0,18785.5,1402.5,0.0
2025-01-22 21:00:00+00:00,60138.75,38724.25,19352.75,2054.75,7.0,18615.25,1380.5,0.0
2025-01-22 22:00:00+00:00,56552.5,35277.5,19158.75,2108.5,7.75,18656.75,1377.25,0.0
2025-01-22 23:00:00+00:00,52619.75,31505.75,19102.25,2004.25,7.5,19593.75,1949.25,0.0
2025-01-23 00:00:00+00:00,50236.75,28779.25,19458.5,1992.0,7.0,19551.0,1937.25,0.0
2025-01-23 01:00:00+00:00,49659.0,27066.25,20495.75,2090.0,7.0,19865.0,2043.25,0.0
2025-01-23 02:00:00+00:00,49416.75,26346.25,20705.5,2358.0,7.0,20188.5,2329.5,0.0
2025-01-23 03:00:00+00:00,50641.25,27198.5,20619.0,2817.75,6.0,20455.75,2801.5,0.0
2025-01-23 04:00:00+00:00,53947.0,28347.75,22083.5,3509.5,6.25,21281.75,3425.75,0.0
2025-01-23 05:00:00+00:00,61435.0,33213.25,23854.75,4360.75,6.25,22576.5,4137.75,0.0
2025-01-23 06:00:00+00:00,67345.25,36277.5,25416.25,5643.25,8.25,23345.0,4854.0,2.0
2025-01-23 07:00:00+00:00,70009.5,36693.75,26803.75,6197.75,314.25,24628.25,5280.25,323.75
2025-01-23 08:00:00+00:00,71168.75,35440.5,28118.5,6097.25,1512.5,25872.5,5423.25,1567.0
2025-01-23 09:00:00+00:00,72011.0,33900.0,28870.25,6225.0,3015.75,26836.25,5388.75,3169.75
2025-01-23 10:00:00+00:00,72696.0,32799.0,29318.75,5640.5,4937.75,27422.25,5238.0,4744.75
2025-01-23 11:00:00+00:00,73082.25,30426.0,31016.5,5273.75,6366.0,27819.0,5156.0,5783.5
2025-01-23 12:00:00+00:00,72148.5,28816.5,31829.0,4523.5,6979.5,28093.25,5160.25,5891.5
2025-01-23 13:00:00+00:00,71337.0,29982.5,31159.75,3970.75,6224.0,27885.0,5143.5,5023.0
2025-01-23 14:00:00+00:00,70157.5,33046.25,29400.25,4243.5,3467.5,27522.25,5194.5,2879.5
2025-01-23 15:00:00+00:00,70514.0,36651.25,28587.0,4589.0,686.75,27796.0,5304.0,630.0
2025-01-23 16:00:00+00:00,72685.5,39135.75,28608.5,4926.5,14.75,28539.5,5482.0,6.25
2025-01-23 17:00:00+00:00,72176.25,38450.5,28760.75,4949.75,15.25,29552.5,5662.5,0.0
2025-01-23 18:00:00+00:00,70427.75,36149.25,29311.5,4957.0,10.0,30810.75,5802.0,0.0
2025-01-23 19:00:00+00:00,67230.75,32160.25,30322.25,4736.75,11.5,32595.0,5819.75,0.0
2025-01-23 20:00:00+00:00,63803.25,28435.5,31227.0,4131.25,9.5,34143.0,5714.75,0.0
2025-01-23 21:00:00+00:00,60914.75,26709.0,29807.0,4389.75,9.0,34320.25,5561.5,0.0
2025-01-23 22:00:00+00:00,56854.75,22955.25,30050.75,3840.0,8.75,34618.5,5442.25,0.0
2025-01-23 23:00:00+00:00,53956.25,20504.0,29969.25,3474.0,9.0,30014.5,5880.0,0.0
2025-01-24 00:00:00+00:00,51895.5,17828.5,29617.25,4440.5,9.25,29654.75,5719.75,0.0
2025-01-24 01:00:00+00:00,51230.0,16609.75,29499.75,5110.75,9.75,28967.75,5717.0,0.0
2025-01-24 02:00:00+00:00,51245.0,17290.0,28680.5,5265.5,9.0,27921.5,5728.5,0.0
2025-01-24 03:00:00+00:00,52322.0,19133.0,27804.5,5375.25,9.25,26699.5,5679.0,0.0
2025-01-24 04:00:00+00:00,55003.75,22187.75,27287.0,5519.75,9.25,25571.5,5696.5,0.0
2025-01-24 05:00:00+00:00,62135.25,27495.0,28319.75,6310.25,10.25,25186.5,5731.5,0.0
2025-01-24 06:00:00+00:00,67873.75,32557.5,28880.25,6423.75,12.25,24765.5,5833.25,2.5
2025-01-24 07:00:00+00:00,70306.0,32674.75,29975.5,6739.5,916.25,25516.25,5881.5,831.25
2025-01-24 08:00:00+00:00,70397.0,28569.25,31203.0,6025.0,4599.75,26482.5,5838.25,3792.25
2025-01-24 09:00:00+00:00,70804.5,24069.75,31689.0,5834.5,9211.25,27249.0,5680.0,7124.0
2025-01-24 10:00:00+00:00,70239.5,20462.5,32885.25,4834.25,12057.5,28265.75,5335.5,9249.25
2025-01-24 11:00:00+00:00,69992.5,19205.75,33525.25,4710.75,12550.75,29810.0,4935.5,9722.0
2025-01-24 12:00:00+00:00,68221.75,18183.25,34218.5,4535.5,11284.5,32114.25,4698.0,8441.5
2025-01-24 13:00:00+00:00,66861.0,17178.5,37229.5,4797.0,7656.0,33881.25,4648.25,5799.25
2025-01-24 14:00:00+00:00,66380.25,19363.0,38994.5,4421.25,3601.5,35551.5,4804.25,2895.75
2025-01-24 15:00:00+00:00,66800.5,21548.75,40110.0,4468.75,673.0,36657.5,5048.0,643.0
2025-01-24 16:00:00+00:00,69036.25,24168.0,40468.25,4382.5,17.5,36956.5,5212.75,10.25
2025-01-24 17:00:00+00:00,68505.5,24345.0,39692.0,4453.75,14.75,36309.5,5297.5,0.0
2025-01-24 18:00:00+00:00,67021.5,24098.75,38021.25,4888.25,13.25,35161.25,5383.75,0.0
2025-01-24 19:00:00+00:00,63665.75,22993.25,35740.75,4921.0,10.75,33960.25,5456.75,0.0
2025-01-24 20:00:00+00:00,59942.25,21987.0,32834.0,5111.25,10.0,32156.0,5497.5,0.0
2025-01-24 21:00:00+00:00,56217.5,20614.0,29611.75,5982.75,9.0,29218.25,5699.75,0.0
2025-01-24 22:00:00+00:00,52705.5,18787.5,27219.5,6690.5,8.0,26711.0,5775.5,0.0
2025-01-24 23:00:00+00:00,51798.75,19786.25,25657.25,6347.0,8.25,23294.0,5869.5,0.0
2025-01-25 00:00:00+00:00,48997.0,18521.0,23813.75,6650.25,12.0,21703.75,5698.5,0.0
2025-01-25 01:00:00+00:00,47623.25,18744.75,22482.25,6384.0,12.25,20834.0,5266.25,0.0
2025-01-25 02:00:00+00:00,46977.0,19556.75,21710.5,5700.0,9.75,20468.0,4688.0,0.0
2025-01-25 03:00:00+00:00,47575.0,20252.5,21762.25,5553.0,7.25,20333.5,4119.0,0.0
2025-01-25 04:00:00+00:00,47937.25,19886.5,22897.5,5146.75,6.5,20523.5,3686.5,0.0
2025-01-25 05:00:00+00:00,48761.0,19095.5,24715.5,4943.25,6.75,21215.25,3296.5,0.0
2025-01-25 06:00:00+00:00,51093.75,20103.25,26225.75,4749.5,15.25,21807.25,3004.0,4.5
2025-01-25 07:00:00+00:00,54847.5,21625.5,27278.75,5310.75,632.5,22827.25,2818.25,835.25
2025-01-25 08:00:00+00:00,58200.5,22941.5,27467.5,5219.75,2571.75,23508.75,2648.25,3463.5
2025-01-25 09:00:00+00:00,59869.75,20982.0,27268.25,5550.5,6069.0,23583.75,2597.0,6229.5
2025-01-25 10:00:00+00:00,61079.0,19151.0,27086.5,5532.25,9309.25,23073.75,2776.0,8492.25
2025-01-25 11:00:00+00:00,60795.25,17900.5,26604.5,5230.75,11059.5,22391.0,3033.0,9766.5
2025-01-25 12:00:00+00:00,58892.25,18622.25,24979.25,4586.5,10704.25,21697.25,3157.75,9651.25
2025-01-25 13:00:00+00:00,58209.0,22503.5,22491.5,4573.0,8641.0,20164.5,3045.5,7734.0
2025-01-25 14:00:00+00:00,56943.25,30325.0,18413.75,4092.25,4112.25,17630.0,2836.5,4227.0
2025-01-25 15:00:00+00:00,57422.5,38049.25,14706.75,3880.75,785.75,14851.5,2723.25,958.25
2025-01-25 16:00:00+00:00,60826.75,44662.75,12459.0,3685.75,19.25,12326.75,2642.75,6.25
2025-01-25 17:00:00+00:00,61344.75,48108.25,10227.0,2994.25,15.25,10356.5,2508.5,0.0
2025-01-25 18:00:00+00:00,58710.5,47922.0,7668.25,3102.5,17.75,8898.5,2328.75,0.0
2025-01-25 19:00:00+00:00,55802.75,46406.0,6639.5,2740.25,17.0,7838.75,2100.0,0.0
2025-01-25 20:00:00+00:00,53403.25,43986.0,6742.5,2664.25,10.5,7037.0,1871.75,0.0
2025-01-25 21:00:00+00:00,51322.0,42744.0,6583.75,1985.5,8.75,6468.75,1656.75,0.0
2025-01-25 22:00:00+00:00,47581.75,39412.75,7072.0,1089.25,7.75,6251.75,1458.5,0.0
2025-01-25 23:00:00+00:00,44033.25,35917.25,7626.0,481.25,8.75,7703.0,722.25,0.0
2025-01-26 00:00:00+00:00,42199.75,32863.75,9046.5,281.25,8.25,8101.5,419.5,0.0
2025-01-26 01:00:00+00:00,41570.25,30737.75,10631.75,194.25,6.5,8438.25,275.5,0.0
2025-01-26 02:00:00+00:00,41093.75,29621.0,11439.0,27.75,6.0,9087.5,227.5,0.0
2025-01-26 03:00:00+00:00,41284.75,28988.75,12286.5,3.5,6.0,9824.0,230.5,0.0
2025-01-26 04:00:00+00:00,41517.5,27994.0,13421.5,96.0,6.0,10301.5,258.75,0.0
2025-01-26 05:00:00+00:00,42069.5,26545.75,15175.5,341.75,6.5,10442.5,345.0,0.0
2025-01-26 06:00:00+00:00,44014.5,27067.0,16312.5,625.0,10.0,10067.5,507.75,4.25
2025-01-26 07:00:00+00:00,48203.75,31267.0,15728.25,763.0,445.5,9774.75,730.25,484.75
2025-01-26 08:00:00+00:00,51925.75,34003.5,14464.25,1021.75,2436.25,9507.5,973.5,2510.25
2025-01-26 09:00:00+00:00,54298.0,32880.5,13651.75,1790.75,5975.0,9263.25,1238.0,5354.5
2025-01-26 10:00:00+00:00,56057.75,30901.75,13682.0,2280.25,9193.75,8834.5,1483.0,8020.0
2025-01-26 11:00:00+00:00,56356.5,29659.5,13225.5,3056.0,10415.5,8251.75,1754.75,9976.25
2025-01-26 12:00:00+00:00,55158.5,28218.5,13112.75,3390.75,10436.5,7726.25,2069.25,10408.75
2025-01-26 13:00:00+00:00,53888.0,29480.75,12471.25,3013.25,8922.75,7040.5,2263.75,9069.0
2025-01-26 14:00:00+00:00,53538.25,34254.25,11566.25,2612.5,5105.25,6326.0,2506.0,5497.0
2025-01-26 15:00:00+00:00,54665.75,39588.0,11576.0,2408.75,1093.0,6507.25,2961.25,1461.75
2025-01-26 16:00:00+00:00,57803.5,42383.75,12562.25,2826.0,31.5,8521.25,3749.25,17.0
2025-01-26 17:00:00+00:00,59360.75,39903.25,15118.0,4323.5,16.0,11935.25,4505.5,0.0
2025-01-26 18:00:00+00:00,57859.75,34377.75,17966.5,5505.0,10.5,16183.0,4919.5,0.0
2025-01-26 19:00:00+00:00,54988.0,28453.0,21082.5,5442.5,10.0,19996.75,5154.0,0.0
2025-01-26 20:00:00+00:00,53188.75,23977.25,23794.0,5408.5,9.0,22585.75,5294.25,0.0
2025-01-26 21:00:00+00:00,52375.0,22205.25,24937.75,5224.0,8.0,24127.0,5380.5,0.0
2025-01-26 22:00:00+00:00,49530.0,17784.0,26808.0,4929.75,8.25,25660.5,5426.5,0.0
2025-01-26 23:00:00+00:00,47729.75,14226.25,28022.5,5472.0,9.0,26094.75,5168.0,0.0
2025-01-27 00:00:00+00:00,46562.75,12159.5,29022.0,5372.5,8.75,27281.5,5065.0,0.0
2025-01-27 01:00:00+00:00,46199.5,10645.25,30748.75,4797.25,8.25,28926.75,5004.0,0.0
2025-01-27 02:00:00+00:00,47069.5,10108.25,32123.5,4829.75,8.0,31035.25,5048.5,0.0
2025-01-27 03:00:00+00:00,49279.25,10175.25,34142.5,4954.0,7.5,33516.25,5190.0,0.0
2025-01-27 04:00:00+00:00,53720.75,11939.25,37022.75,4751.5,7.25,36019.0,5405.25,0.0
2025-01-27 05:00:00+00:00,62139.75,15474.5,40788.75,5867.25,9.25,38694.75,5545.75,0.0
2025-01-27 06:00:00+00:00,68935.5,21956.5,41941.75,5022.0,15.25,39784.0,5578.0,8.5
2025-01-27 07:00:00+00:00,71139.25,24411.5,41671.0,4561.75,495.0,40362.75,5428.75,648.75
2025-01-27 08:00:00+00:00,71042.75,24798.75,40581.5,3227.75,2434.75,40023.0,5311.75,2828.0
2025-01-27 09:00:00+00:00,71678.0,23147.75,39098.5,3888.75,5543.0,39130.0,5296.25,5485.0
2025-01-27 10:00:00+00:00,71987.25,22165.75,37389.0,4270.5,8162.0,38153.5,5310.5,7353.5
2025-01-27 11:00:00+00:00,69931.25,21104.75,35685.0,3753.0,9388.5,37190.0,5325.25,8032.75
2025-01-27 12:00:00+00:00,69592.75,22112.75,33400.5,4611.75,9467.75,35886.75,5323.5,7841.25
2025-01-27 13:00:00+00:00,68205.0,25688.0,30982.5,4692.0,6842.5,32920.75,5438.5,6303.75
2025-01-27 14:00:00+00:00,68257.5,29558.0,29045.25,6581.25,3073.0,29645.0,5714.25,3461.75
2025-01-27 15:00:00+00:00,67521.0,32953.75,26920.0,7044.25,603.0,27494.5,5983.5,911.5
2025-01-27 16:00:00+00:00,69931.0,35684.25,27300.75,6925.75,20.25,26694.75,6077.0,18.0
2025-01-27 17:00:00+00:00,70159.0,35396.0,28123.25,6627.0,12.75,26883.25,6037.25,0.0
2025-01-27 18:00:00+00:00,68492.25,32398.0,29235.75,6849.25,9.25,27968.0,5915.0,0.0
2025-01-27 19:00:00+00:00,65050.0,28613.0,29681.25,6747.0,8.75,28815.75,5779.0,0.0
2025-01-27 20:00:00+00:00,61108.0,24973.25,29596.75,6529.25,8.75,28792.75,5643.5,0.0
2025-01-27 21:00:00+00:00,58790.75,23220.25,28960.5,6601.5,8.5,27814.5,5519.5,0.0
2025-01-27 22:00:00+00:00,55083.5,20834.5,28568.0,5673.0,8.0,27138.0,5505.5,0.0
2025-01-27 23:00:00+00:00,52195.75,19669.0,26972.25,5547.25,7.25,24675.75,5405.5,0.0
2025-01-28 00:00:00+00:00,50564.5,18785.5,26189.0,5583.0,7.0,23633.5,5374.25,0.0
2025-01-28 01:00:00+00:00,50553.0,20333.0,24495.25,5717.75,7.0,22639.5,5368.5,0.0
2025-01-28 02:00:00+00:00,50381.0,21598.25,22972.0,5803.5,7.25,21656.5,5361.75,0.0
2025-01-28 03:00:00+00:00,51375.75,23274.75,22433.0,5660.5,7.5,20804.0,5357.75,0.0
2025-01-28 04:00:00+00:00,54516.0,26059.5,22903.75,5545.0,7.75,20224.0,5342.25,0.0
2025-01-28 05:00:00+00:00,62046.5,31353.5,24346.5,6337.25,9.25,20035.25,5314.5,0.0
2025-01-28 06:00:00+00:00,69042.0,39192.25,23413.75,6421.75,14.25,19304.75,5229.0,7.0
2025-01-28 07:00:00+00:00,70555.75,42015.25,21868.0,6041.5,631.0,19009.0,5060.75,615.75
2025-01-28 08:00:00+00:00,70661.5,43250.25,18787.5,5745.0,2878.75,18441.0,4927.5,2964.0
2025-01-28 09:00:00+00:00,69476.0,41414.25,16722.25,5361.5,5978.0,17235.25,4881.5,5794.75
2025-01-28 10:00:00+00:00,68614.0,40229.25,15321.25,4817.5,8246.0,16120.25,4842.25,7780.75
2025-01-28 11:00:00+00:00,68429.5,41094.75,14273.5,4409.0,8652.25,15803.0,4685.0,8367.0
2025-01-28 12:00:00+00:00,67978.5,42694.25,13530.25,4001.0,7753.0,16239.5,4509.5,7589.25
2025-01-28 13:00:00+00:00,66918.25,43443.25,13254.0,4170.0,6051.0,16146.25,4495.75,5761.75
2025-01-28 14:00:00+00:00,66312.0,44622.75,13790.5,4443.25,3455.5,16000.0,4503.75,3163.0
2025-01-28 15:00:00+00:00,66321.75,46167.25,14743.5,4488.0,923.0,17168.0,4560.0,787.25
2025-01-28 16:00:00+00:00,69044.75,47892.0,16450.25,4658.75,43.75,19210.5,4729.25,21.25
2025-01-28 17:00:00+00:00,69399.25,45290.25,19053.0,5030.0,26.0,21034.0,4832.5,0.0
2025-01-28 18:00:00+00:00,68187.75,41282.0,21537.25,5354.75,13.75,22501.0,4852.5,0.0
2025-01-28 19:00:00+00:00,64607.75,35992.5,23051.25,5553.75,10.25,23958.5,4813.5,0.0
2025-01-28 20:00:00+00:00,60554.0,30733.25,24122.0,5691.25,7.5,24839.75,4680.25,0.0
2025-01-28 21:00:00+00:00,57605.75,28192.5,23822.5,5582.75,8.0,24988.25,4465.25,0.0
2025-01-28 22:00:00+00:00,54059.25,24761.0,24425.0,4866.5,6.75,25366.75,4265.75,0.0
2025-01-28 23:00:00+00:00,50891.5,21135.25,24759.5,4989.5,7.25,23663.0,3938.0,0.0
2025-01-29 00:00:00+00:00,49636.0,20271.75,24885.75,4471.5,7.0,23904.5,3484.5,0.0
2025-01-29 01:00:00+00:00,48991.0,20055.0,25081.0,3848.25,6.75,24308.75,3091.5,0.0
2025-01-29 02:00:00+00:00,49447.5,20150.5,25774.5,3516.5,6.0,24666.25,2738.0,0.0
2025-01-29 03:00:00+00:00,50762.25,21059.5,26759.0,2937.75,6.0,25001.5,2349.25,0.0
2025-01-29 04:00:00+00:00,53857.0,23998.75,27614.25,2237.5,6.5,25500.0,1954.75,0.0
2025-01-29 05:00:00+00:00,60410.75,29420.75,29464.0,1519.0,7.0,26387.5,1635.25,0.0
2025-01-29 06:00:00+00:00,66356.75,35346.5,29908.5,1083.75,18.0,26780.5,1532.5,10.0
2025-01-29 07:00:00+00:00,68965.25,37053.5,29981.75,1177.25,752.75,27483.75,1798.5,745.0
2025-01-29 08:00:00+00:00,69733.5,33742.75,29810.0,2592.25,3588.5,28169.25,2422.75,3184.25
2025-01-29 09:00:00+00:00,69751.25,28008.0,30198.0,4102.75,7442.5,28937.25,3129.5,6023.5
2025-01-29 10:00:00+00:00,70110.0,23702.0,31238.0,4594.25,10575.75,30210.5,3638.0,8224.0
2025-01-29 11:00:00+00:00,69761.0,19544.25,32717.0,5049.75,12450.0,31715.75,3826.0,9787.5
2025-01-29 12:00:00+00:00,69384.25,17823.75,33761.0,5071.0,12728.5,32705.0,4052.0,10527.75
2025-01-29 13:00:00+00:00,68206.0,18859.25,33188.5,5301.5,10856.75,31757.5,4172.5,9590.5
2025-01-29 14:00:00+00:00,68021.25,24845.5,31537.75,5262.25,6375.75,29236.75,4202.75,6229.25
2025-01-29 15:00:00+00:00,67911.75,33629.25,28176.5,4614.75,1491.25,26637.25,4353.25,1831.75
2025-01-29 16:00:00+00:00,70125.5,40045.25,24895.75,5154.25,30.25,24611.0,4453.5,29.0
2025-01-29 17:00:00+00:00,70887.25,41686.5,23636.75,5549.25,14.75,23323.25,4578.5,0.0
2025-01-29 18:00:00+00:00,69682.75,41073.25,23304.5,5294.0,11.0,22279.25,4777.0,0.0
2025-01-29 19:00:00+00:00,66414.75,37724.25,23199.5,5482.0,9.0,21521.0,5114.75,0.0
2025-01-29 20:00:00+00:00,62661.75,34858.75,22148.75,5644.5,9.75,20762.5,5358.5,0.0
2025-01-29 21:00:00+00:00,59487.25,33887.5,20230.0,5360.5,9.25,19593.75,5484.25,0.0
2025-01-29 22:00:00+00:00,55795.25,31085.0,19484.25,5216.25,9.75,18665.25,5407.75,0.0
2025-01-29 23:00:00+00:00,52925.1,28271.6,19010.0,5634.5,9.0,18086.0,5323.25,0.0
2025-01-30 00:00:00+00:00,51674.35,27904.35,18326.0,5435.0,9.0,17209.25,5080.75,0.0
2025-01-30 01:00:00+00:00,50806.17,28087.67,17752.5,4957.5,8.5,16242.0,4809.25,0.0
2025-01-30 02:00:00+00:00,51391.69,29838.69,16920.5,4623.75,8.75,15324.5,4435.25,0.0
2025-01-30 03:00:00+00:00,52223.16,32302.41,15592.5,4319.5,8.75,14161.75,4056.75,0.0
2025-01-30 04:00:00+00:00,54849.07,36796.82,14230.75,3812.75,8.75,12693.0,3755.0,0.0
2025-01-30 05:00:00+00:00,62029.02,45125.77,13070.75,3823.0,9.5,11373.0,3581.0,0.0
2025-01-30 06:00:00+00:00,67999.24,51639.49,12056.25,4275.0,28.5,9931.0,3504.75,28.0
2025-01-30 07:00:00+00:00,69979.25,53807.75,10950.0,3834.5,1387.0,8802.0,3325.5,1546.0
2025-01-30 08:00:00+00:00,70377.43,52130.18,9120.0,4160.75,4966.5,7752.25,3193.5,5452.25
2025-01-30 09:00:00+00:00,70295.56,50048.56,7271.5,4063.0,8912.5,6582.75,3080.75,9503.25
2025-01-30 10:00:00+00:00,70623.27,48171.02,5790.5,3834.5,12827.25,5473.0,2936.75,12200.25
2025-01-30 11:00:00+00:00,69896.49,47257.49,5035.0,3858.0,13746.0,4902.0,2826.25,12781.25
2025-01-30 12:00:00+00:00,68115.87,47350.62,4599.25,3856.0,12310.0,4824.75,2784.0,11361.0
2025-01-30 13:00:00+00:00,66841.85,48739.85,4563.5,4383.75,9154.75,4959.75,2782.25,8507.0
2025-01-30 14:00:00+00:00,65681.91,51034.91,5421.75,4130.25,5095.0,5260.75,2821.75,4678.5
2025-01-30 15:00:00+00:00,65831.57,54651.57,6284.25,3579.0,1316.75,5806.0,2869.5,1269.0
2025-01-30 16:00:00+00:00,68313.9,57491.15,7440.0,3343.0,39.75,6432.5,2920.5,25.75
2025-01-30 17:00:00+00:00,69010.36,56282.11,8822.0,3889.75,16.5,7056.75,2984.75,0.0
2025-01-30 18:00:00+00:00,67554.91,52238.41,11267.5,4036.25,12.75,7822.5,3127.0,0.0
2025-01-30 19:00:00+00:00,64245.54,46771.29,12904.0,4561.25,9.0,8950.0,3344.0,0.0
2025-01-30 20:00:00+00:00,60428.5,42141.0,14132.0,4147.5,8.0,9944.25,3542.75,0.0
2025-01-30 21:00:00+00:00,57408.26,37763.76,14801.25,4834.75,8.5,10574.25,3704.25,0.0
2025-01-30 22:00:00+00:00,53737.03,34459.53,14547.75,4721.25,8.5,11003.0,3776.0,0.0
2025-01-30 23:00:00+00:00,51169.5,32012.75,14185.0,4964.5,7.25,12829.5,4518.0,0.0
2025-01-31 00:00:00+00:00,49987.0,30192.0,14819.75,4968.25,7.0,12993.75,4591.0,0.0
2025-01-31 01:00:00+00:00,49906.0,29003.0,15654.75,5241.25,7.0,13032.5,4648.75,0.0
2025-01-31 02:00:00+00:00,50274.75,29021.75,15846.25,5399.75,7.0,13308.5,4736.25,0.0
2025-01-31 03:00:00+00:00,51599.75,30242.75,16271.5,5079.25,6.25,13636.0,4633.25,0.0
2025-01-31 04:00:00+00:00,54707.5,33332.5,16758.0,4610.75,6.25,13816.5,4353.5,0.0
2025-01-31 05:00:00+00:00,61653.25,39182.75,18063.25,4398.5,8.75,14060.75,3841.75,0.0
2025-01-31 06:00:00+00:00,67200.5,45133.75,17822.75,4222.25,21.75,13738.25,3461.0,16.75
2025-01-31 07:00:00+00:00,69473.25,47238.5,17204.5,3614.75,1415.5,13263.0,3177.0,1432.25
2025-01-31 08:00:00+00:00,70012.5,44534.0,16299.75,2996.5,6182.25,12412.0,2891.25,5546.5
2025-01-31 09:00:00+00:00,70025.5,40853.75,14777.0,2582.25,11812.5,11640.75,2556.75,9909.75
2025-01-31 10:00:00+00:00,69295.0,37457.25,13943.25,1928.75,15965.75,11160.0,2223.75,13125.25
2025-01-31 11:00:00+00:00,67690.5,34911.25,13808.0,1888.75,17082.5,11031.0,1884.0,14446.25
2025-01-31 12:00:00+00:00,65989.75,35372.25,13716.25,1280.0,15621.25,10686.25,1599.75,13436.5
2025-01-31 13:00:00+00:00,64152.0,38997.25,12179.5,930.0,12045.25,9590.5,1376.75,10464.0
2025-01-31 14:00:00+00:00,63553.0,45379.25,10244.5,828.25,7101.0,8009.25,1197.5,6123.25
2025-01-31 15:00:00+00:00,63940.5,52258.25,8815.0,894.75,1972.5,6959.25,1076.75,1715.75
2025-01-31 16:00:00+00:00,66722.75,57449.5,8471.0,739.5,62.75,6845.25,987.0,44.5
2025-01-31 17:00:00+00:00,67509.5,58553.75,8186.75,741.5,27.5,6968.5,923.0,0.0
2025-01-31 18:00:00+00:00,65661.75,56549.5,8295.5,783.25,33.5,6956.0,859.75,0.0
2025-01-31 19:00:00+00:00,62640.25,53594.75,8171.75,851.5,22.25,6661.5,800.25,0.0
2025-01-31 20:00:00+00:00,59574.0,50932.75,7739.75,884.5,17.0,6213.0,748.5,0.0
2025-01-31 21:00:00+00:00,56647.0,48598.75,7064.0,962.75,21.5,5813.75,700.75,0.0
2025-01-31 22:00:00+00:00,53575.5,45947.25,6721.75,892.75,13.75,5530.75,674.75,0.0
2025-01-31 23:00:00+00:00,50968.67,43256.17,6797.25,907.0,8.25,5441.75,505.75,0.0
2025-02-01 00:00:00+00:00,49146.65,41670.15,6569.5,898.25,8.75,5156.25,502.25,0.0
2025-02-01 01:00:00+00:00,48040.66,41093.41,6122.5,816.5,8.25,4888.25,525.0,0.0
2025-02-01 02:00:00+00:00,47077.68,40553.43,5769.25,747.75,7.25,4627.75,568.5,0.0
2025-02-01 03:00:00+00:00,47128.31,40779.31,5677.5,664.5,7.0,4418.75,578.0,0.0
2025-02-01 04:00:00+00:00,47283.42,41393.92,5420.25,461.25,8.0,4319.25,548.75,0.0
2025-02-01 05:00:00+00:00,48184.79,42670.54,5100.25,393.25,20.75,4143.5,502.0,0.0
2025-02-01 06:00:00+00:00,50807.15,45397.9,5023.75,334.75,50.75,3867.25,484.75,34.0
2025-02-01 07:00:00+00:00,53853.19,46501.19,4877.25,311.0,2163.75,3697.0,492.25,2406.5
2025-02-01 08:00:00+00:00,56543.83,42861.83,4534.5,259.0,8888.5,3355.0,515.25,8391.0
2025-02-01 09:00:00+00:00,58095.71,38163.71,3258.75,248.25,16425.0,2715.0,540.0,15183.0
2025-02-01 10:00:00+00:00,58897.27,34594.27,2442.25,251.75,21609.0,2148.0,549.75,20682.25
2025-02-01 11:00:00+00:00,57649.23,31714.73,2331.75,184.0,23418.75,1860.5,542.75,22466.25
2025-02-01 12:00:00+00:00,55783.66,31529.91,2209.75,69.75,21974.25,1650.0,508.25,21022.5
2025-02-01 13:00:00+00:00,54209.91,34698.66,1980.25,61.5,17469.5,1561.75,461.75,16200.75
2025-02-01 14:00:00+00:00,52759.01,40673.26,2000.75,66.5,10018.5,1559.25,426.0,9166.75
2025-02-01 15:00:00+00:00,53733.97,48771.47,2182.75,83.75,2696.0,1831.0,385.0,2782.5
2025-02-01 16:00:00+00:00,57127.5,53977.25,3015.75,60.25,74.25,2663.75,342.0,62.0
2025-02-01 17:00:00+00:00,58638.58,54644.08,3914.75,57.75,22.0,3547.5,316.5,0.0
2025-02-01 18:00:00+00:00,57368.29,52902.04,4355.25,97.0,14.0,3915.25,309.75,0.0
2025-02-01 19:00:00+00:00,54659.39,49807.89,4679.0,157.5,15.0,3940.25,317.25,0.0
2025-02-01 20:00:00+00:00,53240.83,48328.83,4691.5,211.5,9.0,3766.25,331.5,0.0
2025-02-01 21:00:00+00:00,51438.73,46574.48,4592.75,262.75,8.75,3537.75,370.25,0.0
2025-02-01 22:00:00+00:00,49214.21,44231.71,4652.25,322.5,7.75,3301.5,430.25,0.0
2025-02-01 23:00:00+00:00,47015.82,42050.32,4608.5,349.0,8.0,3648.5,347.25,0.0
2025-02-02 00:00:00+00:00,45510.95,41062.95,4081.75,357.0,9.25,3427.5,397.0,0.0
2025-02-02 01:00:00+00:00,44792.3,40575.3,3843.25,366.75,7.0,3171.0,426.0,0.0
2025-02-02 02:00:00+00:00,44997.55,40996.8,3585.0,408.75,7.0,2899.0,433.75,0.0
2025-02-02 03:00:00+00:00,44745.57,41069.57,3267.0,401.5,7.5,2631.75,436.5,0.0
2025-02-02 04:00:00+00:00,44701.54,41536.29,2777.0,381.25,7.0,2424.75,448.5,0.0
2025-02-02 05:00:00+00:00,44881.87,41914.62,2499.0,461.0,7.25,2281.0,466.25,0.0
2025-02-02 06:00:00+00:00,46374.97,43288.47,2452.25,599.25,35.0,2199.75,494.5,42.25
2025-02-02 07:00:00+00:00,49589.28,44197.28,2469.5,724.75,2197.75,2201.5,541.5,2577.25
2025-02-02 08:00:00+00:00,52668.07,40640.07,2217.25,861.0,8949.75,2080.75,598.5,8355.5
2025-02-02 09:00:00+00:00,55508.88,36559.63,1657.0,863.0,16429.25,1650.25,652.5,14598.0
2025-02-02 10:00:00+00:00,57087.12,33314.12,1096.25,971.0,21705.75,1086.0,673.25,19545.5
2025-02-02 11:00:00+00:00,55898.28,30608.78,778.5,1098.25,23412.75,728.5,677.0,21596.75
2025-02-02 12:00:00+00:00,53578.08,29796.32,577.0,978.0,22226.75,541.5,652.75,20355.75
2025-02-02 13:00:00+00:00,51684.21,32388.71,433.25,695.5,18166.75,444.25,588.25,15785.25
2025-02-02 14:00:00+00:00,51082.1,39392.85,396.25,434.25,10858.75,410.25,516.0,9075.5
2025-02-02 15:00:00+00:00,52192.69,48235.69,529.25,445.25,2982.5,469.0,492.75,2816.5
2025-02-02 16:00:00+00:00,56464.4,54758.65,964.75,654.25,86.75,700.25,499.25,72.75
2025-02-02 17:00:00+00:00,59051.25,56645.25,1455.25,939.25,11.5,965.25,532.75,0.0
2025-02-02 18:00:00+00:00,57668.8,54835.05,1637.0,1186.5,10.25,1071.5,590.5,0.0
2025-02-02 19:00:00+00:00,55435.98,52718.48,1660.0,1048.5,9.0,1022.25,687.5,0.0
2025-02-02 20:00:00+00:00,53889.85,51220.1,1594.5,1065.0,10.25,984.5,815.0,0.0
2025-02-02 21:00:00+00:00,53211.88,50879.38,1445.25,878.5,8.75,1006.25,905.75,0.0
2025-02-02 22:00:00+00:00,51020.54,48842.79,1209.25,961.0,7.5,1050.25,937.25,0.0
2025-02-02 23:00:00+00:00,49640.74,47132.99,1145.5,1354.75,7.5,655.75,664.5,0.0
2025-02-03 00:00:00+00:00,48157.48,45564.98,1203.75,1381.5,7.25,687.75,712.75,0.0
2025-02-03 01:00:00+00:00,47699.28,45121.53,1480.0,1090.25,7.5,769.25,739.75,0.0
2025-02-03 02:00:00+00:00,48155.23,45555.98,1810.5,781.75,7.0,878.25,696.25,0.0
2025-02-03 03:00:00+00:00,49678.57,46948.07,1921.5,802.0,7.0,894.75,637.75,0.0
2025-02-03 04:00:00+00:00,52986.44,50522.94,1740.25,715.5,7.75,918.25,641.5,0.0
2025-02-03 05:00:00+00:00,60386.79,58215.29,1555.25,603.5,12.75,965.25,646.0,0.0
2025-02-03 06:00:00+00:00,66878.18,65117.93,1126.25,577.0,57.0,964.0,597.0,36.5
2025-02-03 07:00:00+00:00,69711.92,65942.67,1067.75,677.25,2024.25,1038.25,665.75,2547.75
2025-02-03 08:00:00+00:00,70339.69,60673.44,1365.0,708.5,7592.75,1213.75,780.0,8582.75
2025-02-03 09:00:00+00:00,70462.65,54054.4,1594.5,791.75,14022.0,1258.0,902.75,15433.25
2025-02-03 10:00:00+00:00,70396.61,49599.36,1249.0,1148.75,18399.5,1061.25,1018.25,21313.25
2025-02-03 11:00:00+00:00,69528.04,46916.29,1058.0,1495.75,20058.0,897.0,1123.75,24227.5
2025-02-03 12:00:00+00:00,68639.77,46653.52,1128.75,1603.25,19254.25,809.25,1177.25,23365.5
2025-02-03 13:00:00+00:00,67290.83,48843.58,1054.5,1462.25,15930.5,689.75,1187.25,18488.5
2025-02-03 14:00:00+00:00,65928.01,54080.01,859.5,1534.75,9453.75,634.75,1193.5,10857.25
2025-02-03 15:00:00+00:00,65852.26,60495.51,959.0,1736.5,2661.25,823.75,1251.5,3393.75
2025-02-03 16:00:00+00:00,68891.68,65155.93,1669.25,1958.5,108.0,1341.0,1343.25,70.25
2025-02-03 17:00:00+00:00,69994.58,65264.83,2630.25,2074.25,25.25,2015.5,1709.0,0.0
2025-02-03 18:00:00+00:00,68728.4,62453.15,3743.25,2500.25,31.75,2558.75,1970.75,0.0
2025-02-03 19:00:00+00:00,65389.57,58205.57,4581.75,2588.75,13.5,2914.25,2146.0,0.0
2025-02-03 20:00:00+00:00,62546.72,54628.72,5166.0,2744.75,7.25,3195.75,2311.5,0.0
2025-02-03 21:00:00+00:00,59846.89,51593.89,5255.75,2990.25,7.0,3353.75,2462.75,0.0
2025-02-03 22:00:00+00:00,56430.71,48044.71,5107.25,3272.5,6.25,3433.5,2556.5,0.0
2025-02-03 23:00:00+00:00,54054.96,45766.46,4939.75,3342.25,6.5,4111.5,2749.0,0.0
2025-02-04 00:00:00+00:00,52029.87,43756.37,4921.0,3345.75,6.75,4124.5,2801.5,0.0
2025-02-04 01:00:00+00:00,51781.56,43234.31,5023.0,3517.5,6.75,4066.0,2913.0,0.0
2025-02-04 02:00:00+00:00,51840.85,43430.1,4876.5,3528.25,6.0,4040.5,3082.25,0.0
2025-02-04 03:00:00+00:00,52966.13,44470.88,4885.25,3603.75,6.25,4030.0,3293.75,0.0
2025-02-04 04:00:00+00:00,55565.84,46989.34,5026.0,3543.5,7.0,4126.25,3596.0,0.0
2025-02-04 05:00:00+00:00,63248.54,53639.29,5627.75,3973.75,7.75,4338.25,3918.75,0.0
2025-02-04 06:00:00+00:00,69133.27,58441.52,6245.5,4397.5,48.75,4542.75,4165.0,54.0
2025-02-04 07:00:00+00:00,71904.75,58859.75,6788.0,4405.5,1851.5,4754.5,4360.5,2676.25
2025-02-04 08:00:00+00:00,72615.04,55385.29,6657.5,4608.0,5964.25,4717.5,4503.25,8518.75
2025-02-04 09:00:00+00:00,73413.11,51711.86,5656.75,4999.25,11045.25,4164.75,4591.0,14931.75
2025-02-04 10:00:00+00:00,73297.04,48177.29,4710.75,5401.75,15007.25,3485.0,4634.25,20136.5
2025-02-04 11:00:00+00:00,71948.26,44849.26,4520.75,5499.0,17079.25,3132.5,4669.5,22771.25
2025-02-04 12:00:00+00:00,69981.95,42806.45,4667.75,5408.5,17099.25,2996.75,4730.75,22378.5
2025-02-04 13:00:00+00:00,68759.39,43956.14,4758.5,5477.5,14567.25,3061.5,4823.75,18121.75
2025-02-04 14:00:00+00:00,67569.65,47782.9,5019.5,5515.5,9251.75,3410.25,4918.25,10883.5
2025-02-04 15:00:00+00:00,67778.36,53696.36,5506.25,5813.5,2762.25,4433.0,5083.25,3546.75
2025-02-04 16:00:00+00:00,70649.08,57504.58,7136.0,5917.25,91.25,6123.0,5239.0,119.0
2025-02-04 17:00:00+00:00,72361.94,57136.44,9016.25,6178.0,31.25,7864.0,5344.75,0.0
2025-02-04 18:00:00+00:00,71168.19,54745.94,10330.5,6064.25,27.5,9377.25,5423.0,0.0
2025-02-04 19:00:00+00:00,67908.02,50918.27,11276.25,5699.0,14.5,10811.0,5448.25,0.0
2025-02-04 20:00:00+00:00,64176.51,46218.51,12517.5,5432.5,8.0,11780.75,5433.5,0.0
2025-02-04 21:00:00+00:00,61253.26,43220.26,12954.0,5072.25,6.75,12276.75,5433.5,0.0
2025-02-04 22:00:00+00:00,58149.14,39291.14,14021.0,4830.0,7.0,12725.0,5421.75,0.0
2025-02-04 23:00:00+00:00,55428.68,35510.43,14345.25,5566.5,6.5,14347.75,5460.5,0.0
2025-02-05 00:00:00+00:00,54106.56,33942.56,14421.25,5737.0,5.75,14766.25,5453.25,0.0
2025-02-05 01:00:00+00:00,53547.83,32698.58,15134.25,5708.5,6.5,15349.75,5456.0,0.0
2025-02-05 02:00:00+00:00,53735.63,32292.13,15429.25,6007.25,7.0,15810.5,5345.25,0.0
2025-02-05 03:00:00+00:00,54926.16,33860.91,15214.75,5843.5,7.0,15667.0,5148.25,0.0
2025-02-05 04:00:00+00:00,58452.49,38403.24,14725.25,5318.0,6.0,15114.75,4902.5,0.0
2025-02-05 05:00:00+00:00,65802.25,45927.75,14811.0,5056.5,7.0,14559.25,4735.0,0.0
2025-02-05 06:00:00+00:00,71034.5,52269.5,13829.25,4902.25,33.5,13521.25,4579.25,86.75
2025-02-05 07:00:00+00:00,72885.63,54874.13,12311.75,4115.25,1584.5,12754.25,4349.25,2564.75
2025-02-05 08:00:00+00:00,73495.58,54187.83,10756.75,3583.25,4967.75,11701.75,4166.25,7401.0
2025-02-05 09:00:00+00:00,73763.74,53426.74,8826.0,3283.75,8227.25,10150.75,3969.5,11813.25
2025-02-05 10:00:00+00:00,73544.31,51558.81,7438.75,3505.25,11041.5,8613.75,3720.5,14730.0
2025-02-05 11:00:00+00:00,73046.78,49496.28,7110.5,3573.25,12866.75,7813.25,3542.25,15688.75
2025-02-05 12:00:00+00:00,72039.3,48541.55,7130.5,3482.75,12884.5,7498.5,3457.0,14733.5
2025-02-05 13:00:00+00:00,70765.1,50004.85,6676.5,3233.5,10850.25,7057.75,3342.75,12005.25
2025-02-05 14:00:00+00:00,69472.51,53620.01,6234.75,2949.0,6668.75,6546.5,3132.75,7451.25
2025-02-05 15:00:00+00:00,69193.08,58715.08,6003.75,2423.75,2050.5,6439.0,2851.25,2441.0
2025-02-05 16:00:00+00:00,71008.24,62886.99,6190.0,1846.5,84.75,6913.0,2515.5,92.75
2025-02-05 17:00:00+00:00,71739.96,64132.21,6096.5,1490.75,20.5,7193.25,2168.25,0.0
2025-02-05 18:00:00+00:00,69695.54,62424.04,5892.5,1352.25,26.75,7012.25,1906.0,0.0
2025-02-05 19:00:00+00:00,66097.22,59170.22,5508.5,1403.75,14.75,6633.0,1763.0,0.0
2025-02-05 20:00:00+00:00,62389.16,55857.66,5158.0,1367.0,6.5,6250.0,1679.5,0.0
2025-02-05 21:00:00+00:00,59507.45,53123.2,4947.5,1430.75,6.0,5976.0,1587.0,0.0
2025-02-05 22:00:00+00:00,56483.62,50430.37,4675.75,1371.5,6.0,5706.25,1499.75,0.0
2025-02-05 23:00:00+00:00,53547.76,48126.26,4148.25,1266.75,6.5,3733.75,941.75,0.0
2025-02-06 00:00:00+00:00,51766.04,46817.54,3814.5,1128.0,6.0,3692.25,924.0,0.0
2025-02-06 01:00:00+00:00,50492.13,46359.38,3199.25,928.5,5.0,3513.0,932.5,0.0
2025-02-06 02:00:00+00:00,50651.63,46973.13,2612.0,1061.5,5.0,3422.25,971.0,0.0
2025-02-06 03:00:00+00:00,51425.67,47963.17,2364.5,1093.5,4.5,3467.0,1056.0,0.0
2025-02-06 04:00:00+00:00,54650.19,50899.69,2413.0,1332.5,5.0,3634.75,1120.0,0.0
2025-02-06 05:00:00+00:00,61576.97,57572.22,2697.75,1301.75,5.25,3870.0,1203.0,0.0
2025-02-06 06:00:00+00:00,67142.42,62777.17,2981.75,1360.0,23.5,4019.0,1251.25,40.75
2025-02-06 07:00:00+00:00,69612.92,64325.42,3289.5,1322.5,675.5,4146.75,1188.5,1248.5
2025-02-06 08:00:00+00:00,70304.08,63125.08,3405.0,1191.0,2583.0,4122.75,1121.0,4046.75
2025-02-06 09:00:00+00:00,70904.59,61757.09,3052.25,1061.5,5033.75,3975.0,1115.0,6924.5
2025-02-06 10:00:00+00:00,70933.76,60185.51,2875.5,1038.5,6834.25,3910.0,1152.5,9014.0
2025-02-06 11:00:00+00:00,70704.22,58646.47,3272.25,1178.25,7607.25,4209.75,1200.0,9722.5
2025-02-06 12:00:00+00:00,70264.53,57684.53,4018.5,1299.5,7262.0,4975.0,1357.25,9192.0
2025-02-06 13:00:00+00:00,68960.11,56320.11,5159.5,1619.5,5861.0,5942.25,1627.25,7464.75
2025-02-06 14:00:00+00:00,68326.0,57096.5,5935.75,1715.75,3578.0,6771.25,1963.5,4650.75
2025-02-06 15:00:00+00:00,67847.5,57529.0,7233.25,1958.75,1126.5,7760.0,2363.75,1540.5
2025-02-06 16:00:00+00:00,70718.41,57871.41,9730.5,3062.75,53.75,9740.25,2862.5,90.0
2025-02-06 17:00:00+00:00,71744.92,55679.67,12050.75,3993.75,20.75,12050.0,3351.0,0.0
2025-02-06 18:00:00+00:00,70509.65,52400.15,13640.0,4447.25,22.25,13799.0,3656.25,0.0
2025-02-06 19:00:00+00:00,66834.85,47508.35,14675.75,4637.75,13.0,15099.0,3816.0,0.0
2025-02-06 20:00:00+00:00,63634.74,43150.49,16101.5,4374.75,8.0,15970.25,3922.5,0.0
2025-02-06 21:00:00+00:00,60141.39,38576.64,17565.0,3992.25,7.5,16642.0,4033.0,0.0
2025-02-06 22:00:00+00:00,56423.06,32866.06,19541.5,4008.5,7.0,17500.25,4266.5,0.0
2025-02-06 23:00:00+00:00,53211.97,27751.22,21148.5,4305.25,7.0,18320.25,3757.25,0.0
2025-02-07 00:00:00+00:00,51880.62,23958.37,22421.75,5493.25,7.25,19186.5,4382.25,0.0
2025-02-07 01:00:00+00:00,51748.09,22333.09,23249.75,6157.25,8.0,19838.75,4891.25,0.0
2025-02-07 02:00:00+00:00,52700.29,21266.54,24998.5,6427.25,8.0,20478.75,5132.25,0.0
2025-02-07 03:00:00+00:00,54343.67,21034.67,26611.5,6689.75,7.75,21408.25,5357.5,0.0
2025-02-07 04:00:00+00:00,56774.5,22107.0,28001.0,6659.5,7.0,22622.75,5492.0,0.0
2025-02-07 05:00:00+00:00,63462.23,26666.73,30269.0,6518.75,7.75,23941.0,5660.0,0.0
2025-02-07 06:00:00+00:00,68808.58,31762.83,30892.75,6109.25,43.75,24199.5,5788.5,43.25
2025-02-07 07:00:00+00:00,71511.65,32895.15,30801.25,6538.0,1277.25,24333.75,5829.0,1455.75
2025-02-07 08:00:00+00:00,72471.92,30789.17,30573.0,6610.25,4499.5,24480.25,5696.0,4779.25
2025-02-07 09:00:00+00:00,72859.08,27925.58,30589.0,5846.75,8497.75,24732.5,5567.75,8497.5
2025-02-07 10:00:00+00:00,73148.93,24947.18,30350.0,6028.5,11823.25,24780.75,5488.25,11397.25
2025-02-07 11:00:00+00:00,72935.97,23755.47,29259.75,6176.5,13744.25,24400.5,5469.0,12684.25
2025-02-07 12:00:00+00:00,70910.41,23414.41,27998.25,6007.75,13490.0,23763.0,5510.75,12283.75
2025-02-07 13:00:00+00:00,68383.98,24415.73,27145.75,6164.5,10658.0,22999.0,5586.75,10057.25
2025-02-07 14:00:00+00:00,67177.2,27723.95,26662.25,6268.25,6522.75,22263.25,5801.0,6159.0
2025-02-07 15:00:00+00:00,67752.84,32986.34,25977.0,6559.75,2229.75,21590.0,6046.25,2088.5
2025-02-07 16:00:00+00:00,70064.2,36150.2,27179.25,6638.75,96.0,21976.75,6202.25,120.5
2025-02-07 17:00:00+00:00,71133.06,35867.81,28454.75,6792.75,17.75,22927.5,6250.0,0.0
2025-02-07 18:00:00+00:00,68863.98,34284.98,28082.5,6480.75,15.75,23318.5,6340.5,0.0
2025-02-07 19:00:00+00:00,65603.15,31442.9,27468.25,6680.0,12.0,23085.5,6457.75,0.0
2025-02-07 20:00:00+00:00,62393.81,29588.56,26371.25,6426.75,7.25,22478.75,6551.5,0.0
2025-02-07 21:00:00+00:00,59763.24,28337.24,24737.5,6682.75,5.75,21554.75,6528.0,0.0
2025-02-07 22:00:00+00:00,56292.33,26347.83,23693.5,6245.0,6.0,20912.75,6437.75,0.0
2025-02-07 23:00:00+00:00,53379.78,24102.53,23229.5,6041.75,6.0,22556.0,6510.0,0.0
2025-02-08 00:00:00+00:00,52109.48,23181.73,22554.0,6367.75,6.0,22069.25,6482.5,0.0
2025-02-08 01:00:00+00:00,50631.01,22237.51,22117.25,6269.75,6.5,21541.0,6473.5,0.0
2025-02-08 02:00:00+00:00,50364.64,21945.14,22011.5,6401.0,7.0,20873.0,6504.0,0.0
2025-02-08 03:00:00+00:00,50344.6,22331.35,21539.5,6466.75,7.0,20194.75,6462.25,0.0
2025-02-08 04:00:00+00:00,50851.26,22831.01,21254.0,6759.5,6.75,19682.75,6499.5,0.0
2025-02-08 05:00:00+00:00,52096.38,24044.63,21140.5,6904.5,6.75,19436.5,6583.5,0.0
2025-02-08 06:00:00+00:00,54016.6,26517.85,20404.5,6972.75,121.5,18629.5,6604.5,120.0
2025-02-08 07:00:00+00:00,57330.3,27259.8,19428.75,6788.5,3853.25,17870.25,6549.5,4037.5
2025-02-08 08:00:00+00:00,59479.4,23942.15,16943.75,6360.5,12233.0,16438.0,6453.0,12011.75
2025-02-08 09:00:00+00:00,61103.88,19739.88,15004.5,5591.75,20767.75,14220.25,6286.5,20218.75
2025-02-08 10:00:00+00:00,60846.25,16411.5,13006.25,4770.75,26657.75,11969.0,6108.0,26076.25
2025-02-08 11:00:00+00:00,59572.4,16110.9,10990.75,4209.0,28261.75,10106.5,5899.0,28163.25
2025-02-08 12:00:00+00:00,57394.31,16620.06,9880.25,5045.75,25848.25,9006.25,5632.75,26416.0
2025-02-08 13:00:00+00:00,55883.59,20034.59,9340.75,6164.75,20343.5,8395.5,5453.0,20840.75
2025-02-08 14:00:00+00:00,55380.38,27188.13,9721.25,5936.25,12534.75,8224.75,5360.75,12749.5
2025-02-08 15:00:00+00:00,56205.08,35973.08,10892.75,5363.75,3975.5,9084.75,5357.5,4519.25
2025-02-08 16:00:00+00:00,59323.16,40353.91,13852.75,4970.75,145.75,11230.75,5371.0,195.25
2025-02-08 17:00:00+00:00,61910.89,40457.89,17137.0,4298.75,17.25,13087.5,5347.5,0.0
2025-02-08 18:00:00+00:00,59967.29,38963.79,17502.25,3480.0,21.25,13495.0,5172.25,0.0
2025-02-08 19:00:00+00:00,57252.29,38825.04,15680.5,2729.5,17.25,12848.5,4657.25,0.0
2025-02-08 20:00:00+00:00,54774.1,38694.6,13520.75,2546.25,12.5,11399.0,3864.5,0.0
2025-02-08 21:00:00+00:00,53031.01,39257.01,11801.75,1960.0,12.25,9758.25,3025.75,0.0
2025-02-08 22:00:00+00:00,49855.48,37942.73,10313.0,1592.0,7.75,8372.0,2331.5,0.0
2025-02-08 23:00:00+00:00,47670.94,37324.44,8908.75,1431.5,6.25,7758.25,1434.0,0.0
2025-02-09 00:00:00+00:00,45785.84,36425.84,7984.25,1367.5,8.25,7202.25,1270.25,0.0
2025-02-09 01:00:00+00:00,44683.97,35314.22,7452.25,1911.75,5.75,6856.5,1322.25,0.0
2025-02-09 02:00:00+00:00,44301.74,34641.74,7371.75,2283.25,5.0,6828.5,1555.0,0.0
2025-02-09 03:00:00+00:00,44221.07,34327.07,7516.0,2372.75,5.25,7040.25,1895.5,0.0
2025-02-09 04:00:00+00:00,44597.59,34377.59,7837.75,2377.25,5.0,7181.0,2235.0,0.0
2025-02-09 05:00:00+00:00,44838.57,34034.57,8500.25,2293.75,10.0,7149.5,2485.75,0.0
2025-02-09 06:00:00+00:00,46513.23,35718.48,8584.25,2074.25,136.25,6901.75,2610.75,123.0
2025-02-09 07:00:00+00:00,50707.69,35739.94,8147.25,3288.0,3532.5,6529.0,2675.0,3434.5
2025-02-09 08:00:00+00:00,53634.48,32777.23,6489.25,3432.25,10935.75,5600.75,2782.0,10071.5
2025-02-09 09:00:00+00:00,55711.34,29275.34,4952.75,3696.5,17786.75,4532.25,3012.0,16336.0
2025-02-09 10:00:00+00:00,56957.39,26958.39,4577.25,3806.75,21615.0,4035.5,3265.75,20303.0
2025-02-09 11:00:00+00:00,56617.13,25648.63,4898.0,3761.5,22309.0,4257.5,3512.25,21179.0
2025-02-09 12:00:00+00:00,55301.86,25591.61,5321.5,4287.25,20101.5,4803.5,3817.5,19217.75
2025-02-09 13:00:00+00:00,53733.57,28085.82,6060.25,4731.75,14855.75,5593.0,4372.75,14586.0
2025-02-09 14:00:00+00:00,53065.95,32205.95,7339.75,5250.0,8270.25,6509.75,5116.0,8404.75
2025-02-09 15:00:00+00:00,55353.24,37250.24,8788.75,6628.5,2685.75,7754.25,5803.0,2816.25
2025-02-09 16:00:00+00:00,58989.55,41120.3,10880.0,6850.0,139.25,9374.5,6196.75,148.25
2025-02-09 17:00:00+00:00,62044.07,41491.07,12752.25,7788.5,12.25,10616.0,6372.0,0.0
2025-02-09 18:00:00+00:00,60727.2,39244.2,13693.25,7778.25,11.5,11077.75,6452.0,0.0
2025-02-09 19:00:00+00:00,58075.96,37865.46,13037.25,7161.75,11.5,11146.5,6494.75,0.0
2025-02-09 20:00:00+00:00,55986.1,36804.1,12476.75,6696.25,9.0,10928.0,6509.5,0.0
2025-02-09 21:00:00+00:00,55433.72,36843.97,11705.0,6874.25,10.5,10573.0,6449.5,0.0
2025-02-09 22:00:00+00:00,53071.23,34275.73,11727.5,7058.5,9.5,10442.5,6401.75,0.0
2025-02-09 23:00:00+00:00,50348.75,31306.25,11848.5,7187.0,7.0,10662.75,6362.25,0.0
2025-02-10 00:00:00+00:00,49087.12,29949.87,11897.75,7232.25,7.25,11077.0,6396.25,0.0
2025-02-10 01:00:00+00:00,48826.59,29166.09,12486.75,7165.75,8.0,11581.75,6414.5,0.0
2025-02-10 02:00:00+00:00,49203.23,29004.48,13026.75,7164.0,8.0,12126.0,6425.0,0.0
2025-02-10 03:00:00+00:00,50786.16,30335.41,13244.25,7198.5,8.0,12791.0,6243.0,0.0
2025-02-10 04:00:00+00:00,54373.47,33359.97,14008.0,6997.75,7.75,13620.0,6211.5,0.0
2025-02-10 05:00:00+00:00,62878.83,40367.83,15560.75,6934.25,16.0,14597.75,6218.75,0.0
2025-02-10 06:00:00+00:00,68421.64,45735.89,15872.75,6705.0,108.0,14908.5,6217.75,73.25
2025-02-10 07:00:00+00:00,71102.7,46187.2,16038.0,7012.5,1865.0,15268.0,6199.5,1916.25
2025-02-10 08:00:00+00:00,71805.46,43607.71,16347.25,6396.75,5453.75,15206.5,6091.25,5825.75
2025-02-10 09:00:00+00:00,72356.41,39954.66,16420.5,6277.0,9704.25,14882.75,5911.75,10346.5
2025-02-10 10:00:00+00:00,72636.93,37047.18,16406.25,5784.75,13398.75,14660.25,5801.25,14155.0
2025-02-10 11:00:00+00:00,72299.66,34846.41,16686.25,5262.75,15504.25,14701.5,5789.0,15800.75
2025-02-10 12:00:00+00:00,72211.36,34351.36,17502.0,4829.75,15528.25,15426.25,5810.0,14957.25
2025-02-10 13:00:00+00:00,70982.12,34218.37,19047.25,4769.5,12947.0,16750.5,5860.5,11900.0
2025-02-10 14:00:00+00:00,70013.97,36742.97,20121.5,5154.5,7995.0,18785.25,6023.5,7223.75
2025-02-10 15:00:00+00:00,69881.96,39484.46,22381.5,5508.0,2508.0,21537.25,6160.0,2511.5
2025-02-10 16:00:00+00:00,72846.85,41499.85,26116.25,5126.0,104.75,25087.75,6193.0,120.25
2025-02-10 17:00:00+00:00,74628.38,40165.88,28990.0,5457.75,14.75,27992.0,6112.75,0.0
2025-02-10 18:00:00+00:00,73560.73,37978.98,30903.25,4665.0,13.5,29656.0,6095.0,0.0
2025-02-10 19:00:00+00:00,69467.88,33690.38,31649.5,4118.75,9.25,30648.5,6070.75,0.0
2025-02-10 20:00:00+00:00,65457.23,29099.48,31985.25,4363.0,9.5,31042.25,6060.75,0.0
2025-02-10 21:00:00+00:00,62506.37,27476.62,30503.75,4517.75,8.25,30353.5,6052.0,0.0
2025-02-10 22:00:00+00:00,59719.4,24766.15,30754.25,4191.0,8.0,30377.75,6036.0,0.0
2025-02-10 23:00:00+00:00,56037.19,21421.69,30346.5,4261.5,7.5,31848.5,6052.25,0.0
2025-02-11 00:00:00+00:00,54963.41,21343.16,29706.5,3882.0,31.75,31628.5,5981.25,0.0
2025-02-11 01:00:00+00:00,54302.58,21148.83,29251.25,3844.75,57.75,31272.5,5910.25,0.0
2025-02-11 02:00:00+00:00,54148.65,21995.4,28546.75,3538.0,68.5,30766.25,5872.25,0.0
2025-02-11 03:00:00+00:00,54854.52,23205.02,27876.25,3715.5,57.75,30098.25,5871.5,0.0
2025-02-11 04:00:00+00:00,58273.74,27477.49,26753.75,4010.5,32.0,29175.5,5892.25,0.0
2025-02-11 05:00:00+00:00,65314.01,35144.51,27062.5,3090.75,16.25,28755.75,5934.25,0.0
2025-02-11 06:00:00+00:00,71731.67,41558.67,26218.75,3795.5,158.75,27335.0,5986.75,143.75
2025-02-11 07:00:00+00:00,73475.37,44397.62,23437.5,3309.0,2331.25,25909.75,6005.25,2438.0
2025-02-11 08:00:00+00:00,72606.19,43698.44,21107.75,1826.5,5973.5,23915.0,6025.0,6920.5
2025-02-11 09:00:00+00:00,73593.8,42912.05,19313.5,1826.75,9541.5,21754.5,6054.25,11142.0
2025-02-11 10:00:00+00:00,73849.29,41803.04,17601.0,2230.0,12215.25,20243.25,6097.0,13558.75
2025-02-11 11:00:00+00:00,72932.95,40309.7,16980.75,2647.0,12995.5,19090.75,6150.75,13843.0
2025-02-11 12:00:00+00:00,71757.64,40177.89,16395.25,3195.75,11988.75,18332.25,6179.75,12398.75
2025-02-11 13:00:00+00:00,71546.29,42111.54,15908.5,4511.0,9015.25,17978.0,6220.75,9409.75
2025-02-11 14:00:00+00:00,71123.11,43489.11,16804.5,5775.5,5054.0,18268.0,6273.5,5458.0
2025-02-11 15:00:00+00:00,70938.87,44908.12,18251.25,6205.5,1574.0,19067.75,6321.25,1849.75
2025-02-11 16:00:00+00:00,73470.11,46409.86,20778.25,6198.0,84.0,19889.25,6331.5,119.5
2025-02-11 17:00:00+00:00,74575.42,47070.92,21713.0,5771.5,20.0,20225.0,6322.5,0.0
2025-02-11 18:00:00+00:00,72879.36,45727.61,21214.75,5919.25,17.75,19873.0,6309.25,0.0
2025-02-11 19:00:00+00:00,69216.82,43147.07,20135.75,5917.5,16.5,19171.5,6392.25,0.0
2025-02-11 20:00:00+00:00,65444.74,40936.49,18496.75,6003.25,8.25,18074.5,6686.0,0.0
2025-02-11 21:00:00+00:00,61585.03,39026.03,16428.75,6121.5,8.75,16530.0,6545.5,0.0
2025-02-11 22:00:00+00:00,57722.7,35550.7,16131.25,6034.0,6.75,15332.75,6411.75,0.0
2025-02-11 23:00:00+00:00,55692.4,33053.15,15854.25,6778.0,7.0,15160.75,5605.75,0.0
2025-02-12 00:00:00+00:00,53799.51,31090.51,15676.25,7022.25,10.5,14813.5,5601.5,0.0
2025-02-12 01:00:00+00:00,53517.98,30940.23,15488.0,7078.75,11.0,14548.0,5630.5,0.0
2025-02-12 02:00:00+00:00,53311.18,30714.93,15417.75,7166.75,11.75,14285.5,5678.25,0.0
2025-02-12 03:00:00+00:00,53969.91,31856.66,15166.75,6933.75,12.75,14079.5,5731.0,0.0
2025-02-12 04:00:00+00:00,57276.8,35774.3,14970.25,6519.0,13.25,13823.0,5739.0,0.0
2025-02-12 05:00:00+00:00,65433.99,43569.74,15595.0,6253.0,16.25,13612.5,5689.0,0.0
2025-02-12 06:00:00+00:00,70591.61,48944.86,15126.0,6410.75,110.0,12931.5,5683.0,90.75
2025-02-12 07:00:00+00:00,72994.75,50568.0,14303.0,6332.0,1791.75,12199.75,5620.75,1876.0
2025-02-12 08:00:00+00:00,73416.22,49177.22,13040.5,6311.0,4887.5,11154.75,5444.0,5672.75
2025-02-12 09:00:00+00:00,74060.78,47413.53,11607.0,6464.0,8576.25,10043.0,5312.75,9763.75
2025-02-12 10:00:00+00:00,73901.07,45187.07,10644.75,6446.0,11623.25,9121.5,5271.25,12710.75
2025-02-12 11:00:00+00:00,72987.64,44396.64,9856.5,6444.0,12290.5,8606.0,5312.0,13390.25
2025-02-12 12:00:00+00:00,72573.64,46582.14,9114.5,6504.5,10372.5,8503.75,5343.25,12027.25
2025-02-12 13:00:00+00:00,70936.61,48419.36,8891.75,6240.0,7385.5,8633.5,5336.25,9111.75
2025-02-12 14:00:00+00:00,70438.74,50950.24,9066.5,6192.25,4229.75,8792.75,5424.25,5338.25
2025-02-12 15:00:00+00:00,70124.34,54006.84,8922.25,5790.75,1404.5,8958.5,5619.0,1837.5
2025-02-12 16:00:00+00:00,71806.36,57283.11,8883.5,5540.5,99.25,9347.5,5731.5,138.5
2025-02-12 17:00:00+00:00,72622.24,58842.74,8502.25,5243.5,33.75,9556.0,5691.25,0.0
2025-02-12 18:00:00+00:00,70704.41,57809.66,7899.25,4957.25,38.25,9323.75,5547.75,0.0
2025-02-12 19:00:00+00:00,67604.26,55652.26,7155.5,4769.75,26.75,8869.75,5279.5,0.0
2025-02-12 20:00:00+00:00,63008.22,52526.97,6343.5,4119.75,18.0,8254.75,4731.25,0.0
2025-02-12 21:00:00+00:00,59521.28,50663.28,5489.5,3357.0,11.5,7675.5,4180.25,0.0
2025-02-12 22:00:00+00:00,56098.24,48294.24,4841.5,2951.5,11.0,7443.5,3805.5,0.0
2025-02-12 23:00:00+00:00,53435.36,46460.11,4215.5,2750.25,9.5,4495.25,2731.5,0.0
2025-02-13 00:00:00+00:00,51824.85,45486.6,3591.0,2739.0,8.25,4342.25,2632.0,0.0
2025-02-13 01:00:00+00:00,51424.08,45440.08,3101.25,2875.5,7.25,4214.25,2673.5,0.0
2025-02-13 02:00:00+00:00,51649.02,45875.77,2912.25,2855.0,6.0,4226.0,2753.5,0.0
2025-02-13 03:00:00+00:00,52782.53,46635.03,3167.25,2974.0,6.25,4410.0,2832.0,0.0
2025-02-13 04:00:00+00:00,56278.19,49567.44,3466.0,3238.75,6.0,4577.75,2831.25,0.0
2025-02-13 05:00:00+00:00,63607.15,56665.65,3508.25,3422.5,10.75,4602.75,2789.25,0.0
2025-02-13 06:00:00+00:00,69315.0,62530.75,3529.75,3197.5,57.0,4494.75,2927.0,56.0
2025-02-13 07:00:00+00:00,72280.08,64620.58,3688.25,3288.5,682.75,4402.75,3204.75,1092.75
2025-02-13 08:00:00+00:00,73189.79,63901.04,3557.75,3775.25,1955.75,4352.5,3414.5,3318.25
2025-02-13 09:00:00+00:00,73890.33,63076.58,3351.5,4075.25,3387.0,4642.5,3512.75,5674.5
2025-02-13 10:00:00+00:00,74311.71,62027.71,3426.5,4111.75,4745.75,5276.0,3529.5,7336.5
2025-02-13 11:00:00+00:00,73784.16,61137.16,3625.25,3890.5,5131.25,5885.0,3449.75,7930.0
2025-02-13 12:00:00+00:00,73202.55,60708.55,3895.0,3719.75,4879.25,6469.75,3319.25,7597.75
2025-02-13 13:00:00+00:00,72509.18,60499.43,4525.25,3471.5,4013.0,7073.25,3225.0,6416.0
2025-02-13 14:00:00+00:00,72145.2,60519.95,5647.25,3383.5,2594.5,7668.25,3158.0,4186.0
2025-02-13 15:00:00+00:00,71482.29,59875.54,7038.0,3510.75,1058.0,8224.0,3087.5,1596.25
2025-02-13 16:00:00+00:00,72955.88,60961.88,8287.0,3588.5,118.5,8824.0,2977.0,166.5
2025-02-13 17:00:00+00:00,74182.12,61442.62,9539.75,3191.0,8.75,9363.75,2880.5,0.0
2025-02-13 18:00:00+00:00,72502.26,59125.26,10302.25,3066.5,8.25,9659.0,2798.0,0.0
2025-02-13 19:00:00+00:00,68689.09,55912.84,9991.25,2777.5,7.5,9760.25,2666.25,0.0
2025-02-13 20:00:00+00:00,65031.3,52626.55,9761.25,2638.25,5.25,9340.25,2456.0,0.0
2025-02-13 21:00:00+00:00,61877.72,50398.97,9350.0,2123.5,5.25,8723.0,2208.75,0.0
2025-02-13 22:00:00+00:00,58397.22,47733.72,9085.5,1572.75,5.25,8246.25,1982.25,0.0
2025-02-13 23:00:00+00:00,56684.51,46267.76,8639.25,1772.25,5.25,8293.25,1632.25,0.0
2025-02-14 00:00:00+00:00,55167.78,45179.78,7884.0,2099.0,5.0,7962.0,1556.25,0.0
2025-02-14 01:00:00+00:00,53944.2,44573.45,7349.75,2016.0,5.0,7540.5,1567.25,0.0
2025-02-14 02:00:00+00:00,53766.19,45012.44,6901.25,1847.5,5.0,7183.25,1586.5,0.0
2025-02-14 03:00:00+00:00,54906.13,46725.38,6465.75,1710.0,5.0,6838.0,1528.75,0.0
2025-02-14 04:00:00+00:00,57833.04,50008.79,6233.5,1585.5,5.25,6488.0,1353.25,0.0
2025-02-14 05:00:00+00:00,63758.29,56253.54,6031.5,1468.0,5.25,6070.0,1114.5,0.0
2025-02-14 06:00:00+00:00,68632.16,61858.66,5470.75,1263.25,39.5,5515.5,876.25,130.0
2025-02-14 07:00:00+00:00,71563.68,65004.43,4726.75,1240.0,592.5,4919.75,651.75,2321.5
2025-02-14 08:00:00+00:00,72261.0,65149.25,3822.5,1197.0,2092.25,4125.75,469.75,6480.75
2025-02-14 09:00:00+00:00,72643.17,64920.17,2866.75,933.75,3922.5,3386.0,330.5,10301.5
2025-02-14 10:00:00+00:00,72595.91,64514.41,2137.75,812.75,5131.0,2784.25,226.5,12565.75
2025-02-14 11:00:00+00:00,71743.04,64229.04,1736.0,592.5,5185.5,2249.0,163.5,12836.25
2025-02-14 12:00:00+00:00,70651.14,64224.64,1511.25,392.25,4523.0,1847.25,127.0,11519.75
2025-02-14 13:00:00+00:00,68958.47,63986.22,1258.75,242.0,3471.5,1626.25,108.0,8959.25
2025-02-14 14:00:00+00:00,68083.21,64782.71,1149.25,106.5,2044.75,1497.5,94.75,5538.25
2025-02-14 15:00:00+00:00,67758.11,65832.36,1146.25,45.25,734.25,1423.75,85.75,2107.75
2025-02-14 16:00:00+00:00,68762.31,67457.56,1125.75,55.75,123.25,1493.5,87.75,190.25
2025-02-14 17:00:00+00:00,69123.38,67968.38,1061.5,64.25,29.25,1615.25,94.5,0.0
2025-02-14 18:00:00+00:00,66871.06,65812.81,958.25,81.0,19.0,1614.25,103.25,0.0
2025-02-14 19:00:00+00:00,63235.19,62114.94,936.25,161.75,22.25,1517.0,110.5,0.0
2025-02-14 20:00:00+00:00,59963.65,58843.65,863.5,245.75,10.75,1347.5,117.75,0.0
2025-02-14 21:00:00+00:00,57389.67,56404.42,693.25,286.0,6.0,1227.75,140.75,0.0
2025-02-14 22:00:00+00:00,54472.95,53413.2,742.0,311.75,6.0,1158.5,172.75,0.0
2025-02-14 23:00:00+00:00,51651.34,50590.59,710.75,344.5,5.5,1016.75,334.75,0.0
2025-02-15 00:00:00+00:00,49356.82,48052.57,770.5,528.5,5.25,1036.25,385.75,0.0
2025-02-15 01:00:00+00:00,48013.95,46414.95,864.25,729.25,5.5,1064.75,403.0,0.0
2025-02-15 02:00:00+00:00,47864.0,46079.0,1045.25,734.5,5.25,1147.75,402.5,0.0
2025-02-15 03:00:00+00:00,48059.41,46308.66,1070.0,674.75,6.0,1169.0,401.75,0.0
2025-02-15 04:00:00+00:00,48305.16,46460.41,1035.25,804.5,5.0,1087.5,380.5,0.0
2025-02-15 05:00:00+00:00,49640.18,47549.18,1034.75,1050.5,5.75,1000.25,344.5,0.0
2025-02-15 06:00:00+00:00,52113.95,49778.95,1108.25,1152.25,74.5,988.0,330.5,209.5
2025-02-15 07:00:00+00:00,55343.61,52071.36,1169.75,846.25,1256.25,1041.5,335.0,3353.0
2025-02-15 08:00:00+00:00,58564.2,52779.7,1207.0,702.25,3875.25,982.0,364.25,9157.25
2025-02-15 09:00:00+00:00,60551.12,51485.12,1187.75,770.75,7107.5,824.0,405.25,14616.0
2025-02-15 10:00:00+00:00,61401.89,49445.89,1101.0,908.5,9946.5,723.75,453.25,18189.0
2025-02-15 11:00:00+00:00,60852.33,47839.33,1039.5,698.25,11275.25,606.75,523.25,19102.75
2025-02-15 12:00:00+00:00,59278.06,47140.31,971.5,506.5,10659.75,502.25,596.75,17663.5
2025-02-15 13:00:00+00:00,57893.13,48063.38,819.25,422.25,8588.25,442.5,655.75,14309.0
2025-02-15 14:00:00+00:00,56896.83,50168.08,760.5,398.5,5569.75,422.25,679.75,9424.0
2025-02-15 15:00:00+00:00,57104.4,53843.15,719.75,462.75,2078.75,516.0,672.0,3770.25
2025-02-15 16:00:00+00:00,59442.94,57999.69,847.25,424.25,171.75,915.5,658.75,358.25
2025-02-15 17:00:00+00:00,61330.8,59887.8,1130.75,283.25,29.0,1544.5,767.75,0.0
2025-02-15 18:00:00+00:00,59735.95,58027.7,1359.25,338.25,10.75,2163.25,1019.0,0.0
2025-02-15 19:00:00+00:00,56686.9,54174.4,1875.25,629.0,8.25,2858.25,1376.75,0.0
2025-02-15 20:00:00+00:00,54690.1,50964.1,2545.25,1174.5,6.25,3548.0,1826.75,0.0
2025-02-15 21:00:00+00:00,54201.57,49320.07,3137.0,1738.5,6.0,4107.75,2361.0,0.0
2025-02-15 22:00:00+00:00,52123.26,45931.76,3923.25,2262.25,6.0,4552.25,2843.25,0.0
2025-02-15 23:00:00+00:00,49682.16,42081.41,4884.0,2710.25,6.5,4605.5,2553.0,0.0
2025-02-16 00:00:00+00:00,47841.7,39246.7,5796.5,2791.75,6.75,5074.75,2646.5,0.0
2025-02-16 01:00:00+00:00,46668.25,37253.75,6691.0,2716.0,7.5,5551.25,2796.25,0.0
2025-02-16 02:00:00+00:00,46285.32,35665.07,7372.75,3240.5,7.0,6018.25,3098.0,0.0
2025-02-16 03:00:00+00:00,45989.45,34126.2,7969.75,3887.25,6.25,6551.0,3433.5,0.0
2025-02-16 04:00:00+00:00,46253.0,32607.75,8569.5,5069.75,6.0,7058.25,3653.0,0.0
2025-02-16 05:00:00+00:00,46492.26,32284.01,9023.5,5178.0,6.75,7428.5,3648.75,0.0
2025-02-16 06:00:00+00:00,48315.99,33983.99,9315.75,4862.75,153.5,7594.25,3458.0,217.25
2025-02-16 07:00:00+00:00,50794.45,35988.45,8791.0,3837.75,2177.25,7608.25,3116.75,3044.75
2025-02-16 08:00:00+00:00,54223.95,36553.95,8164.5,3231.75,6273.75,7144.0,2714.25,8119.75
2025-02-16 09:00:00+00:00,56944.55,34657.8,7978.25,2739.75,11568.75,6794.0,2300.75,12986.5
2025-02-16 10:00:00+00:00,58028.83,31906.58,7653.5,2243.0,16225.75,6741.25,1909.75,16308.0
2025-02-16 11:00:00+00:00,57353.48,30765.23,6776.5,1801.5,18010.25,6339.25,1557.25,17230.0
2025-02-16 12:00:00+00:00,55322.35,30690.85,6632.0,1219.75,16779.75,6003.25,1264.75,15807.25
2025-02-16 13:00:00+00:00,54075.51,32653.01,6701.75,1032.5,13688.25,5946.0,1081.0,12584.0
2025-02-16 14:00:00+00:00,53259.15,36465.65,7088.75,957.75,8747.0,6121.75,1021.25,8149.0
2025-02-16 15:00:00+00:00,54171.66,42408.41,7150.25,1047.25,3565.75,6368.25,1044.75,3271.25
2025-02-16 16:00:00+00:00,57255.74,48277.74,7586.75,1068.5,322.75,7086.25,1101.75,351.5
2025-02-16 17:00:00+00:00,60766.09,51275.09,8265.5,1213.25,12.25,8140.0,1148.0,0.0
2025-02-16 18:00:00+00:00,59968.32,50031.07,8530.25,1397.5,9.5,8757.5,1140.0,0.0
2025-02-16 19:00:00+00:00,57697.96,47256.96,8711.25,1722.75,7.0,8930.0,1095.25,0.0
2025-02-16 20:00:00+00:00,55772.79,45539.29,8699.5,1527.75,6.25,8597.75,1023.0,0.0
2025-02-16 21:00:00+00:00,54330.56,44836.06,8260.0,1228.25,6.25,7975.25,916.25,0.0
2025-02-16 22:00:00+00:00,52409.37,43563.62,7765.75,1074.75,5.25,7220.75,779.0,0.0
2025-02-16 23:00:00+00:00,50778.62,42699.37,7190.0,882.5,6.75,6611.75,562.75,0.0
2025-02-17 00:00:00+00:00,49681.5,42197.75,6862.75,614.0,7.0,6056.75,459.25,0.0
2025-02-17 01:00:00+00:00,49045.49,42333.99,6245.5,459.0,7.0,5376.0,398.25,0.0
2025-02-17 02:00:00+00:00,49048.04,42793.04,5927.75,320.25,7.0,4784.75,380.5,0.0
2025-02-17 03:00:00+00:00,50392.27,44301.02,5717.0,366.5,7.75,4477.0,381.25,0.0
2025-02-17 04:00:00+00:00,54172.59,47993.34,5669.25,503.0,7.0,4388.5,397.25,0.0
2025-02-17 05:00:00+00:00,62875.52,56440.27,5779.5,642.0,13.75,4326.25,426.75,0.0
2025-02-17 06:00:00+00:00,69029.64,62351.88,5532.5,691.5,453.75,4098.25,467.5,527.0
2025-02-17 07:00:00+00:00,71108.59,60282.34,4757.5,763.0,5305.75,3740.0,496.75,6256.5
2025-02-17 08:00:00+00:00,71262.5,52982.5,2893.25,797.5,14589.25,2871.5,508.75,15067.25
2025-02-17 09:00:00+00:00,70656.91,44078.16,1644.0,830.5,24104.25,1999.25,519.25,22572.5
2025-02-17 10:00:00+00:00,69867.51,37672.76,1382.0,709.75,30103.0,1653.5,526.5,27122.75
2025-02-17 11:00:00+00:00,68428.69,34920.19,1189.75,641.0,31677.75,1385.25,552.5,28579.5
2025-02-17 12:00:00+00:00,67158.65,35351.15,1098.75,718.0,29990.75,1211.5,595.0,26885.5
2025-02-17 13:00:00+00:00,66160.45,38688.7,1226.75,818.25,25426.75,1195.75,641.25,22465.75
2025-02-17 14:00:00+00:00,65367.22,45392.97,1568.75,835.75,17569.75,1389.25,680.0,15328.25
2025-02-17 15:00:00+00:00,65688.75,55488.5,1950.75,948.5,7301.0,1842.0,728.0,6530.25
2025-02-17 16:00:00+00:00,68147.68,63610.68,2874.75,1000.75,661.5,2925.0,796.25,733.0
2025-02-17 17:00:00+00:00,70588.53,65118.03,4288.5,1144.25,37.75,4354.0,856.25,0.0
2025-02-17 18:00:00+00:00,69744.95,63465.45,5124.25,1123.5,31.75,5172.0,881.0,0.0
2025-02-17 19:00:00+00:00,66666.99,60334.99,5291.5,1018.25,22.25,5418.0,888.5,0.0
2025-02-17 20:00:00+00:00,63621.13,57438.38,5195.75,967.0,20.0,5391.0,869.5,0.0
2025-02-17 21:00:00+00:00,61071.77,55248.02,4879.75,935.75,8.25,5232.0,839.5,0.0
2025-02-17 22:00:00+00:00,58340.94,52615.19,4666.75,1050.75,8.25,4969.25,821.5,0.0
2025-02-17 23:00:00+00:00,55550.57,49296.07,5123.75,1125.25,5.5,4322.5,805.25,0.0
2025-02-18 00:00:00+00:00,54224.26,47674.76,5528.0,1016.25,5.25,4541.5,850.0,0.0
2025-02-18 01:00:00+00:00,53663.09,46780.34,5890.5,986.5,5.75,4930.25,886.25,0.0
2025-02-18 02:00:00+00:00,54121.97,46961.47,6111.75,1043.75,5.0,5303.5,909.5,0.0
2025-02-18 03:00:00+00:00,55010.71,47228.96,6666.0,1110.75,5.0,5583.5,918.0,0.0
2025-02-18 04:00:00+00:00,58196.95,49572.45,7351.5,1263.5,9.5,6013.75,942.25,0.0
2025-02-18 05:00:00+00:00,65042.26,55534.51,8141.0,1351.0,15.75,6827.0,1010.25,0.0
2025-02-18 06:00:00+00:00,70417.26,59524.76,8953.0,1408.5,531.0,7541.0,1103.0,631.75
2025-02-18 07:00:00+00:00,72504.28,55619.03,8865.0,1527.25,6493.0,7796.25,1180.75,7041.0
2025-02-18 08:00:00+00:00,72276.18,46807.93,6811.25,1424.5,17232.5,6735.0,1229.25,17074.25
2025-02-18 09:00:00+00:00,71338.5,38332.0,4778.75,1502.75,26725.0,5120.25,1242.75,26288.25
2025-02-18 10:00:00+00:00,70078.36,30680.86,4767.0,1712.75,32917.75,4693.0,1226.75,32230.75
2025-02-18 11:00:00+00:00,67998.11,26040.86,4594.75,1716.25,35646.25,4564.0,1189.75,34369.0
2025-02-18 12:00:00+00:00,66632.35,25652.1,4783.5,1794.5,34402.25,4735.25,1181.25,32633.25
2025-02-18 13:00:00+00:00,65267.63,28282.88,5772.0,1850.25,29362.5,5341.0,1285.5,27149.75
2025-02-18 14:00:00+00:00,64559.31,35596.56,6847.25,2036.75,20078.75,6338.5,1544.5,18437.25
2025-02-18 15:00:00+00:00,65484.1,47482.85,7518.5,2222.5,8260.25,7553.75,1951.25,7915.5
2025-02-18 16:00:00+00:00,68096.58,55349.33,9253.25,2686.75,807.25,9524.75,2459.25,900.75
2025-02-18 17:00:00+00:00,70996.79,54803.04,12914.75,3248.5,30.5,12156.0,3036.25,0.0
2025-02-18 18:00:00+00:00,70892.67,51150.92,15543.25,4182.75,15.75,13998.75,3605.5,0.0
2025-02-18 19:00:00+00:00,67902.08,47007.33,16247.0,4640.25,7.5,15000.25,4045.25,0.0
2025-02-18 20:00:00+00:00,64137.41,42755.91,16758.0,4618.25,5.25,15304.75,4311.0,0.0
2025-02-18 21:00:00+00:00,61195.63,38756.38,16788.25,5645.0,6.0,15065.5,4392.0,0.0
2025-02-18 22:00:00+00:00,57776.0,34970.75,16958.75,5841.0,5.5,15021.25,4342.5,0.0
2025-02-18 23:00:00+00:00,54995.63,32145.63,17392.0,5451.75,6.25,15549.75,4730.0,0.0
2025-02-19 00:00:00+00:00,53688.74,30736.49,17838.25,5108.0,6.0,15607.75,4556.0,0.0
2025-02-19 01:00:00+00:00,53121.0,30213.25,18143.25,4758.0,6.5,15699.0,4467.25,0.0
2025-02-19 02:00:00+00:00,53370.18,30188.18,18517.0,4658.0,7.0,15965.25,4524.25,0.0
2025-02-19 03:00:00+00:00,54901.07,31111.07,19189.75,4593.25,7.0,16378.0,4665.75,0.0
2025-02-19 04:00:00+00:00,57941.78,33458.03,19706.75,4770.75,6.25,16906.5,4841.75,0.0
2025-02-19 05:00:00+00:00,65011.41,39326.41,20999.75,4677.25,8.0,17647.75,4846.5,0.0
2025-02-19 06:00:00+00:00,70026.31,42749.56,21636.25,4842.25,798.25,18134.5,4958.75,789.75
2025-02-19 07:00:00+00:00,71782.75,38998.0,19680.75,5100.75,8003.25,18032.0,5035.75,7686.0
2025-02-19 08:00:00+00:00,72383.14,31035.89,16703.75,5662.25,18981.25,15738.5,4966.5,18027.25
2025-02-19 09:00:00+00:00,71464.79,23544.29,13869.0,6006.5,28045.0,12990.5,4897.75,26834.75
2025-02-19 10:00:00+00:00,70339.1,17385.1,13296.25,6127.75,33530.0,12098.5,4863.0,32331.0
2025-02-19 11:00:00+00:00,69220.7,14284.45,13796.75,6020.5,35119.0,12311.75,4795.25,34376.75
2025-02-19 12:00:00+00:00,67662.91,14195.41,14044.75,6047.25,33375.5,12814.75,4751.25,32359.5
2025-02-19 13:00:00+00:00,66683.52,17604.27,15148.25,6052.75,27878.25,13499.75,4759.25,26714.5
2025-02-19 14:00:00+00:00,66210.87,24497.12,16484.25,6287.75,18941.75,14282.25,4908.0,17571.75
2025-02-19 15:00:00+00:00,65973.27,35335.27,17162.75,5970.25,7505.0,15521.0,5079.5,7246.5
2025-02-19 16:00:00+00:00,68707.97,41757.72,20620.75,5723.25,606.25,18425.5,5091.5,782.25
2025-02-19 17:00:00+00:00,72173.65,41018.4,25373.0,5759.0,23.25,21347.25,5013.75,0.0
2025-02-19 18:00:00+00:00,71618.23,37372.23,28083.25,6143.0,19.75,22675.5,4983.0,0.0
2025-02-19 19:00:00+00:00,68046.15,34714.65,27327.5,5991.5,12.5,22672.25,4999.5,0.0
2025-02-19 20:00:00+00:00,64370.08,32125.58,26288.75,5941.25,14.5,21989.25,5019.0,0.0
2025-02-19 21:00:00+00:00,61414.61,32459.61,23715.75,5229.75,9.5,20713.25,5071.75,0.0
2025-02-19 22:00:00+00:00,57735.71,29370.71,23048.75,5308.75,7.5,19806.0,5085.75,0.0
2025-02-19 23:00:00+00:00,55064.46,26958.21,22875.5,5223.75,7.0,20151.5,5308.5,0.0
2025-02-20 00:00:00+00:00,53812.92,25827.92,22691.5,5286.5,7.0,19727.0,5256.75,0.0
2025-02-20 01:00:00+00:00,52988.46,26310.46,21585.25,5082.75,10.0,19409.75,5168.75,0.0
2025-02-20 02:00:00+00:00,53759.6,27746.6,20935.75,5069.75,7.5,19038.25,5115.5,0.0
2025-02-20 03:00:00+00:00,55174.74,29043.24,20705.5,5419.0,7.0,18657.25,5134.5,0.0
2025-02-20 04:00:00+00:00,57973.49,32412.24,20072.0,5479.5,9.75,18561.25,5224.0,0.0
2025-02-20 05:00:00+00:00,65209.27,39387.77,20542.25,5268.5,10.75,18954.25,5297.0,0.0
2025-02-20 06:00:00+00:00,70131.23,43990.98,19887.5,5605.25,647.5,18916.0,5287.0,648.25
2025-02-20 07:00:00+00:00,72344.0,43266.75,17588.0,6096.25,5393.0,18271.25,5385.0,5529.25
2025-02-20 08:00:00+00:00,72191.76,40084.01,14421.0,5870.25,11816.5,16280.25,5454.25,12578.5
2025-02-20 09:00:00+00:00,72299.3,37612.05,11917.0,5340.25,17430.0,13784.25,5452.25,18293.75
2025-02-20 10:00:00+00:00,72178.39,35614.39,10242.0,5132.25,21189.75,12266.75,5424.0,21484.0
2025-02-20 11:00:00+00:00,71000.15,33971.65,9504.75,5224.25,22299.5,11651.25,5407.5,22398.0
2025-02-20 12:00:00+00:00,69855.43,34024.93,9646.0,5440.0,20744.5,11833.25,5600.75,20583.0
2025-02-20 13:00:00+00:00,69105.73,36025.48,10355.25,5770.0,16955.0,12385.5,5877.25,16171.0
2025-02-20 14:00:00+00:00,68149.93,40068.43,11292.25,6281.75,10507.5,13491.5,6160.5,10140.25
2025-02-20 15:00:00+00:00,67480.73,43857.98,12666.5,7050.75,3905.5,15715.75,6348.5,4026.5
2025-02-20 16:00:00+00:00,69670.4,46028.4,15626.0,7624.75,391.25,18588.25,6481.0,406.0
2025-02-20 17:00:00+00:00,72096.17,45306.92,18865.5,7901.5,22.25,20724.25,6359.75,0.0
2025-02-20 18:00:00+00:00,70770.51,42562.26,20328.0,7859.25,21.0,21641.0,6255.75,0.0
2025-02-20 19:00:00+00:00,67364.02,39073.27,20574.0,7700.75,16.0,21695.75,6235.25,0.0
2025-02-20 20:00:00+00:00,63494.29,36242.79,20255.75,6988.75,7.0,21413.75,6222.0,0.0
2025-02-20 21:00:00+00:00,60021.22,33952.72,18818.5,7243.5,6.5,20720.75,6233.5,0.0
2025-02-20 22:00:00+00:00,56817.5,30696.25,19027.5,7086.75,7.0,20173.75,6244.5,0.0
2025-02-20 23:00:00+00:00,53475.4,28622.15,18693.75,6153.25,6.25,18171.25,6366.5,0.0
2025-02-21 00:00:00+00:00,51968.86,27986.86,17364.75,6610.5,6.75,17177.75,6256.75,0.0
2025-02-21 01:00:00+00:00,50452.39,28422.14,15829.0,6194.0,7.25,15939.25,6034.5,0.0
2025-02-21 02:00:00+00:00,50645.01,29357.01,14981.75,6299.25,7.0,14900.0,5712.75,0.0
2025-02-21 03:00:00+00:00,51504.69,30995.94,14360.0,6141.75,7.0,14060.25,5433.25,0.0
2025-02-21 04:00:00+00:00,54523.27,34396.52,14144.0,5976.5,6.25,13479.25,5296.25,0.0
2025-02-21 05:00:00+00:00,61023.5,41355.75,13942.5,5718.25,7.0,13125.5,5305.75,0.0
2025-02-21 06:00:00+00:00,65588.72,45684.72,13738.75,5688.5,476.75,12583.5,5282.25,340.5
2025-02-21 07:00:00+00:00,67815.85,44340.35,13499.0,5831.25,4145.25,12496.0,5255.0,3257.0
2025-02-21 08:00:00+00:00,68525.38,40109.13,12080.5,5767.75,10568.0,12235.25,5156.0,8511.75
2025-02-21 09:00:00+00:00,67991.16,34703.66,9840.0,5530.5,17917.0,11246.75,5160.0,14397.25
2025-02-21 10:00:00+00:00,67529.17,29617.92,8088.0,5865.0,23958.25,9636.75,5174.0,19484.75
2025-02-21 11:00:00+00:00,65261.52,24806.77,7328.75,5892.25,27233.75,8397.25,5177.0,22297.75
2025-02-21 12:00:00+00:00,62448.22,21438.47,7672.0,5834.5,27503.25,8402.0,5157.5,22099.0
2025-02-21 13:00:00+00:00,61014.53,22131.53,8867.0,5837.5,24178.5,9162.0,5145.5,18653.75
2025-02-21 14:00:00+00:00,60782.31,27889.31,10587.5,5881.5,16424.0,10827.0,5273.25,12511.25
2025-02-21 15:00:00+00:00,61538.72,35314.47,13164.5,6254.25,6805.5,13985.0,5469.75,5498.5
2025-02-21 16:00:00+00:00,64745.96,38633.46,18729.5,6615.0,768.0,18460.0,5656.25,690.75
2025-02-21 17:00:00+00:00,67805.12,35692.37,25199.5,6893.0,20.25,22371.5,5772.0,0.0
2025-02-21 18:00:00+00:00,66444.93,31319.68,28667.5,6446.25,11.5,24550.75,5823.0,0.0
2025-02-21 19:00:00+00:00,62979.21,27765.46,29443.75,5756.75,13.25,25423.5,5796.0,0.0
2025-02-21 20:00:00+00:00,59400.06,24596.81,28698.0,6090.75,14.5,25265.0,5735.5,0.0
2025-02-21 21:00:00+00:00,55440.06,23188.31,26418.75,5819.25,13.75,24151.0,5706.25,0.0
2025-02-21 22:00:00+00:00,52576.64,21406.89,25940.75,5222.0,7.0,23389.0,5779.25,0.0
2025-02-21 23:00:00+00:00,49947.35,18287.85,26165.75,5487.0,6.75,23523.5,5841.25,0.0
2025-02-22 00:00:00+00:00,48616.44,17553.19,25400.5,5656.25,6.5,22992.75,5841.5,0.0
2025-02-22 01:00:00+00:00,47556.34,17311.84,24573.5,5665.0,6.0,22560.25,5738.75,0.0
2025-02-22 02:00:00+00:00,47116.61,17329.86,24276.25,5504.5,6.0,22180.75,5663.5,0.0
2025-02-22 03:00:00+00:00,47444.99,17983.74,24412.25,5043.0,6.0,22023.25,5567.75,0.0
2025-02-22 04:00:00+00:00,48042.35,19035.35,23700.5,5299.0,7.5,22093.75,5548.0,0.0
2025-02-22 05:00:00+00:00,49603.66,19558.16,23976.75,6060.5,8.25,22325.75,5633.25,0.0
2025-02-22 06:00:00+00:00,51737.21,20587.71,23547.75,6542.25,1059.5,21855.5,5710.75,768.75
2025-02-22 07:00:00+00:00,55197.68,19637.43,22013.25,6776.0,6771.0,21116.25,5774.75,5640.5
2025-02-22 08:00:00+00:00,57910.17,18006.67,19269.0,6959.5,13675.0,19135.0,5782.5,12314.25
2025-02-22 09:00:00+00:00,58839.66,16077.66,16072.25,7035.75,19654.0,16400.75,5670.25,17860.5
2025-02-22 10:00:00+00:00,59328.48,15084.48,13836.5,7036.25,23371.25,14373.0,5445.75,21278.0
2025-02-22 11:00:00+00:00,59352.54,15650.54,12814.25,6784.75,24103.0,13165.0,5097.5,22111.75
2025-02-22 12:00:00+00:00,57175.02,16158.02,12634.5,6494.5,21888.0,12503.25,4824.5,20376.5
2025-02-22 13:00:00+00:00,54309.3,19032.8,12577.0,5992.25,16707.25,12262.75,4712.25,16095.5
2025-02-22 14:00:00+00:00,53396.13,25375.38,13031.0,5100.25,9889.5,12599.75,4755.5,10116.5
2025-02-22 15:00:00+00:00,54204.15,31296.4,14010.5,5189.75,3707.5,13960.25,4856.25,4128.0
2025-02-22 16:00:00+00:00,57243.65,35359.4,16504.75,4953.0,426.5,16350.25,4883.75,471.75
2025-02-22 17:00:00+00:00,59899.9,36496.15,18818.75,4554.75,30.25,18813.25,4692.5,1.0
2025-02-22 18:00:00+00:00,58102.91,34154.16,19986.25,3935.75,26.75,20218.25,4328.5,0.0
2025-02-22 19:00:00+00:00,54787.66,30809.41,20803.75,3157.75,16.75,20588.75,4032.25,0.0
2025-02-22 20:00:00+00:00,52080.94,29072.94,20229.0,2768.25,10.75,20411.0,3928.0,0.0
2025-02-22 21:00:00+00:00,50363.08,28236.08,18904.25,3214.0,8.75,19686.0,3871.5,0.0
2025-02-22 22:00:00+00:00,47369.73,25683.98,18702.25,2976.75,6.75,18726.75,3748.5,0.0
2025-02-22 23:00:00+00:00,44108.08,23652.08,17927.5,2517.75,10.75,17454.75,3036.5,0.0
2025-02-23 00:00:00+00:00,41842.01,23143.51,16554.25,2138.0,6.25,16443.25,2796.5,0.0
2025-02-23 01:00:00+00:00,40732.7,23568.95,15283.5,1874.25,6.0,15204.0,2624.75,0.0
2025-02-23 02:00:00+00:00,40740.34,24487.34,14144.75,2102.25,6.0,13855.5,2490.75,0.0
2025-02-23 03:00:00+00:00,40846.65,24927.65,13598.0,2315.25,5.75,12522.0,2430.75,0.0
2025-02-23 04:00:00+00:00,41134.29,26248.04,13083.25,1797.0,6.0,11492.5,2431.0,0.0
2025-02-23 05:00:00+00:00,42112.49,27902.74,12390.25,1812.25,7.25,10757.0,2461.5,0.0
2025-02-23 06:00:00+00:00,44244.41,30657.41,11162.25,2079.75,345.0,9819.5,2548.0,330.0
2025-02-23 07:00:00+00:00,47007.57,31400.57,9804.5,2477.0,3325.5,9041.25,2824.25,2851.5
2025-02-23 08:00:00+00:00,49592.45,29458.45,8197.5,3074.75,8861.75,8227.0,3331.0,6942.0
2025-02-23 09:00:00+00:00,52233.37,24650.87,7967.0,4616.25,14999.25,7629.75,3938.0,11272.75
2025-02-23 10:00:00+00:00,54259.37,20848.62,8162.75,5480.25,19767.75,7276.25,4525.5,14846.25
2025-02-23 11:00:00+00:00,53388.13,16868.63,8034.25,6076.5,22408.75,6925.0,4903.25,17234.25
2025-02-23 12:00:00+00:00,50818.91,14679.91,7218.75,5936.0,22984.25,6439.75,5119.75,17632.25
2025-02-23 13:00:00+00:00,49340.73,16246.73,6283.5,5855.25,20955.25,5811.5,5174.25,15923.75
2025-02-23 14:00:00+00:00,47974.4,21439.15,5493.0,5376.0,15666.25,5162.75,5168.25,11627.75
2025-02-23 15:00:00+00:00,48560.52,31064.02,4298.0,5501.5,7697.0,4626.75,5195.25,5615.25
2025-02-23 16:00:00+00:00,51766.19,40359.69,4457.5,5793.5,1155.5,4986.25,5275.75,878.25
2025-02-23 17:00:00+00:00,55412.59,42953.34,6680.75,5740.5,38.0,6808.25,5403.75,1.0
2025-02-23 18:00:00+00:00,54817.54,38576.54,10368.0,5847.75,25.25,9385.75,5496.0,0.0
2025-02-23 19:00:00+00:00,53032.82,32978.07,14026.0,6019.5,9.25,12136.5,5390.75,0.0
2025-02-23 20:00:00+00:00,51307.51,28903.51,16826.25,5569.25,8.5,14482.75,5246.25,0.0
2025-02-23 21:00:00+00:00,50145.83,27233.33,17840.25,5063.25,9.0,16029.75,5132.75,0.0
2025-02-23 22:00:00+00:00,47696.5,23637.0,19454.25,4597.25,8.0,17380.0,5057.75,0.0
2025-02-23 23:00:00+00:00,46100.83,20425.33,20374.75,5293.5,7.25,18626.0,4912.5,0.0
2025-02-24 00:00:00+00:00,44791.17,19047.92,20398.0,5338.25,7.0,19157.5,4983.5,0.0
2025-02-24 01:00:00+00:00,44914.63,18974.88,20512.75,5419.25,7.75,19582.25,5098.0,0.0
2025-02-24 02:00:00+00:00,45873.21,19096.21,21246.5,5523.5,7.0,19955.75,5243.25,0.0
2025-02-24 03:00:00+00:00,47658.47,19866.97,22207.0,5577.0,7.5,20596.25,5402.25,0.0
2025-02-24 04:00:00+00:00,51586.34,22337.84,23432.5,5809.5,6.5,21504.5,5549.5,0.0
2025-02-24 05:00:00+00:00,60043.69,28149.69,25505.0,6378.75,10.25,22907.0,5602.0,0.0
2025-02-24 06:00:00+00:00,65742.43,32454.18,26012.25,6371.5,904.5,23747.0,5560.5,613.75
2025-02-24 07:00:00+00:00,68763.72,30654.47,26025.25,6621.0,5463.0,24261.0,5625.75,4229.75
2025-02-24 08:00:00+00:00,69748.33,26498.58,24917.25,6768.25,11564.25,23931.25,5609.25,9454.0
2025-02-24 09:00:00+00:00,69719.7,23310.7,22877.5,6432.0,17099.5,22814.0,5572.0,14007.0
2025-02-24 10:00:00+00:00,69532.17,20434.67,22177.25,6343.0,20577.25,21726.5,5529.25,16942.0
2025-02-24 11:00:00+00:00,68877.98,19270.73,22786.75,6301.75,20518.75,21427.5,5498.25,17797.0
2025-02-24 12:00:00+00:00,67900.31,19867.31,23826.0,6865.25,17341.75,21397.5,5500.25,16096.75
2025-02-24 13:00:00+00:00,65848.02,21880.02,24529.5,6999.75,12438.75,21468.0,5506.25,12388.5
2025-02-24 14:00:00+00:00,65209.69,25937.44,24907.5,7167.5,7197.25,21572.0,5596.0,7697.5
2025-02-24 15:00:00+00:00,65050.35,29313.1,26010.5,6901.0,2825.75,21798.5,5437.25,3155.5
2025-02-24 16:00:00+00:00,67075.62,33597.62,26638.75,6471.5,367.75,22290.75,5271.0,392.25
2025-02-24 17:00:00+00:00,68998.11,34715.11,27927.0,6342.25,13.75,22571.5,5124.25,0.75
2025-02-24 18:00:00+00:00,67991.78,34065.78,28600.5,5314.0,11.5,22114.5,5085.0,0.0
2025-02-24 19:00:00+00:00,64224.29,31573.54,27607.75,5032.0,11.0,21011.0,5044.5,0.0
2025-02-24 20:00:00+00:00,60747.61,30758.36,24498.25,5482.0,9.0,19258.5,4777.25,0.0
2025-02-24 21:00:00+00:00,56547.67,30109.67,20763.25,5667.5,7.25,17131.25,4335.25,0.0
2025-02-24 22:00:00+00:00,52861.09,28657.84,18753.0,5443.25,7.0,15330.0,3874.25,0.0
2025-02-24 23:00:00+00:00,49560.85,27980.61,16745.25,4829.0,6.0,16899.5,4763.0,0.0
2025-02-25 00:00:00+00:00,47656.07,28248.07,15418.0,3984.0,6.0,15482.5,4319.0,0.0
2025-02-25 01:00:00+00:00,46803.11,29611.11,13792.25,3393.75,6.0,14080.5,3920.25,0.0
2025-02-25 02:00:00+00:00,47022.14,32021.14,11873.0,3122.0,6.0,12547.75,3551.25,0.0
2025-02-25 03:00:00+00:00,47922.14,35094.89,9938.75,2881.75,6.75,10928.5,3164.0,0.0
2025-02-25 04:00:00+00:00,51671.16,40557.91,8571.75,2535.25,6.25,9370.75,2783.75,0.0
2025-02-25 05:00:00+00:00,59255.44,49525.69,7517.25,2191.0,21.5,7897.75,2513.0,0.0
2025-02-25 06:00:00+00:00,63996.29,54977.04,6311.5,2213.5,494.25,6539.0,2566.25,469.75
2025-02-25 07:00:00+00:00,65539.1,54647.85,4961.0,2074.75,3855.5,5524.25,2922.5,3159.5
2025-02-25 08:00:00+00:00,65943.26,48997.76,3565.75,3209.5,10170.25,4730.0,3188.75,7325.0
2025-02-25 09:00:00+00:00,66722.98,43371.48,3097.5,3728.75,16525.25,4233.5,3202.75,11259.0
2025-02-25 10:00:00+00:00,66560.41,39845.91,3105.75,3675.75,19933.0,3732.75,2909.75,13402.75
2025-02-25 11:00:00+00:00,65627.64,39928.64,2833.75,3194.75,19670.5,3167.0,2484.5,13529.75
2025-02-25 12:00:00+00:00,65312.54,43425.79,2513.75,2306.0,17067.0,2719.5,2087.25,12232.25
2025-02-25 13:00:00+00:00,64038.84,46838.34,2402.0,1892.25,12906.25,2227.0,1721.25,9675.5
2025-02-25 14:00:00+00:00,62588.63,51464.88,2089.0,1079.25,7955.5,1938.25,1350.0,6190.5
2025-02-25 15:00:00+00:00,62242.6,56565.35,1663.75,603.25,3410.25,1990.25,989.75,2646.25
2025-02-25 16:00:00+00:00,63714.73,61187.98,1582.5,313.0,631.25,2357.0,733.0,412.0
2025-02-25 17:00:00+00:00,65953.68,63635.43,2051.25,218.5,48.5,2968.25,598.75,2.75
2025-02-25 18:00:00+00:00,64944.13,62086.88,2698.5,131.5,27.25,3700.75,546.75,0.0
2025-02-25 19:00:00+00:00,61714.3,58521.55,3103.0,80.0,9.75,4503.75,533.0,0.0
2025-02-25 20:00:00+00:00,58557.95,54875.2,3611.5,64.75,6.5,5214.75,513.75,0.0
2025-02-25 21:00:00+00:00,55028.65,50953.9,4007.0,61.5,6.25,5840.5,506.5,0.0
2025-02-25 22:00:00+00:00,51254.21,46877.46,4285.75,85.0,6.0,6397.0,534.25,0.0
2025-02-25 23:00:00+00:00,49095.86,44510.61,4500.75,79.0,5.5,5586.75,180.5,0.0
2025-02-26 00:00:00+00:00,47775.83,43358.58,4343.5,68.25,5.5,5906.25,197.5,0.0
2025-02-26 01:00:00+00:00,46811.92,41892.92,4825.0,88.75,5.25,6380.25,209.75,0.0
2025-02-26 02:00:00+00:00,47286.48,41718.48,5443.25,118.75,6.0,6959.5,193.75,0.0
2025-02-26 03:00:00+00:00,48619.84,42140.09,6351.0,123.75,5.0,7564.0,174.5,0.0
2025-02-26 04:00:00+00:00,52136.51,45056.26,6921.75,153.25,5.25,8091.0,175.75,0.0
2025-02-26 05:00:00+00:00,59211.79,51392.54,7547.0,263.25,9.0,8601.25,185.25,0.0
2025-02-26 06:00:00+00:00,64585.63,56475.38,7389.5,338.75,382.0,8838.5,195.75,384.75
2025-02-26 07:00:00+00:00,66940.36,56916.36,7010.5,435.75,2577.75,8836.75,225.5,2266.25
2025-02-26 08:00:00+00:00,67714.73,55209.73,6406.25,453.25,5645.5,8499.75,279.5,4968.0
2025-02-26 09:00:00+00:00,68343.38,53337.63,6243.0,500.5,8262.25,8418.75,361.0,7483.5
2025-02-26 10:00:00+00:00,68320.66,51345.66,6509.5,508.5,9957.0,8614.25,455.25,9156.0
2025-02-26 11:00:00+00:00,68158.36,50747.11,6527.5,716.5,10167.25,8789.75,594.0,10023.0
2025-02-26 12:00:00+00:00,67046.62,50015.12,6595.75,682.25,9753.5,9010.75,735.25,9767.75
2025-02-26 13:00:00+00:00,65674.18,49358.43,6918.25,678.5,8719.0,9009.75,757.5,8629.75
2025-02-26 14:00:00+00:00,64751.81,50501.81,6770.0,673.25,6806.75,8568.75,695.5,6410.0
2025-02-26 15:00:00+00:00,64043.5,53294.5,6463.25,618.5,3667.25,7737.5,655.25,3298.25
2025-02-26 16:00:00+00:00,65337.49,57747.99,6483.75,442.5,663.25,7195.75,641.75,658.5
2025-02-26 17:00:00+00:00,67011.31,59295.81,7331.25,365.75,18.5,7390.5,628.25,3.25
2025-02-26 18:00:00+00:00,66265.06,56386.81,9195.0,669.5,13.75,8018.75,681.25,0.0
2025-02-26 19:00:00+00:00,63121.14,50286.64,11413.25,1412.25,9.0,9280.75,965.25,0.0
2025-02-26 20:00:00+00:00,59997.66,44706.16,12834.25,2451.25,6.0,10445.75,1482.0,0.0
2025-02-26 21:00:00+00:00,56920.77,40172.27,13510.75,3231.25,6.5,11238.75,2028.5,0.0
2025-02-26 22:00:00+00:00,53977.52,36630.52,13909.0,3431.25,6.75,11828.25,2399.25,0.0
2025-02-26 23:00:00+00:00,51031.18,33639.93,14373.75,3010.75,6.75,13588.75,3395.0,0.0
2025-02-27 00:00:00+00:00,49322.84,31632.09,14597.75,3086.25,6.75,13954.5,3278.5,0.0
2025-02-27 01:00:00+00:00,49151.01,31408.51,14506.0,3229.0,7.5,13898.0,3124.0,0.0
2025-02-27 02:00:00+00:00,49771.36,32507.61,14246.0,3010.25,7.5,13523.25,2850.75,0.0
2025-02-27 03:00:00+00:00,50853.53,34476.53,13627.5,2742.75,6.75,13058.25,2497.25,0.0
2025-02-27 04:00:00+00:00,53665.33,38651.08,12954.5,2053.0,6.75,12495.75,2141.25,0.0
2025-02-27 05:00:00+00:00,60473.19,46375.94,12324.75,1759.25,13.25,11996.5,1836.25,0.25
2025-02-27 06:00:00+00:00,65114.02,50880.52,11772.25,1576.0,885.25,11253.75,1590.0,892.25
2025-02-27 07:00:00+00:00,67339.27,50686.27,10241.5,1405.25,5006.25,10351.5,1373.25,4589.25
2025-02-27 08:00:00+00:00,67773.44,48600.19,7856.0,1324.5,9992.75,9190.75,1211.75,9082.5
2025-02-27 09:00:00+00:00,67974.42,46117.17,6558.75,1140.25,14158.25,8515.0,1088.75,13009.0
2025-02-27 10:00:00+00:00,68341.82,44358.82,6355.75,1001.5,16625.75,8273.75,1010.75,15637.75
2025-02-27 11:00:00+00:00,66620.93,42366.18,6141.25,789.25,17324.25,7974.25,964.5,16448.75
2025-02-27 12:00:00+00:00,65640.4,42333.4,6155.5,835.0,16316.5,7639.25,905.25,15521.75
2025-02-27 13:00:00+00:00,64273.0,43478.25,5978.25,760.25,14056.25,7200.5,835.75,13577.25
2025-02-27 14:00:00+00:00,63212.25,46941.0,5163.25,619.5,10488.5,6627.5,809.25,10074.25
2025-02-27 15:00:00+00:00,63280.29,52722.04,4272.75,636.5,5649.0,5825.0,890.75,5198.25
2025-02-27 16:00:00+00:00,64761.37,58595.12,4359.25,697.0,1110.0,5173.25,1119.0,959.75
2025-02-27 17:00:00+00:00,67039.86,61313.61,4715.25,989.0,22.0,5257.25,1426.0,2.75
2025-02-27 18:00:00+00:00,66375.84,59969.09,4897.0,1491.5,18.25,5844.5,1771.0,0.0
2025-02-27 19:00:00+00:00,62914.77,56270.52,5270.5,1360.75,13.0,6568.25,2118.25,0.0
2025-02-27 20:00:00+00:00,59368.56,52839.31,5305.25,1213.25,10.75,6988.5,2272.5,0.0
2025-02-27 21:00:00+00:00,56202.57,49380.57,5412.25,1404.0,5.75,7184.5,2221.5,0.0
2025-02-27 22:00:00+00:00,52931.76,45899.76,5254.25,1771.75,6.0,7342.5,2135.25,0.0
2025-02-27 23:00:00+00:00,50023.17,42912.42,5450.0,1654.75,6.0,5598.25,1841.5,0.0
2025-02-28 00:00:00+00:00,48892.4,41830.9,5498.25,1557.25,6.0,5758.75,1737.75,0.0
2025-02-28 01:00:00+00:00,48919.08,41992.83,5406.75,1513.5,6.0,5775.5,1610.25,0.0
2025-02-28 02:00:00+00:00,49167.73,42262.23,5265.25,1634.0,6.25,5651.75,1598.5,0.0
2025-02-28 03:00:00+00:00,49804.23,42648.23,5270.5,1879.25,6.25,5478.5,1625.25,0.0
2025-02-28 04:00:00+00:00,52572.98,45596.48,5163.0,1807.5,6.0,5302.5,1580.75,0.0
2025-02-28 05:00:00+00:00,58978.79,52106.04,5159.75,1702.75,10.25,5065.5,1494.0,0.75
2025-02-28 06:00:00+00:00,63855.17,56358.17,5160.75,1682.0,654.25,4729.5,1415.0,802.0
2025-02-28 07:00:00+00:00,66763.83,56774.83,4916.75,1481.75,3590.5,4364.0,1331.5,4097.5
2025-02-28 08:00:00+00:00,67546.86,54229.11,4654.0,1491.0,7172.75,4012.75,1153.5,8074.25
2025-02-28 09:00:00+00:00,68151.85,52498.6,4394.25,1202.25,10056.75,3848.0,972.25,10909.25
2025-02-28 10:00:00+00:00,68107.44,50851.19,4337.5,1013.25,11905.5,3784.75,891.25,12608.75
2025-02-28 11:00:00+00:00,67837.81,48687.06,4335.75,1351.5,13463.5,3868.0,879.0,13809.25
2025-02-28 12:00:00+00:00,66113.19,46262.69,4664.25,1471.0,13715.25,4035.5,905.0,13744.0
2025-02-28 13:00:00+00:00,64224.12,45302.12,5221.25,1370.5,12330.25,4276.25,966.0,12103.25
2025-02-28 14:00:00+00:00,63095.14,47040.89,5715.0,1308.5,9030.75,4491.0,1022.0,8873.5
2025-02-28 15:00:00+00:00,63158.07,51607.07,5799.0,1208.0,4544.0,4439.0,1032.25,4623.0
2025-02-28 16:00:00+00:00,64292.16,55963.16,5960.75,1486.0,882.25,4278.0,1021.0,898.5
2025-02-28 17:00:00+00:00,65757.25,58282.25,6132.5,1309.0,33.5,4432.75,992.25,3.5
2025-02-28 18:00:00+00:00,64290.68,56778.18,6326.0,1147.0,39.5,4650.0,939.75,0.0
2025-02-28 19:00:00+00:00,61097.41,53475.41,6418.75,1186.0,17.25,4658.5,866.5,0.0
2025-02-28 20:00:00+00:00,57861.01,50559.01,6109.5,1184.0,8.5,4441.0,763.75,0.0
2025-02-28 21:00:00+00:00,55136.28,48281.03,5838.75,1004.75,11.75,4115.25,633.25,0.0
2025-02-28 22:00:00+00:00,51334.17,45449.17,5174.5,700.5,10.0,3771.75,510.25,0.0
2025-02-28 23:00:00+00:00,48419.5,43292.25,4602.5,514.25,10.5,4500.5,549.5,0.0
2025-03-01 00:00:00+00:00,46603.04,41663.54,4333.0,597.5,9.0,4272.0,540.75,0.0
2025-03-01 01:00:00+00:00,45714.93,40820.43,4244.75,642.75,7.0,4069.75,521.0,0.0
2025-03-01 02:00:00+00:00,45437.44,40562.69,4194.75,673.0,7.0,3895.75,448.25,0.0
2025-03-01 03:00:00+00:00,45708.76,41113.76,3992.5,595.5,7.0,3774.25,409.5,0.0
2025-03-01 04:00:00+00:00,46131.37,41708.87,3790.5,625.0,7.0,3679.75,415.75,0.0
2025-03-01 05:00:00+00:00,47362.47,42889.72,3862.5,597.5,12.75,3513.5,435.0,4.25
2025-03-01 06:00:00+00:00,49581.47,44629.97,3622.0,570.0,759.5,3236.75,457.25,756.0
2025-03-01 07:00:00+00:00,52729.79,45046.79,3145.25,554.75,3983.0,2925.25,445.5,4065.0
2025-03-01 08:00:00+00:00,55662.67,43944.92,2804.75,685.5,8227.5,2615.75,400.75,8827.75
2025-03-01 09:00:00+00:00,57819.5,41788.5,2837.25,681.0,12512.75,2619.25,352.25,13221.5
2025-03-01 10:00:00+00:00,59415.69,39375.19,3277.5,594.25,16168.75,2857.25,380.0,16073.75
2025-03-01 11:00:00+00:00,58079.94,35709.94,3621.25,583.0,18165.75,3199.5,515.5,17568.5
2025-03-01 12:00:00+00:00,55901.12,33206.12,3944.5,734.0,18016.5,3608.5,730.5,17429.25
2025-03-01 13:00:00+00:00,54694.87,33226.87,4225.25,892.5,16350.25,4011.75,941.75,15493.25
2025-03-01 14:00:00+00:00,54161.2,36518.7,4346.5,1090.0,12206.0,4297.5,1108.5,11431.25
2025-03-01 15:00:00+00:00,53935.53,42142.78,4367.5,1137.0,6288.25,4301.0,1236.5,5977.25
2025-03-01 16:00:00+00:00,56200.34,49225.84,4402.25,1288.0,1284.25,4327.25,1332.75,1144.25
2025-03-01 17:00:00+00:00,58517.37,51760.12,5411.0,1289.0,57.25,4934.75,1450.0,4.75
2025-03-01 18:00:00+00:00,57370.06,49586.81,6476.25,1270.5,36.5,5772.5,1623.5,0.0
2025-03-01 19:00:00+00:00,54599.29,45583.79,7280.75,1722.5,12.25,6534.25,1800.75,0.0
2025-03-01 20:00:00+00:00,52613.01,42934.76,7502.0,2165.0,11.25,7070.25,1879.5,0.0
2025-03-01 21:00:00+00:00,51279.86,41617.36,7293.0,2361.75,7.75,7263.25,1894.25,0.0
2025-03-01 22:00:00+00:00,49031.89,39321.89,7210.75,2492.25,7.0,7196.25,2051.0,0.0
2025-03-01 23:00:00+00:00,46116.72,35880.72,7683.25,2540.5,12.25,7140.5,2820.75,0.0
2025-03-02 00:00:00+00:00,44525.18,34011.43,7689.25,2815.75,8.75,7387.75,3033.25,0.0
2025-03-02 01:00:00+00:00,43510.58,32787.58,7881.75,2831.25,10.0,7923.0,3143.5,0.0
2025-03-02 02:00:00+00:00,43574.29,32485.29,8271.5,2810.5,7.0,8394.75,3234.5,0.0
2025-03-02 03:00:00+00:00,44241.77,32916.77,8490.5,2826.5,8.0,8650.0,3266.5,0.0
2025-03-02 04:00:00+00:00,44074.67,32583.42,8824.25,2659.0,8.0,8765.5,3164.0,0.0
2025-03-02 05:00:00+00:00,44612.14,32573.39,9064.75,2959.0,15.0,8609.0,2928.5,7.75
2025-03-02 06:00:00+00:00,46020.52,32690.27,8433.0,3094.25,1803.0,7975.25,2712.25,1621.5
2025-03-02 07:00:00+00:00,48865.34,28570.34,7487.25,3277.75,9530.0,7089.5,2600.25,7665.25
2025-03-02 08:00:00+00:00,52288.69,22695.69,6603.5,3491.75,19497.75,6049.5,2594.75,15988.5
2025-03-02 09:00:00+00:00,53749.54,16639.29,5675.0,3727.0,27708.25,5398.25,2674.0,24387.75
2025-03-02 10:00:00+00:00,54889.91,11664.66,5185.75,3700.0,34339.5,5320.0,2783.25,30523.25
2025-03-02 11:00:00+00:00,53734.43,8164.93,4641.5,3660.5,37267.5,5443.25,2951.5,33133.0
2025-03-02 12:00:00+00:00,50990.98,7121.73,4214.5,3722.5,35932.25,5716.75,3171.25,32466.75
2025-03-02 13:00:00+00:00,49056.31,9801.31,4728.25,3656.25,30870.5,5999.0,3353.5,28326.25
2025-03-02 14:00:00+00:00,48806.71,15571.21,6304.75,3706.0,23224.75,6120.5,3389.5,20496.75
2025-03-02 15:00:00+00:00,49590.84,26947.84,6564.5,3633.25,12445.25,5873.0,3326.5,10197.75
2025-03-02 16:00:00+00:00,53298.36,40681.36,6345.25,3830.0,2441.75,5903.25,3255.5,2023.75
2025-03-02 17:00:00+00:00,56362.26,45465.26,6879.75,3965.25,52.0,6681.0,3238.0,10.25
2025-03-02 18:00:00+00:00,56564.41,44000.91,8051.0,4498.25,14.25,7474.25,3383.75,0.0
2025-03-02 19:00:00+00:00,54316.13,40570.13,8857.75,4874.0,14.25,8087.0,3690.5,0.0
2025-03-02 20:00:00+00:00,53094.11,38121.61,9650.25,5307.0,15.25,8509.25,4111.0,0.0
2025-03-02 21:00:00+00:00,52427.43,37003.18,9827.0,5582.25,15.0,8790.75,4512.75,0.0
2025-03-02 22:00:00+00:00,50401.28,34750.03,10121.5,5518.75,11.0,9074.75,4776.25,0.0
2025-03-02 23:00:00+00:00,48385.42,32114.92,10288.75,5974.75,7.0,9652.75,5335.75,0.0
2025-03-03 00:00:00+00:00,47259.57,30889.82,10288.0,6075.5,6.25,9647.0,5494.0,0.0
2025-03-03 01:00:00+00:00,46836.42,30249.17,10273.0,6307.25,7.0,9622.0,5598.5,0.0
2025-03-03 02:00:00+00:00,47443.79,30644.54,10469.5,6322.75,7.0,9619.25,5661.5,0.0
2025-03-03 03:00:00+00:00,49347.19,33130.19,10423.5,5785.5,8.0,9694.75,5655.5,0.0
2025-03-03 04:00:00+00:00,52549.16,36011.91,10981.75,5548.5,7.0,9973.25,5645.75,0.0
2025-03-03 05:00:00+00:00,59629.96,40381.96,12737.5,5486.75,1023.75,10497.25,5598.25,18.0
2025-03-03 06:00:00+00:00,63913.94,42556.94,13321.75,5063.0,2972.25,10352.5,5504.0,2753.5
2025-03-03 07:00:00+00:00,66322.36,35144.86,11878.5,5365.5,13933.5,9669.25,5391.0,12189.0
2025-03-03 08:00:00+00:00,67226.59,25416.59,9124.75,5267.0,27418.25,8161.0,5260.0,23808.0
2025-03-03 09:00:00+00:00,66858.2,18091.95,7948.25,5864.75,34953.25,6848.25,4987.75,33420.5
2025-03-03 10:00:00+00:00,66128.66,13085.91,7450.0,5723.5,39869.25,6626.75,4657.75,39070.75
2025-03-03 11:00:00+00:00,64197.27,10711.52,6972.75,5513.25,40999.75,6789.0,4474.0,40422.75
2025-03-03 12:00:00+00:00,62280.82,11039.57,7378.75,5393.0,38469.5,7044.75,4438.25,38380.75
2025-03-03 13:00:00+00:00,61095.54,14197.29,8319.75,4963.75,33614.75,7185.0,4366.0,33076.0
2025-03-03 14:00:00+00:00,60682.34,22710.84,8590.5,4239.75,25141.25,7083.0,4288.5,24032.5
2025-03-03 15:00:00+00:00,60686.83,35169.58,8395.0,3907.5,13214.75,6741.5,4290.5,11959.25
2025-03-03 16:00:00+00:00,63304.43,48565.93,7599.25,4241.75,2897.5,6746.0,4292.0,2414.5
2025-03-03 17:00:00+00:00,66395.06,54095.31,7602.25,4633.75,63.75,7337.75,4145.75,15.25
2025-03-03 18:00:00+00:00,65939.54,53382.79,7960.5,4552.75,43.5,7870.0,4072.75,0.0
2025-03-03 19:00:00+00:00,62869.35,49436.85,8802.75,4600.75,29.0,8101.0,4150.25,0.0
2025-03-03 20:00:00+00:00,59896.36,46375.36,9166.25,4339.75,15.0,8065.5,4264.75,0.0
2025-03-03 21:00:00+00:00,57092.56,43935.06,8921.5,4220.0,16.0,7863.5,4289.25,0.0
2025-03-03 22:00:00+00:00,54035.79,40979.04,8742.5,4298.0,16.25,7729.75,4224.25,0.0
2025-03-03 23:00:00+00:00,51830.56,38857.81,8605.25,4361.5,6.0,8042.0,4209.0,0.0
2025-03-04 00:00:00+00:00,50208.19,37566.44,8385.75,4249.0,7.0,7820.5,4244.75,0.0
2025-03-04 01:00:00+00:00,49832.71,37844.71,8006.75,3975.25,6.0,7518.5,4329.25,0.0
2025-03-04 02:00:00+00:00,50064.39,38543.39,7583.75,3931.0,6.25,7318.75,4360.25,0.0
2025-03-04 03:00:00+00:00,51955.16,39682.16,7507.25,3759.25,1006.5,7347.0,4432.25,0.0
2025-03-04 04:00:00+00:00,55802.26,43869.26,7949.0,3978.0,6.0,7575.75,4493.75,0.0
2025-03-04 05:00:00+00:00,62544.77,49367.52,8829.0,4314.25,34.0,7832.0,4494.75,20.0
2025-03-04 06:00:00+00:00,66312.37,50448.87,9397.0,3605.5,2861.0,7633.5,4486.25,2514.75
2025-03-04 07:00:00+00:00,68800.49,44559.49,9003.0,3201.5,12036.5,7117.5,4488.5,10852.75
2025-03-04 08:00:00+00:00,68653.68,34287.68,7494.0,3268.75,23603.25,6063.0,4566.75,21484.25
2025-03-04 09:00:00+00:00,68789.49,25723.49,6010.0,4513.0,32543.0,5108.5,4663.0,30952.0
2025-03-04 10:00:00+00:00,67681.82,19027.57,5965.5,5047.75,37641.0,5036.5,4586.25,37055.0
2025-03-04 11:00:00+00:00,65501.06,13223.81,6484.75,5222.25,40570.25,5492.5,4639.75,39232.25
2025-03-04 12:00:00+00:00,63399.49,13202.99,6891.5,4972.0,38333.0,6034.0,4754.75,37743.0
2025-03-04 13:00:00+00:00,61635.31,15324.56,7370.25,5237.75,33702.75,6369.5,4970.0,32776.25
2025-03-04 14:00:00+00:00,60541.74,21822.49,7496.0,5645.75,25577.5,6319.75,5192.0,23952.75
2025-03-04 15:00:00+00:00,60932.52,34222.27,7018.0,5942.0,13750.25,6074.75,5384.75,12112.5
2025-03-04 16:00:00+00:00,64725.04,49523.04,6836.5,5414.75,2950.75,6376.75,5506.0,2606.5
2025-03-04 17:00:00+00:00,67940.7,53603.95,8936.0,5338.0,62.75,7378.5,5653.5,20.5
2025-03-04 18:00:00+00:00,67628.77,51003.77,11077.25,5510.25,37.5,8528.0,5752.75,0.0
2025-03-04 19:00:00+00:00,64176.47,44605.72,12276.75,6275.75,1018.25,9899.5,5916.25,0.0
2025-03-04 20:00:00+00:00,60976.26,41434.76,12749.0,6778.25,14.25,11170.75,6121.75,0.0
2025-03-04 21:00:00+00:00,58247.26,37492.01,13634.0,7115.0,6.25,12008.0,6163.25,0.0
2025-03-04 22:00:00+00:00,54602.78,33343.78,14700.25,6552.5,6.25,12616.25,6187.25,0.0
2025-03-04 23:00:00+00:00,51871.27,29260.27,15409.5,7195.25,6.25,13817.25,5973.25,0.0
2025-03-05 00:00:00+00:00,50581.59,28317.59,15641.75,6616.0,6.25,14202.75,5944.25,0.0
2025-03-05 01:00:00+00:00,50108.31,27529.31,16127.25,6445.5,6.25,14687.75,5934.25,0.0
2025-03-05 02:00:00+00:00,50357.13,27789.38,16404.25,6156.75,6.75,15345.75,5913.75,0.0
2025-03-05 03:00:00+00:00,51973.06,28464.81,17562.5,5939.75,6.0,15951.5,5904.75,0.0
2025-03-05 04:00:00+00:00,55588.5,31622.5,18168.25,5791.75,6.0,16651.0,5922.75,0.0
2025-03-05 05:00:00+00:00,62995.63,37540.13,19893.25,5516.25,46.0,17707.0,5932.0,36.25
2025-03-05 06:00:00+00:00,67156.0,37957.75,19686.5,5704.75,3807.0,17855.0,5903.0,3730.0
2025-03-05 07:00:00+00:00,69482.83,30061.58,18662.25,5590.5,15168.5,17536.75,5868.5,14800.0
2025-03-05 08:00:00+00:00,68974.7,20023.45,15688.0,5852.25,27411.0,15851.25,5765.0,26949.5
2025-03-05 09:00:00+00:00,66860.18,12371.68,12709.75,6029.0,35749.75,12179.75,5616.75,35870.0
2025-03-05 10:00:00+00:00,64654.33,7840.83,11556.0,5535.5,39722.0,10695.0,5534.5,40630.25
2025-03-05 11:00:00+00:00,62018.21,7000.71,10003.5,5152.75,39861.25,10478.75,5482.5,42118.25
2025-03-05 12:00:00+00:00,60848.77,8240.52,9593.0,4945.0,38070.25,10313.75,5490.5,40349.25
2025-03-05 13:00:00+00:00,61701.39,10597.64,10960.25,5819.0,34324.5,10147.25,5569.5,35011.5
2025-03-05 14:00:00+00:00,61324.19,18338.69,11363.75,5693.25,25928.5,9967.75,5753.5,25736.75
2025-03-05 15:00:00+00:00,61680.17,31017.92,10926.25,5748.5,13987.5,9355.0,5926.25,13244.25
2025-03-05 16:00:00+00:00,65273.55,45621.05,10805.75,5811.5,3035.25,9755.0,5994.5,2882.5
2025-03-05 17:00:00+00:00,68868.79,49729.04,13120.5,5968.75,50.5,10754.25,6049.25,27.0
2025-03-05 18:00:00+00:00,69336.41,48653.41,14863.5,5798.75,20.75,11809.5,6187.5,0.0
2025-03-05 19:00:00+00:00,65411.74,44686.99,15021.0,5694.75,9.0,12887.75,6205.0,0.0
2025-03-05 20:00:00+00:00,61892.87,40584.37,15621.25,5676.25,11.0,13426.75,6201.5,0.0
2025-03-05 21:00:00+00:00,58762.26,37616.26,15375.25,5758.5,12.25,13222.25,6212.0,0.0
2025-03-05 22:00:00+00:00,54669.28,33589.03,15303.25,5769.5,7.5,13051.75,6158.25,0.0
2025-03-05 23:00:00+00:00,52019.93,30973.18,14923.0,6116.75,7.0,14258.0,6275.5,0.0
2025-03-06 00:00:00+00:00,50562.21,30042.71,14606.75,5905.75,7.0,13915.0,6218.5,0.0
2025-03-06 01:00:00+00:00,49441.08,29309.33,14397.5,5727.25,7.0,13567.0,6092.75,0.0
2025-03-06 02:00:00+00:00,49254.93,29430.18,14044.25,5773.0,7.5,13142.0,5981.0,0.0
2025-03-06 03:00:00+00:00,50569.21,31160.71,13453.25,5948.0,7.25,12759.75,5850.75,0.0
2025-03-06 04:00:00+00:00,54033.62,35292.87,13242.25,5489.75,8.75,12623.0,5538.75,0.0
2025-03-06 05:00:00+00:00,61071.56,42574.31,13474.75,4959.0,63.5,12577.0,5067.75,44.75
2025-03-06 06:00:00+00:00,65023.46,44015.46,12966.0,4061.25,3980.75,11795.25,4607.5,3720.0
2025-03-06 07:00:00+00:00,67090.51,36601.51,11627.75,3564.0,15297.25,10755.75,4337.25,14375.25
2025-03-06 08:00:00+00:00,67282.43,27859.43,8094.5,3723.25,27605.25,8408.5,4268.75,26111.25
2025-03-06 09:00:00+00:00,66071.81,21885.06,4166.5,3812.75,36207.5,5510.0,4233.5,34848.5
2025-03-06 10:00:00+00:00,64496.66,16620.41,3242.5,3718.5,40915.25,4105.0,4089.5,39727.25
2025-03-06 11:00:00+00:00,61982.93,11693.68,3809.25,3461.5,43018.5,3905.25,3936.25,41237.75
2025-03-06 12:00:00+00:00,60408.95,13014.2,4735.25,3201.75,39457.75,4168.25,3745.25,39388.75
2025-03-06 13:00:00+00:00,59733.2,16434.2,6088.0,2885.0,34326.0,4675.75,3462.5,34141.5
2025-03-06 14:00:00+00:00,58892.15,24724.4,6060.0,2415.75,25692.0,4647.25,3149.25,25153.25
2025-03-06 15:00:00+00:00,59135.12,38214.12,5020.25,2238.75,13662.0,4481.25,2943.5,12992.0
2025-03-06 16:00:00+00:00,62542.76,53012.51,4350.75,2115.75,3063.75,5614.5,2873.5,2832.25
2025-03-06 17:00:00+00:00,64992.25,57303.5,5532.25,2063.25,93.25,8037.75,2949.0,30.5
2025-03-06 18:00:00+00:00,64514.83,54729.58,7618.25,2142.5,24.5,10524.0,3154.25,0.0
2025-03-06 19:00:00+00:00,60790.64,48628.64,9927.5,2218.0,16.5,12754.75,3471.5,0.0
2025-03-06 20:00:00+00:00,57528.8,43038.8,11833.0,2645.0,12.0,14149.25,3777.75,0.0
2025-03-06 21:00:00+00:00,54253.52,38897.27,12448.75,2899.75,7.75,14521.5,3865.75,0.0
2025-03-06 22:00:00+00:00,51249.27,35713.77,12480.0,3048.75,6.75,14346.5,3759.5,0.0
2025-03-06 23:00:00+00:00,48046.73,33737.23,12129.5,2173.5,6.5,13218.0,3685.0,0.0
2025-03-07 00:00:00+00:00,46523.33,33273.08,11635.5,1608.5,6.25,12542.25,3569.75,0.0
2025-03-07 01:00:00+00:00,45513.84,32794.09,11216.25,1496.75,6.75,11780.5,3622.0,0.0
2025-03-07 02:00:00+00:00,46001.11,33697.61,10421.25,1875.25,7.0,10977.0,3689.5,0.0
2025-03-07 03:00:00+00:00,48068.9,36130.9,9642.0,2289.0,7.0,10213.75,3677.5,0.0
2025-03-07 04:00:00+00:00,51798.32,40034.32,9228.25,2529.0,6.75,9590.75,3635.5,0.0
2025-03-07 05:00:00+00:00,58414.27,46621.27,8933.25,2792.0,67.75,9130.0,3635.75,52.5
2025-03-07 06:00:00+00:00,62590.71,47618.21,8247.0,2792.5,3933.0,8076.5,3652.0,3595.25
2025-03-07 07:00:00+00:00,64633.55,40234.05,7239.75,2524.75,14635.0,6906.75,3591.75,13351.5
2025-03-07 08:00:00+00:00,65210.4,31258.15,4868.5,2443.75,26640.0,4930.25,3449.75,24438.75
2025-03-07 09:00:00+00:00,64039.98,24111.98,2066.0,2740.25,35121.75,2486.25,3223.25,33175.5
2025-03-07 10:00:00+00:00,62100.25,17980.0,1327.0,2418.75,40374.5,1544.25,2909.75,38138.25
2025-03-07 11:00:00+00:00,60193.66,15057.16,1449.75,2022.25,41664.5,1396.5,2548.0,39855.0
2025-03-07 12:00:00+00:00,57699.12,14542.12,1676.0,1878.25,39602.75,1281.0,2151.5,38285.75
2025-03-07 13:00:00+00:00,56008.1,18399.85,1764.5,1805.25,34038.5,1175.5,1748.25,33265.75
2025-03-07 14:00:00+00:00,55990.75,27580.0,1550.25,1465.0,25395.5,1062.75,1345.25,24535.0
2025-03-07 15:00:00+00:00,56744.58,41261.58,1022.5,936.0,13524.5,1073.5,987.5,12737.25
2025-03-07 16:00:00+00:00,59462.15,54804.4,930.0,573.25,3154.5,1478.5,737.75,2857.75
2025-03-07 17:00:00+00:00,61902.57,60016.07,1455.5,327.5,103.5,2306.25,590.5,35.5
2025-03-07 18:00:00+00:00,61401.45,59091.7,2146.5,126.0,37.25,3167.75,541.5,0.0
2025-03-07 19:00:00+00:00,57654.92,54900.17,2689.5,42.0,23.25,3832.75,563.75,0.0
2025-03-07 20:00:00+00:00,54330.43,51164.18,3125.0,24.0,17.25,4171.0,634.0,0.0
2025-03-07 21:00:00+00:00,51412.83,48030.33,3311.0,55.25,16.25,4211.0,743.75,0.0
2025-03-07 22:00:00+00:00,48199.88,44329.88,3629.75,232.5,7.75,3996.5,846.75,0.0
2025-03-07 23:00:00+00:00,45878.59,41838.84,3694.0,336.0,9.75,2633.5,479.25,0.0
2025-03-08 00:00:00+00:00,44265.31,40419.31,3381.75,455.75,8.5,2423.25,484.25,0.0
2025-03-08 01:00:00+00:00,43180.39,39406.14,3128.25,637.0,9.0,2249.25,486.5,0.0
2025-03-08 02:00:00+00:00,43019.55,39574.05,2801.5,637.0,7.0,2141.25,479.75,0.0
2025-03-08 03:00:00+00:00,43700.27,40675.52,2466.75,550.0,8.0,2139.5,439.5,0.0
2025-03-08 04:00:00+00:00,44236.03,41457.28,2313.75,457.75,7.25,2281.5,380.75,0.0
2025-03-08 05:00:00+00:00,45567.97,42529.22,2589.75,361.75,87.25,2611.0,331.25,72.5
2025-03-08 06:00:00+00:00,48162.03,40496.28,3192.0,310.0,4163.75,2960.5,312.75,3888.5
2025-03-08 07:00:00+00:00,51228.21,31552.46,3945.0,408.0,15322.75,3261.5,327.25,14193.5
2025-03-08 08:00:00+00:00,53343.77,21685.02,3868.75,528.5,27261.5,3220.5,373.0,25480.75
2025-03-08 09:00:00+00:00,53190.65,14726.65,2340.25,597.25,35526.5,2127.25,445.25,33844.25
2025-03-08 10:00:00+00:00,52151.01,9357.76,1749.0,738.5,40305.75,1271.75,520.75,38363.5
2025-03-08 11:00:00+00:00,50308.48,7476.98,2041.25,704.0,40086.25,1174.25,580.75,39698.0
2025-03-08 12:00:00+00:00,48153.57,7129.57,2430.5,617.5,37976.0,1526.25,625.75,38106.0
2025-03-08 13:00:00+00:00,46477.55,8149.05,3455.25,732.0,34141.25,2100.25,672.25,33231.0
2025-03-08 14:00:00+00:00,46222.67,15274.92,4510.25,854.5,25583.0,2680.0,747.25,24756.25
2025-03-08 15:00:00+00:00,47184.1,26607.85,5654.25,1017.75,13904.25,3695.75,898.5,12925.75
2025-03-08 16:00:00+00:00,50931.4,38584.9,7479.25,1566.5,3300.75,6092.0,1158.25,2947.5
2025-03-08 17:00:00+00:00,54609.7,40002.45,12407.75,2104.0,95.5,9608.25,1496.25,45.75
2025-03-08 18:00:00+00:00,54501.95,33760.2,17447.0,3282.25,12.5,12429.0,1898.0,0.0
2025-03-08 19:00:00+00:00,51976.35,26970.1,20400.25,4598.25,7.75,14130.75,2371.75,0.0
2025-03-08 20:00:00+00:00,49353.33,23015.08,21096.5,5234.75,7.0,14500.5,2858.5,0.0
2025-03-08 21:00:00+00:00,47364.19,22718.69,19186.0,5452.5,7.0,13718.25,3142.0,0.0
2025-03-08 22:00:00+00:00,44587.39,22170.14,17332.25,5078.0,7.0,12559.0,3078.75,0.0
2025-03-08 23:00:00+00:00,42024.49,22583.24,15029.0,4405.25,7.0,11845.75,3257.75,0.0
2025-03-09 00:00:00+00:00,40469.53,24111.28,12727.0,3622.75,8.5,10577.5,2864.75,0.0
2025-03-09 01:00:00+00:00,39749.74,25477.24,11005.5,3259.75,7.25,9664.5,2622.25,0.0
2025-03-09 02:00:00+00:00,39521.91,26870.66,9756.5,2886.75,8.0,9067.5,2588.25,0.0
2025-03-09 03:00:00+00:00,40035.17,28319.92,8930.25,2775.25,9.75,8845.0,2665.25,0.0
2025-03-09 04:00:00+00:00,40241.59,28768.59,8620.75,2844.25,8.0,8803.0,2770.75,0.0
2025-03-09 05:00:00+00:00,41018.22,28993.47,8901.75,3012.75,110.25,8699.75,2840.25,86.25
2025-03-09 06:00:00+00:00,43070.36,26858.11,8743.25,2920.5,4548.5,7990.5,2848.5,4001.25
2025-03-09 07:00:00+00:00,46550.49,20817.49,7595.75,2774.75,15362.5,6795.75,2794.75,14147.25
2025-03-09 08:00:00+00:00,49390.49,15448.24,4497.25,2560.25,26884.75,4663.75,2691.5,25156.0
2025-03-09 09:00:00+00:00,50642.57,10884.82,1996.25,2482.25,35279.25,2375.25,2532.5,33451.0
2025-03-09 10:00:00+00:00,49917.65,6731.15,1276.5,2054.5,39855.5,1588.25,2344.25,37982.75
2025-03-09 11:00:00+00:00,48316.21,5449.21,1254.0,1673.0,39940.0,1466.0,2160.25,39025.0
2025-03-09 12:00:00+00:00,46260.34,5636.09,1146.5,1669.25,37808.5,1497.5,2050.25,37239.0
2025-03-09 13:00:00+00:00,45516.72,7670.22,1617.25,2244.25,33985.0,1665.0,2061.5,32405.0
2025-03-09 14:00:00+00:00,45014.63,15556.63,1857.25,2412.25,25188.5,2024.0,2211.25,24147.0
2025-03-09 15:00:00+00:00,46226.97,28199.72,2055.75,2591.0,13380.5,2427.5,2429.5,12705.75
2025-03-09 16:00:00+00:00,50915.94,42653.44,2368.75,2876.0,3017.75,3429.0,2633.75,2971.0
2025-03-09 17:00:00+00:00,54558.21,47902.46,3653.5,2941.25,61.0,4832.75,2743.0,51.5
2025-03-09 18:00:00+00:00,54386.33,46676.33,4687.75,3009.0,13.25,5529.0,2680.0,0.0
2025-03-09 19:00:00+00:00,52157.47,43609.47,5367.25,3171.5,9.25,5357.0,2430.0,0.0
2025-03-09 20:00:00+00:00,50054.6,42251.6,5197.25,2598.75,7.0,4594.5,2029.0,0.0
2025-03-09 21:00:00+00:00,49157.35,42360.85,4445.5,2344.75,6.25,3643.75,1600.5,0.0
2025-03-09 22:00:00+00:00,46317.52,40827.27,3435.5,2048.0,6.75,2761.5,1205.0,0.0
2025-03-09 23:00:00+00:00,44148.64,39888.64,2499.75,1754.25,6.0,2482.0,1178.5,0.0
2025-03-10 00:00:00+00:00,42417.3,39175.05,2001.25,1234.25,6.75,2154.0,890.75,0.0
2025-03-10 01:00:00+00:00,41940.8,39233.55,1823.75,877.5,6.0,2028.5,646.25,0.0
2025-03-10 02:00:00+00:00,42600.53,40127.03,1819.75,646.25,7.5,1964.75,459.75,0.0
2025-03-10 03:00:00+00:00,44695.61,42178.86,1996.25,513.75,6.75,1934.25,367.0,0.0
2025-03-10 04:00:00+00:00,48741.42,46191.42,2114.75,429.0,6.25,1936.0,355.75,0.0
2025-03-10 05:00:00+00:00,56537.62,53808.12,2195.75,413.75,120.0,1930.5,380.75,83.75
2025-03-10 06:00:00+00:00,61625.34,55116.84,2218.75,531.75,3758.0,1811.75,416.5,3177.75
2025-03-10 07:00:00+00:00,64092.61,49901.86,1965.25,532.25,11693.25,1698.0,432.5,11045.0
2025-03-10 08:00:00+00:00,64863.74,42371.99,1564.5,675.5,20251.75,1438.0,429.75,19499.5
2025-03-10 09:00:00+00:00,64213.59,36180.59,1029.5,965.0,26038.5,1170.0,445.5,25300.0
2025-03-10 10:00:00+00:00,63697.73,32393.48,1129.75,1076.75,29097.75,1233.75,499.5,28051.5
2025-03-10 11:00:00+00:00,63088.42,30550.92,1609.5,1447.25,29480.75,1606.0,572.75,28004.0
2025-03-10 12:00:00+00:00,61565.56,30547.56,2402.5,1365.75,27249.75,2076.75,660.5,25548.5
2025-03-10 13:00:00+00:00,60827.45,33972.2,3432.0,947.5,22475.75,2537.25,760.25,21253.75
2025-03-10 14:00:00+00:00,60259.36,39450.36,4225.75,763.0,15820.25,2881.25,848.25,15366.0
2025-03-10 15:00:00+00:00,60177.26,46651.76,4510.75,781.25,8233.5,3096.0,949.75,8159.5
2025-03-10 16:00:00+00:00,62282.22,54693.97,4413.0,1033.75,2141.5,3646.75,1130.25,2033.75
2025-03-10 17:00:00+00:00,64455.97,57727.97,5342.75,1308.75,76.5,4693.75,1390.0,45.25
2025-03-10 18:00:00+00:00,63874.04,55989.04,6351.5,1507.5,26.0,5443.25,1606.75,0.0
2025-03-10 19:00:00+00:00,60496.63,52283.38,6721.75,1475.75,15.75,5586.75,1679.5,0.0
2025-03-10 20:00:00+00:00,57008.67,49331.92,6122.5,1546.25,8.0,5241.0,1675.5,0.0
2025-03-10 21:00:00+00:00,53595.16,46796.66,5204.5,1588.0,6.0,4700.5,1678.25,0.0
2025-03-10 22:00:00+00:00,50169.88,44000.13,4509.75,1653.75,6.25,4146.0,1691.5,0.0
2025-03-10 23:00:00+00:00,47925.04,42217.79,3840.75,1861.0,5.5,4088.25,1412.0,0.0
2025-03-11 00:00:00+00:00,46979.92,42136.92,3306.5,1530.25,6.25,3592.0,1283.0,0.0
2025-03-11 01:00:00+00:00,46440.67,41771.42,3063.5,1600.5,5.25,3137.5,1218.75,0.0
2025-03-11 02:00:00+00:00,46874.53,42455.03,2811.0,1602.5,6.0,2733.75,1200.75,0.0
2025-03-11 03:00:00+00:00,48473.02,44016.27,2730.75,1720.0,6.0,2391.25,1202.75,0.0
2025-03-11 04:00:00+00:00,51534.55,47200.05,2702.75,1625.0,6.75,2184.0,1143.0,0.0
2025-03-11 05:00:00+00:00,58517.92,54434.42,2543.25,1460.5,79.75,2042.5,980.0,74.0
2025-03-11 06:00:00+00:00,62779.58,56398.33,2489.5,1284.5,2607.25,1808.5,803.75,2580.25
2025-03-11 07:00:00+00:00,65278.33,53946.83,2059.75,947.0,8324.75,1517.5,660.75,8794.25
2025-03-11 08:00:00+00:00,65817.9,48899.4,1536.0,692.0,14690.5,1156.5,580.75,15986.75
2025-03-11 09:00:00+00:00,66283.24,44468.99,1224.75,701.5,19888.0,968.0,540.5,21746.5
2025-03-11 10:00:00+00:00,66195.83,41215.08,1143.25,729.25,23108.25,1121.75,515.0,24743.0
2025-03-11 11:00:00+00:00,64954.07,39020.32,1344.0,746.5,23843.25,1479.0,520.75,24974.0
2025-03-11 12:00:00+00:00,64313.84,39252.34,1951.75,786.25,22323.5,1878.0,590.0,22765.0
2025-03-11 13:00:00+00:00,63169.78,40856.28,2660.75,874.25,18778.5,2239.25,721.75,18907.5
2025-03-11 14:00:00+00:00,61848.56,43812.56,3215.0,1004.0,13817.0,2495.75,857.25,13623.75
2025-03-11 15:00:00+00:00,61755.41,49445.66,3586.0,1276.0,7447.75,2602.25,1044.25,7387.5
2025-03-11 16:00:00+00:00,63527.45,56112.2,3532.25,2003.5,1879.5,2711.25,1347.75,1948.0
2025-03-11 17:00:00+00:00,65597.75,58820.0,4066.75,2641.5,69.5,3029.5,1649.75,48.5
2025-03-11 18:00:00+00:00,64807.61,56776.86,4962.0,3043.0,25.75,3420.0,1871.25,0.0
2025-03-11 19:00:00+00:00,60906.5,52001.0,5734.5,3151.25,19.75,3758.0,1990.0,0.0
2025-03-11 20:00:00+00:00,57429.93,48888.93,5794.75,2737.75,8.5,4012.25,1995.75,0.0
2025-03-11 21:00:00+00:00,53778.53,45564.78,5694.75,2512.0,7.0,4156.5,1985.5,0.0
2025-03-11 22:00:00+00:00,50475.06,43245.06,5345.5,1878.25,6.25,4157.5,1936.5,0.0
2025-03-11 23:00:00+00:00,48251.59,41428.59,5025.25,1791.75,6.0,5597.5,1887.5,0.0
2025-03-12 00:00:00+00:00,47256.71,40733.96,4968.0,1548.75,6.0,5461.25,1663.75,0.0
2025-03-12 01:00:00+00:00,46690.39,40492.64,4870.25,1321.5,6.0,5300.0,1415.0,0.0
2025-03-12 02:00:00+00:00,47056.3,41084.8,4968.25,997.25,6.0,5084.0,1162.25,0.0
2025-03-12 03:00:00+00:00,48220.35,42778.35,4754.25,681.75,6.0,4722.25,955.0,0.0
2025-03-12 04:00:00+00:00,51553.69,46519.94,4497.0,530.75,6.0,4289.75,821.25,0.0
2025-03-12 05:00:00+00:00,58927.97,53979.72,4275.0,598.0,75.25,3934.5,781.75,83.25
2025-03-12 06:00:00+00:00,63297.65,56747.4,4114.5,738.0,1697.75,3503.0,791.5,2048.0
2025-03-12 07:00:00+00:00,65869.4,56403.65,3218.75,604.75,5642.25,2938.75,795.5,6591.5
2025-03-12 08:00:00+00:00,66817.58,53892.83,2803.25,649.5,9472.0,2496.0,782.0,11211.25
2025-03-12 09:00:00+00:00,67323.16,52183.41,3111.0,664.75,11364.0,2474.25,787.25,14481.25
2025-03-12 10:00:00+00:00,67636.99,51507.74,3206.25,737.75,12185.25,2522.0,788.0,16119.0
2025-03-12 11:00:00+00:00,67649.53,50545.03,2870.0,800.25,13434.25,2524.75,803.75,16489.25
2025-03-12 12:00:00+00:00,67128.8,49910.8,2673.5,903.0,13641.5,2506.5,811.75,15579.25
2025-03-12 13:00:00+00:00,64764.51,50186.26,2564.5,960.75,11053.0,2465.5,823.75,13237.25
2025-03-12 14:00:00+00:00,63901.86,53076.61,2426.0,932.5,7466.75,2399.5,827.0,9600.25
2025-03-12 15:00:00+00:00,63724.42,56359.92,2232.5,1016.25,4115.75,2302.75,813.25,5276.0
2025-03-12 16:00:00+00:00,65306.9,61205.9,1943.75,819.0,1338.25,2200.0,765.0,1504.5
2025-03-12 17:00:00+00:00,66755.56,63681.31,2132.75,850.5,91.0,2327.75,748.5,56.0
2025-03-12 18:00:00+00:00,66114.34,62899.09,2206.25,986.5,22.5,2549.5,770.5,0.0
2025-03-12 19:00:00+00:00,62340.89,58745.39,2210.25,1364.25,21.0,2634.5,800.25,0.0
2025-03-12 20:00:00+00:00,58800.66,55204.41,2203.5,1378.75,14.0,2640.5,857.75,0.0
2025-03-12 21:00:00+00:00,55727.63,51997.13,1966.5,1758.25,5.75,2613.5,948.25,0.0
2025-03-12 22:00:00+00:00,52038.99,48055.24,1972.25,2006.5,5.0,2622.75,1032.0,0.0
2025-03-12 23:00:00+00:00,49379.6,45479.35,2113.5,1781.75,5.0,1752.0,1440.25,0.0
2025-03-13 00:00:00+00:00,47898.6,44149.6,2394.25,1349.75,5.0,2020.5,1410.5,0.0
2025-03-13 01:00:00+00:00,47369.12,43160.87,2729.75,1473.0,5.5,2371.75,1337.5,0.0
2025-03-13 02:00:00+00:00,48120.67,43418.92,3116.0,1579.75,6.0,2725.5,1345.75,0.0
2025-03-13 03:00:00+00:00,49767.32,44523.32,3267.25,1971.75,5.0,3015.75,1446.25,0.0
2025-03-13 04:00:00+00:00,53030.12,47465.37,3272.25,2287.25,5.25,3150.75,1588.0,0.0
2025-03-13 05:00:00+00:00,59725.6,54098.1,3344.0,2218.25,65.25,3208.0,1711.5,72.5
2025-03-13 06:00:00+00:00,63809.73,56253.73,3271.5,2235.5,2049.0,3110.75,1809.25,1822.5
2025-03-13 07:00:00+00:00,66061.15,53649.9,2697.0,2303.75,7410.5,2728.75,1906.0,6101.75
2025-03-13 08:00:00+00:00,66905.53,48416.78,2057.75,2720.0,13711.0,2231.75,2007.5,11037.5
2025-03-13 09:00:00+00:00,67716.28,45432.53,2176.75,2651.75,17455.25,2129.5,2074.0,14623.25
2025-03-13 10:00:00+00:00,67673.94,45034.94,2606.25,2743.75,17289.0,2355.75,2085.5,15805.0
2025-03-13 11:00:00+00:00,67633.9,46289.9,2970.75,2718.75,15654.5,2580.5,2081.5,15386.25
2025-03-13 12:00:00+00:00,66679.77,47135.77,3182.0,2818.5,13543.5,2851.75,2141.0,14126.75
2025-03-13 13:00:00+00:00,65932.7,48715.2,3208.75,2812.75,11196.0,3148.25,2347.75,12266.25
2025-03-13 14:00:00+00:00,64506.6,50208.1,3081.75,2549.25,8667.5,3347.75,2565.5,9284.75
2025-03-13 15:00:00+00:00,63961.23,52977.73,2964.25,2577.5,5441.75,3408.0,2686.0,5373.5
2025-03-13 16:00:00+00:00,65258.42,58049.42,2784.75,2590.75,1833.5,3369.0,2777.5,1580.75
2025-03-13 17:00:00+00:00,66790.17,61202.92,2845.5,2622.5,119.25,3388.75,2833.25,50.0
2025-03-13 18:00:00+00:00,66568.35,60861.85,3180.0,2490.75,35.75,3532.0,2771.0,0.0
2025-03-13 19:00:00+00:00,62999.13,56958.63,3415.0,2604.25,21.25,3653.5,2592.0,0.0
2025-03-13 20:00:00+00:00,59651.15,54010.9,3371.25,2262.75,6.25,3616.5,2315.75,0.0
2025-03-13 21:00:00+00:00,56564.9,51188.65,3017.5,2352.75,6.0,3410.25,2054.5,0.0
2025-03-13 22:00:00+00:00,52942.19,48220.19,2684.75,2031.25,6.0,3185.0,1808.75,0.0
2025-03-13 23:00:00+00:00,50254.22,45922.22,2471.0,1854.75,6.25,3420.5,1797.25,0.0
2025-03-14 00:00:00+00:00,48408.9,44141.65,2335.25,1926.0,6.0,3147.25,1634.0,0.0
2025-03-14 01:00:00+00:00,48440.77,44034.52,2365.25,2035.0,6.0,2911.25,1567.75,0.0
2025-03-14 02:00:00+00:00,48385.48,43872.98,2352.25,2154.25,6.0,2738.5,1546.75,0.0
2025-03-14 03:00:00+00:00,49909.45,45634.95,2134.0,2134.5,6.0,2645.0,1544.75,0.0
2025-03-14 04:00:00+00:00,53122.56,48934.31,2176.25,2006.0,6.0,2588.75,1545.25,0.0
2025-03-14 05:00:00+00:00,59568.45,55301.2,2359.75,1824.0,83.5,2485.25,1515.5,93.5
2025-03-14 06:00:00+00:00,64176.08,58428.58,2282.0,1682.0,1783.5,2265.75,1449.5,2050.0
2025-03-14 07:00:00+00:00,66555.11,56442.86,1914.75,1809.75,6387.75,1969.25,1385.75,6495.75
2025-03-14 08:00:00+00:00,67470.3,51883.8,1473.5,1748.25,12364.75,1760.75,1333.25,11313.5
2025-03-14 09:00:00+00:00,67596.33,47670.33,1619.25,1625.5,16681.25,1714.25,1254.75,14962.75
2025-03-14 10:00:00+00:00,67296.57,45560.07,1912.25,1574.25,18250.0,1681.75,1174.5,16916.75
2025-03-14 11:00:00+00:00,66889.92,44708.92,2282.0,1806.75,18092.25,1742.0,1106.25,17387.5
2025-03-14 12:00:00+00:00,65589.43,45012.18,2552.0,1869.5,16155.75,1925.0,1062.75,16310.25
2025-03-14 13:00:00+00:00,64398.07,46665.57,3099.25,1974.75,12658.5,2343.75,1109.0,13767.5
2025-03-14 14:00:00+00:00,63130.32,48335.57,3802.0,2077.0,8915.75,2985.0,1263.0,10011.5
2025-03-14 15:00:00+00:00,62975.06,50589.31,4711.5,2529.0,5145.25,3750.5,1484.0,5686.5
2025-03-14 16:00:00+00:00,64253.25,54588.0,5107.5,2879.25,1678.5,4704.75,1745.0,1751.0
2025-03-14 17:00:00+00:00,65390.96,56443.21,5928.5,2897.75,121.5,6015.25,2000.75,83.25
2025-03-14 18:00:00+00:00,64318.29,54462.54,7059.0,2771.0,25.75,7342.75,2149.75,0.0
2025-03-14 19:00:00+00:00,60887.84,50248.09,8093.0,2534.0,12.75,8334.75,2146.0,0.0
2025-03-14 20:00:00+00:00,57318.73,46195.48,8706.0,2409.75,7.5,8864.0,2004.0,0.0
2025-03-14 21:00:00+00:00,54347.8,43115.8,9106.75,2119.25,6.0,8997.5,1903.5,0.0
2025-03-14 22:00:00+00:00,51401.89,40018.39,9537.75,1839.5,6.25,9049.0,1730.25,0.0
2025-03-14 23:00:00+00:00,48272.52,36761.77,9895.25,1607.25,8.25,9574.75,1762.25,0.0
2025-03-15 00:00:00+00:00,46391.6,34503.6,10213.25,1668.75,6.0,9555.0,1651.25,0.0
2025-03-15 01:00:00+00:00,44510.84,32067.34,10624.5,1813.0,6.0,9591.0,1554.25,0.0
2025-03-15 02:00:00+00:00,44212.54,31366.29,10878.75,1961.5,6.0,9649.25,1457.0,0.0
2025-03-15 03:00:00+00:00,44239.86,31257.36,11095.25,1881.25,6.0,9780.75,1350.75,0.0
2025-03-15 04:00:00+00:00,44663.11,31592.86,11462.25,1601.75,6.25,10034.75,1232.25,0.0
2025-03-15 05:00:00+00:00,45727.03,32371.03,11839.0,1403.75,113.25,10275.25,1107.25,142.75
2025-03-15 06:00:00+00:00,48181.7,33266.95,11322.75,1154.25,2437.75,9879.0,969.75,2455.5
2025-03-15 07:00:00+00:00,51298.38,32563.38,9895.0,950.5,7889.5,9025.5,803.5,7474.75
2025-03-15 08:00:00+00:00,54113.51,29711.26,9213.0,629.0,14560.25,8480.75,622.0,13167.0
2025-03-15 09:00:00+00:00,55766.55,26206.05,9771.25,428.0,19361.25,8988.25,463.25,17997.0
2025-03-15 10:00:00+00:00,56647.41,23953.41,10430.75,258.0,22005.25,9881.5,352.25,20949.75
2025-03-15 11:00:00+00:00,55814.97,20847.97,11091.75,146.75,23728.5,10686.25,289.5,21622.5
2025-03-15 12:00:00+00:00,53943.56,18758.31,11575.0,167.25,23443.0,11465.0,270.25,20382.25
2025-03-15 13:00:00+00:00,52080.86,19266.86,12391.75,325.25,20097.0,12160.0,312.0,17154.5
2025-03-15 14:00:00+00:00,51474.08,22867.58,13319.0,493.0,14794.5,12816.75,394.25,12349.75
2025-03-15 15:00:00+00:00,52048.11,29350.11,13511.75,756.5,8429.75,13162.5,474.5,6839.25
2025-03-15 16:00:00+00:00,54571.23,38083.48,12967.5,981.75,2538.5,13209.25,480.25,2033.5
2025-03-15 17:00:00+00:00,56686.21,42683.46,13256.5,587.0,159.25,13851.5,417.75,93.25
2025-03-15 18:00:00+00:00,56196.83,41107.58,14695.75,355.0,38.5,14767.25,347.5,0.0
2025-03-15 19:00:00+00:00,53036.58,37033.58,15705.75,276.5,20.75,15218.75,304.0,0.0
2025-03-15 20:00:00+00:00,50446.33,34569.58,15545.75,316.25,14.75,14927.0,306.5,0.0
2025-03-15 21:00:00+00:00,48767.35,34184.85,14203.5,368.5,10.5,13917.25,364.25,0.0
2025-03-15 22:00:00+00:00,46631.54,33054.79,13064.0,504.75,8.0,12906.5,472.25,0.0
2025-03-15 23:00:00+00:00,43989.92,31300.42,12015.0,663.0,11.5,11536.0,617.5,0.0
2025-03-16 00:00:00+00:00,42352.31,30583.56,11026.0,736.75,6.0,10644.25,793.5,0.0
2025-03-16 01:00:00+00:00,41478.82,30765.82,9836.5,870.25,6.25,9811.25,1033.25,0.0
2025-03-16 02:00:00+00:00,41491.35,31590.6,8826.75,1068.0,6.0,9199.0,1345.5,0.0
2025-03-16 03:00:00+00:00,41925.59,32202.09,8374.25,1343.25,6.0,8799.0,1682.75,0.0
2025-03-16 04:00:00+00:00,41960.71,32315.21,8289.5,1348.75,7.25,8491.5,1984.5,0.0
2025-03-16 05:00:00+00:00,42310.58,32220.83,8364.25,1435.25,290.25,8339.5,2219.25,271.25
2025-03-16 06:00:00+00:00,44319.01,29957.01,7744.0,1797.25,4820.75,7886.0,2425.0,4087.5
2025-03-16 07:00:00+00:00,48239.55,25546.3,6315.5,1974.5,14403.25,6991.25,2588.75,11861.0
2025-03-16 08:00:00+00:00,51113.05,19900.3,4923.75,2066.75,24222.25,5992.0,2719.75,19818.25
2025-03-16 09:00:00+00:00,52196.02,14435.02,4905.0,2134.0,30722.0,6344.5,2881.0,25625.0
2025-03-16 10:00:00+00:00,52431.64,10506.64,5843.75,2419.25,33662.0,7518.0,3071.0,28539.25
2025-03-16 11:00:00+00:00,51900.97,8930.22,7209.75,2756.75,33004.25,8474.0,3150.75,28440.0
2025-03-16 12:00:00+00:00,50606.44,8782.44,8349.5,2963.5,30511.0,9317.5,3164.25,26547.25
2025-03-16 13:00:00+00:00,49229.68,10754.43,8734.25,3368.75,26372.25,10115.25,3188.25,22809.5
2025-03-16 14:00:00+00:00,48759.19,15505.69,9513.5,3554.0,20186.0,10737.25,3364.5,16952.75
2025-03-16 15:00:00+00:00,49524.91,22622.16,10838.0,3973.5,12091.25,10713.0,3834.25,9446.0
2025-03-16 16:00:00+00:00,52517.67,33891.67,10220.0,4718.75,3687.25,10168.25,4407.75,2754.5
2025-03-16 17:00:00+00:00,56293.29,41181.54,9952.25,4983.25,176.25,10515.75,4859.5,131.0
2025-03-16 18:00:00+00:00,56372.68,40154.68,11633.25,4564.25,20.5,12099.25,4975.75,0.0
2025-03-16 19:00:00+00:00,53740.18,36257.43,13527.25,3933.75,21.75,13916.0,4900.5,0.0
2025-03-16 20:00:00+00:00,52278.09,33831.84,14593.5,3840.25,12.5,15082.0,5009.25,0.0
2025-03-16 21:00:00+00:00,51336.51,33337.01,14353.0,3635.0,11.5,15483.5,5303.5,0.0
2025-03-16 22:00:00+00:00,48952.4,29285.65,14792.25,4866.75,7.75,16081.0,5627.75,0.0
2025-03-16 23:00:00+00:00,48135.15,25423.15,15850.5,6855.25,6.25,15199.0,5802.0,0.0
2025-03-17 00:00:00+00:00,47045.72,24354.22,16093.5,6592.0,6.0,15260.75,6009.75,0.0
2025-03-17 01:00:00+00:00,47525.83,24637.08,16235.75,6646.25,6.75,15237.75,5754.75,0.0
2025-03-17 02:00:00+00:00,47777.71,24453.46,16777.0,6540.5,6.75,15141.75,5369.25,0.0
2025-03-17 03:00:00+00:00,48898.14,26304.39,16577.75,6010.0,6.0,14865.75,4739.75,0.0
2025-03-17 04:00:00+00:00,53012.62,30703.12,16613.75,5689.5,6.25,14360.0,4082.0,0.0
2025-03-17 05:00:00+00:00,60483.78,38682.03,16461.25,4941.5,399.0,13708.5,3454.0,381.25
2025-03-17 06:00:00+00:00,64484.35,40488.35,14452.5,4039.75,5503.75,12163.25,2722.25,5162.5
2025-03-17 07:00:00+00:00,66659.87,37077.37,11789.5,2947.0,14846.0,10425.0,2092.5,13968.0
2025-03-17 08:00:00+00:00,66542.81,27875.06,12299.75,1843.75,24524.25,9215.25,1560.25,22464.25
2025-03-17 09:00:00+00:00,65754.96,20673.71,11772.5,1114.0,32194.75,8984.25,1180.0,28650.5
2025-03-17 10:00:00+00:00,65200.63,17648.88,11632.5,546.5,35372.75,8854.25,860.5,32495.0
2025-03-17 11:00:00+00:00,64121.28,16664.28,10092.0,368.75,36996.25,8427.5,634.0,34015.75
2025-03-17 12:00:00+00:00,63117.64,16667.39,9770.0,377.0,36303.25,7830.25,477.5,33168.25
2025-03-17 13:00:00+00:00,61134.43,18671.93,8888.25,334.25,33240.0,7251.5,400.25,29834.0
2025-03-17 14:00:00+00:00,59921.76,23742.26,8592.0,440.25,27147.25,6924.5,413.75,23445.0
2025-03-17 15:00:00+00:00,60101.68,33945.18,8351.5,985.25,16819.75,6891.75,485.75,13820.5
2025-03-17 16:00:00+00:00,62458.08,47607.58,8310.0,1067.5,5473.0,7152.0,547.0,4230.0
2025-03-17 17:00:00+00:00,65813.8,55357.3,8988.0,1163.25,305.25,8019.0,595.75,216.5
2025-03-17 18:00:00+00:00,66379.33,53926.08,11266.0,1146.5,40.75,9167.5,668.5,0.0
2025-03-17 19:00:00+00:00,62749.63,49511.63,12412.5,797.25,28.25,9857.5,714.5,0.0
2025-03-17 20:00:00+00:00,59144.57,45956.57,12480.5,694.25,13.25,9926.25,729.0,0.0
2025-03-17 21:00:00+00:00,56589.33,44174.83,11613.5,792.5,8.5,9659.25,844.75,0.0
2025-03-17 22:00:00+00:00,53342.7,41298.45,11084.75,953.25,6.25,9529.0,1029.0,0.0
2025-03-17 23:00:00+00:00,50557.04,38934.29,10589.5,1027.25,6.0,9638.75,1296.5,0.0
2025-03-18 00:00:00+00:00,48580.82,37435.32,10333.25,806.25,6.0,9575.0,1341.25,0.0
2025-03-18 01:00:00+00:00,47996.19,37125.94,10105.75,758.25,6.25,9496.0,1328.0,0.0
2025-03-18 02:00:00+00:00,48950.99,37909.74,10183.0,851.25,7.0,9413.5,1356.25,0.0
2025-03-18 03:00:00+00:00,51125.98,39607.73,10435.5,1076.5,6.25,9508.0,1405.5,0.0
2025-03-18 04:00:00+00:00,55176.76,42956.51,11080.0,1133.25,7.0,9863.0,1432.25,0.0
2025-03-18 05:00:00+00:00,62232.65,48675.15,11722.0,1191.25,644.25,10325.5,1438.75,636.25
2025-03-18 06:00:00+00:00,66718.07,45705.32,11374.5,1188.25,8450.0,10217.75,1412.75,7647.0
2025-03-18 07:00:00+00:00,68329.48,35952.23,9352.75,1147.25,21877.25,8853.25,1339.75,20039.75
2025-03-18 08:00:00+00:00,66597.24,24645.24,7133.0,963.5,33855.5,7055.5,1234.25,30744.5
2025-03-18 09:00:00+00:00,63342.67,14967.42,6128.75,517.5,41729.0,6717.75,1131.0,37765.5
2025-03-18 10:00:00+00:00,61530.6,9475.85,5295.75,342.0,46417.0,6620.75,1060.25,41576.25
2025-03-18 11:00:00+00:00,59981.03,8749.03,4354.25,458.5,46419.25,6266.75,1004.5,42637.25
2025-03-18 12:00:00+00:00,60109.27,11763.77,3642.75,406.0,44296.75,5865.5,950.25,40698.75
2025-03-18 13:00:00+00:00,59978.04,15069.79,4150.25,557.25,40200.75,5458.5,909.75,35648.0
2025-03-18 14:00:00+00:00,59741.91,22421.41,4787.75,713.75,31819.0,5195.0,913.5,27758.75
2025-03-18 15:00:00+00:00,59638.38,34234.38,5082.75,1074.0,19247.25,5124.0,977.75,16330.25
2025-03-18 16:00:00+00:00,63248.16,50838.41,5006.5,1183.25,6220.0,5532.5,1077.0,4914.0
2025-03-18 17:00:00+00:00,65881.22,57796.72,6411.75,1326.25,346.5,6981.75,1191.5,273.0
2025-03-18 18:00:00+00:00,65918.27,55339.27,9311.25,1233.75,34.0,8841.5,1307.5,0.0
2025-03-18 19:00:00+00:00,62364.15,49933.65,11107.25,1294.75,28.5,10118.25,1405.75,0.0
2025-03-18 20:00:00+00:00,59043.34,45968.34,11528.5,1525.75,20.75,10696.25,1481.5,0.0
2025-03-18 21:00:00+00:00,56364.8,43839.8,11074.5,1438.75,11.75,10574.5,1472.25,0.0
2025-03-18 22:00:00+00:00,52948.51,41183.01,10629.5,1129.25,6.75,10134.5,1380.75,0.0
2025-03-18 23:00:00+00:00,50582.28,39451.53,10076.5,1048.25,6.0,8658.0,1349.0,0.0
2025-03-19 00:00:00+00:00,48814.08,38495.58,9282.0,1030.5,6.0,8155.75,1275.5,0.0
2025-03-19 01:00:00+00:00,48520.32,39447.32,8214.75,849.5,8.75,7552.5,1227.0,0.0
2025-03-19 02:00:00+00:00,48746.49,40575.74,7449.0,714.25,7.5,6881.75,1169.75,0.0
2025-03-19 03:00:00+00:00,50264.96,42650.46,6867.75,738.0,8.75,6310.75,1137.0,0.0
2025-03-19 04:00:00+00:00,53777.84,46690.59,6282.5,791.25,13.5,5909.25,1163.25,0.0
2025-03-19 05:00:00+00:00,60395.46,52930.46,5824.0,879.25,761.75,5575.25,1235.0,738.0
2025-03-19 06:00:00+00:00,64944.23,49964.98,5183.75,1031.5,8764.0,4930.5,1299.0,7950.75
2025-03-19 07:00:00+00:00,66764.31,39428.31,3999.75,1189.75,22146.5,3847.0,1298.75,20377.25
2025-03-19 08:00:00+00:00,65286.8,28378.3,1978.0,1056.25,33874.25,2392.0,1223.25,31209.0
2025-03-19 09:00:00+00:00,63074.11,19624.61,1186.5,540.25,41722.75,1378.75,1120.25,38643.75
2025-03-19 10:00:00+00:00,61341.67,14644.17,1134.25,317.75,45245.5,1129.25,988.75,42670.5
2025-03-19 11:00:00+00:00,59656.82,13654.32,933.0,191.75,44877.75,1061.5,825.25,43896.25
2025-03-19 12:00:00+00:00,58306.58,14749.08,935.75,104.5,42517.25,1017.25,689.5,41914.0
2025-03-19 13:00:00+00:00,57698.54,17254.29,921.25,362.0,39161.0,952.75,604.25,36729.75
2025-03-19 14:00:00+00:00,57602.24,25012.24,866.25,354.75,31369.0,927.75,572.75,28811.5
2025-03-19 15:00:00+00:00,57819.81,37534.06,912.0,471.25,18902.5,988.0,577.25,17128.75
2025-03-19 16:00:00+00:00,60613.78,52915.03,1092.5,504.0,6102.25,1384.0,585.25,5395.0
2025-03-19 17:00:00+00:00,63917.12,61135.12,1879.0,516.25,386.75,2367.0,576.0,328.75
2025-03-19 18:00:00+00:00,64621.14,60912.89,3263.0,393.0,52.25,3507.0,551.25,0.0
2025-03-19 19:00:00+00:00,61409.4,56158.4,4972.5,250.75,27.75,4627.25,542.75,0.0
2025-03-19 20:00:00+00:00,57823.99,51564.24,6008.25,229.0,22.5,5686.0,572.75,0.0
2025-03-19 21:00:00+00:00,54523.66,47628.91,6631.25,251.5,12.0,6395.5,647.25,0.0
2025-03-19 22:00:00+00:00,51122.35,43433.85,7389.0,293.5,6.0,6733.25,759.25,0.0
2025-03-19 23:00:00+00:00,48117.98,39749.48,7910.0,452.5,6.0,7123.5,766.75,0.0
2025-03-20 00:00:00+00:00,46367.89,37478.14,8002.5,882.0,5.25,7361.75,946.75,0.0
2025-03-20 01:00:00+00:00,45863.74,36580.74,8079.0,1198.0,6.0,7531.25,1155.25,0.0
2025-03-20 02:00:00+00:00,46228.67,37188.92,7752.75,1280.25,6.75,7659.75,1344.5,0.0
2025-03-20 03:00:00+00:00,47647.54,38871.04,7417.0,1350.5,9.0,7842.0,1487.0,0.0
2025-03-20 04:00:00+00:00,51743.79,42381.04,7533.0,1821.75,8.0,7996.0,1562.75,0.0
2025-03-20 05:00:00+00:00,58489.49,47763.49,8074.75,1863.25,788.0,8090.75,1581.75,793.5
2025-03-20 06:00:00+00:00,63343.41,45899.16,8062.5,1598.5,7783.25,7712.0,1562.25,7459.25
2025-03-20 07:00:00+00:00,65296.24,38117.99,6733.75,1222.5,19222.0,6773.75,1448.0,18337.5
2025-03-20 08:00:00+00:00,64707.22,30413.47,3431.25,879.5,29983.0,4696.25,1269.75,27769.0
2025-03-20 09:00:00+00:00,62817.02,22373.77,1821.0,499.0,38123.25,2745.75,1077.0,34878.25
2025-03-20 10:00:00+00:00,61665.52,16363.02,1835.5,332.25,43134.75,2139.25,883.0,39040.5
2025-03-20 11:00:00+00:00,59825.55,12989.8,2256.25,245.25,44334.25,2128.75,684.25,40237.75
2025-03-20 12:00:00+00:00,58552.25,13484.0,2476.0,212.75,42379.5,2205.5,518.0,38051.75
2025-03-20 13:00:00+00:00,57820.3,17610.3,2767.0,217.25,37225.75,2187.25,417.5,33157.25
2025-03-20 14:00:00+00:00,56965.5,25696.0,2314.0,231.75,28723.75,2047.0,358.75,25423.25
2025-03-20 15:00:00+00:00,57067.22,38434.72,1631.0,218.75,16782.75,1788.0,353.25,14915.5
2025-03-20 16:00:00+00:00,60176.4,53488.65,1139.5,162.25,5386.0,1770.5,381.25,4691.25
2025-03-20 17:00:00+00:00,63229.24,61533.74,1175.5,167.25,352.75,2255.25,405.0,310.5
2025-03-20 18:00:00+00:00,63677.49,61787.24,1599.5,237.25,53.5,2778.0,401.5,0.0
2025-03-20 19:00:00+00:00,60424.61,57988.86,2094.75,311.25,29.75,3109.75,361.5,0.0
2025-03-20 20:00:00+00:00,57122.01,53920.51,2764.5,423.75,13.25,3293.75,282.75,0.0
2025-03-20 21:00:00+00:00,54016.23,50093.23,3372.0,543.0,8.0,3389.5,216.5,0.0
2025-03-20 22:00:00+00:00,49892.36,45971.86,3503.5,410.75,6.25,3383.25,171.25,0.0
2025-03-20 23:00:00+00:00,47325.35,43598.85,3406.5,313.5,6.5,3177.5,260.25,0.0
2025-03-21 00:00:00+00:00,45336.87,41522.37,3470.75,337.75,6.0,3244.25,296.5,0.0
2025-03-21 01:00:00+00:00,44932.17,40849.92,3376.25,700.0,6.0,3423.0,370.75,0.0
2025-03-21 02:00:00+00:00,46045.69,41748.69,3341.25,949.75,6.0,3613.25,485.0,0.0
2025-03-21 03:00:00+00:00,47579.44,43043.69,3532.25,997.5,6.0,3879.0,656.5,0.0
2025-03-21 04:00:00+00:00,51103.21,45820.46,4203.5,1069.75,9.5,4401.75,864.0,0.0
2025-03-21 05:00:00+00:00,57297.78,49825.03,5370.0,1190.0,912.75,5121.75,1075.5,844.5
2025-03-21 06:00:00+00:00,61643.78,45452.78,6512.25,1361.75,8317.0,5656.25,1302.0,7617.25
2025-03-21 07:00:00+00:00,64059.65,35441.15,6864.0,1697.5,20057.0,6157.25,1603.0,18817.0
2025-03-21 08:00:00+00:00,63589.12,26056.37,4897.5,2192.0,30443.25,5660.5,2027.5,28682.5
2025-03-21 09:00:00+00:00,62667.87,18277.87,4021.25,2606.5,37762.25,4553.5,2602.0,35175.0
2025-03-21 10:00:00+00:00,61819.48,12539.23,5077.75,3094.5,41108.0,5313.25,3203.5,39106.5
2025-03-21 11:00:00+00:00,60556.26,7750.76,7463.5,3894.5,41447.5,7425.5,3809.0,39931.25
2025-03-21 12:00:00+00:00,59700.04,7280.54,9137.25,4717.75,38564.5,9756.5,4487.25,37602.25
2025-03-21 13:00:00+00:00,59447.84,8553.84,12148.75,5409.75,33335.5,12086.25,4981.25,32352.75
2025-03-21 14:00:00+00:00,58667.26,10138.51,17755.0,5382.5,25391.25,14505.0,5358.75,24795.25
2025-03-21 15:00:00+00:00,59844.25,18263.0,21318.0,5715.25,14548.0,17069.75,5858.0,14552.5
2025-03-21 16:00:00+00:00,60976.04,28542.79,22507.75,5462.5,4463.0,20861.25,6022.25,4639.75
2025-03-21 17:00:00+00:00,63002.8,30185.55,27162.75,5349.75,304.75,26356.25,5938.75,339.5
2025-03-21 18:00:00+00:00,64116.92,25897.17,33004.75,5197.25,17.75,30318.5,5830.75,0.0
2025-03-21 19:00:00+00:00,60915.48,20679.73,35070.5,5154.0,11.25,31958.0,5766.5,0.0
2025-03-21 20:00:00+00:00,56992.56,16260.81,35703.75,5021.25,6.75,32445.5,5767.0,0.0
2025-03-21 21:00:00+00:00,53546.39,15725.89,33388.0,4426.5,6.0,31560.5,5830.25,0.0
2025-03-21 22:00:00+00:00,50426.48,12845.73,32745.0,4829.75,6.0,30965.75,5840.25,0.0
2025-03-21 23:00:00+00:00,47347.37,10165.37,32147.5,5028.0,6.5,31503.0,5854.25,0.0
2025-03-22 00:00:00+00:00,45534.27,8809.27,31308.25,5410.0,6.75,30869.0,5854.25,0.0
2025-03-22 01:00:00+00:00,44931.59,9069.59,30027.75,5828.25,6.0,30239.5,5874.5,0.0
2025-03-22 02:00:00+00:00,44864.56,9539.06,29282.5,6036.5,6.5,29670.25,5897.25,0.0
2025-03-22 03:00:00+00:00,45163.92,10623.67,28711.0,5823.0,6.25,29324.75,5929.25,0.0
2025-03-22 04:00:00+00:00,45904.77,11814.52,28443.75,5638.25,8.25,29244.25,5795.75,0.0
2025-03-22 05:00:00+00:00,46973.26,12346.76,29265.0,4577.25,784.25,29972.75,5728.25,774.5
2025-03-22 06:00:00+00:00,49816.28,12593.78,27943.0,2932.0,6347.5,29650.0,5708.25,6139.75
2025-03-22 07:00:00+00:00,52430.25,10185.5,24871.5,1934.5,15438.75,26649.0,5668.0,14322.75
2025-03-22 08:00:00+00:00,54445.76,7764.51,19782.0,1841.75,25057.5,23460.75,5586.25,22052.75
2025-03-22 09:00:00+00:00,52950.66,3295.66,16696.5,681.75,32276.75,22700.5,4876.25,27666.0
2025-03-22 10:00:00+00:00,52450.67,1423.92,14120.25,501.5,36405.0,22011.0,4839.5,31355.75
2025-03-22 11:00:00+00:00,50822.98,-404.02,13241.5,537.0,37448.5,22131.75,4767.5,32121.75
2025-03-22 12:00:00+00:00,49418.9,-1285.11,14286.5,932.75,35484.75,22840.5,4725.75,30639.25
2025-03-22 13:00:00+00:00,49093.35,583.1,16933.5,1263.0,30313.75,23990.25,4705.75,26886.5
2025-03-22 14:00:00+00:00,49745.63,3360.63,21849.25,1398.25,23137.5,25823.75,4624.0,20628.75
2025-03-22 15:00:00+00:00,51486.43,8666.18,26166.5,2738.0,13915.75,27363.25,5301.25,12746.25
2025-03-22 16:00:00+00:00,53730.96,17964.21,28730.25,2560.25,4476.25,28673.0,5391.75,4299.25
2025-03-22 17:00:00+00:00,56260.77,23019.77,30439.75,2481.75,319.5,29623.75,5436.0,349.75
2025-03-22 18:00:00+00:00,55945.5,22643.0,31365.0,1916.25,21.25,30693.5,5511.75,0.0
2025-03-22 19:00:00+00:00,53050.73,18707.48,32211.5,2121.75,10.0,30645.0,5545.0,0.0
2025-03-22 20:00:00+00:00,50320.56,15920.06,31387.0,3006.5,7.0,29726.5,5631.75,0.0
2025-03-22 21:00:00+00:00,48696.9,15891.9,29066.0,3726.25,12.75,27785.25,6064.5,0.0
2025-03-22 22:00:00+00:00,46233.73,15337.73,27376.75,3513.25,6.0,26363.75,6228.25,0.0
2025-03-22 23:00:00+00:00,43531.84,13366.09,26022.5,4135.0,8.25,25838.5,6042.0,0.0
2025-03-23 00:00:00+00:00,41558.74,12146.99,24339.5,5066.25,6.0,24434.75,6123.0,0.0
2025-03-23 01:00:00+00:00,40209.23,11834.48,22544.5,5823.75,6.5,23236.25,6194.25,0.0
2025-03-23 02:00:00+00:00,39934.61,13054.61,21265.75,5609.25,5.0,22208.75,6242.25,0.0
2025-03-23 03:00:00+00:00,40463.43,14940.18,19903.5,5614.25,5.5,21462.75,6257.75,0.0
2025-03-23 04:00:00+00:00,40874.74,15737.49,19373.75,5752.75,10.75,20801.25,6247.25,0.0
2025-03-23 05:00:00+00:00,40989.85,15469.1,19150.5,5857.5,512.75,20307.5,6231.25,605.75
2025-03-23 06:00:00+00:00,43094.66,16495.16,17070.5,5504.5,4024.5,18459.75,6176.25,4292.25
2025-03-23 07:00:00+00:00,47170.04,16795.29,14329.5,5859.0,10186.25,15540.25,6347.75,9878.0
2025-03-23 08:00:00+00:00,50474.66,15788.91,11427.25,6050.25,17208.25,12848.75,6253.0,15274.75
2025-03-23 09:00:00+00:00,51776.48,14197.98,8630.25,5603.25,23345.0,11226.0,6126.25,19558.75
2025-03-23 10:00:00+00:00,52935.69,13187.94,7433.25,5516.0,26798.5,9975.25,5991.75,21845.0
2025-03-23 11:00:00+00:00,52272.01,12901.01,7253.25,4870.0,27247.75,9087.75,5521.5,21902.5
2025-03-23 12:00:00+00:00,50163.59,13469.84,6839.5,4315.0,25539.25,8476.0,5260.25,20076.0
2025-03-23 13:00:00+00:00,48289.1,15817.35,6718.75,4127.0,21626.0,7964.25,4940.25,16938.25
2025-03-23 14:00:00+00:00,47571.43,20291.68,7489.5,4352.5,15437.75,7429.75,4641.25,12633.5
2025-03-23 15:00:00+00:00,47901.15,27693.4,7067.75,4145.0,8995.0,6756.5,4469.25,7710.0
2025-03-23 16:00:00+00:00,51180.02,37728.77,6196.0,3998.5,3256.75,6226.75,4438.0,2951.0
2025-03-23 17:00:00+00:00,54272.46,44836.46,5388.25,3752.75,295.0,6075.0,4367.25,282.5
2025-03-23 18:00:00+00:00,54700.75,46301.0,4809.25,3564.5,26.0,5847.75,4308.0,0.0
2025-03-23 19:00:00+00:00,52585.67,44665.17,4266.0,3641.25,13.25,5374.5,4244.0,0.0
2025-03-23 20:00:00+00:00,50801.72,43597.22,3913.0,3285.5,6.0,4753.75,4013.25,0.0
2025-03-23 21:00:00+00:00,48850.35,43075.35,3306.25,2463.0,5.75,4025.25,3519.25,0.0
2025-03-23 22:00:00+00:00,45738.36,41200.61,2692.5,1841.0,4.25,3336.0,2881.75,0.0
2025-03-23 23:00:00+00:00,43044.24,39487.24,2205.75,1346.25,5.0,2543.5,1730.0,0.0
2025-03-24 00:00:00+00:00,41471.17,38822.42,1805.5,838.25,5.0,2272.25,1267.25,0.0
2025-03-24 01:00:00+00:00,40857.63,38542.38,1779.0,531.25,5.0,2044.25,895.75,0.0
2025-03-24 02:00:00+00:00,41409.15,39435.4,1552.75,415.75,5.25,1829.25,655.25,0.0
2025-03-24 03:00:00+00:00,43062.68,41274.68,1447.0,336.0,5.0,1655.5,550.25,0.0
2025-03-24 04:00:00+00:00,46828.67,45070.67,1496.0,254.75,7.25,1519.25,504.0,0.0
2025-03-24 05:00:00+00:00,54379.2,52121.45,1618.25,230.5,409.0,1395.75,482.75,528.0
2025-03-24 06:00:00+00:00,59651.25,54634.75,1394.5,282.25,3339.75,1202.25,447.5,4194.0
2025-03-24 07:00:00+00:00,62280.02,52216.77,1028.5,273.75,8761.0,811.5,372.25,10388.5
2025-03-24 08:00:00+00:00,62628.55,47000.8,541.75,201.25,14884.75,370.5,289.5,17003.25
2025-03-24 09:00:00+00:00,62647.1,42341.6,351.75,84.75,19869.0,274.5,214.0,22271.25
2025-03-24 10:00:00+00:00,63753.0,39347.0,396.5,87.75,23921.75,346.0,151.5,25274.25
2025-03-24 11:00:00+00:00,63633.53,36617.53,625.75,133.0,26257.25,490.75,111.75,25930.0
2025-03-24 12:00:00+00:00,62621.11,35277.11,1108.75,229.75,26005.5,730.5,96.75,24578.0
2025-03-24 13:00:00+00:00,60781.46,35428.46,1870.25,292.75,23190.0,1113.5,101.75,21394.5
2025-03-24 14:00:00+00:00,59761.74,39009.74,2680.25,286.75,17785.0,1511.0,125.0,16318.5
2025-03-24 15:00:00+00:00,58966.95,44963.95,3089.5,346.5,10567.0,1775.0,156.75,10042.0
2025-03-24 16:00:00+00:00,60399.32,52944.82,3313.0,448.25,3693.25,1980.75,180.75,3820.5
2025-03-24 17:00:00+00:00,62869.33,58650.33,3335.25,527.0,356.75,2301.75,195.75,369.75
2025-03-24 18:00:00+00:00,63126.29,58818.29,3601.25,673.0,33.75,2495.0,204.25,0.0
2025-03-24 19:00:00+00:00,59658.05,55219.3,3718.25,701.25,19.25,2432.0,221.75,0.0
2025-03-24 20:00:00+00:00,56082.3,51449.55,3834.75,786.25,11.75,2270.5,274.25,0.0
2025-03-24 21:00:00+00:00,52896.5,48234.25,3825.0,830.75,6.5,2060.5,381.5,0.0
2025-03-24 22:00:00+00:00,49426.24,44734.74,3841.5,844.0,6.0,1887.75,491.75,0.0
2025-03-24 23:00:00+00:00,46619.56,41346.81,4138.75,1128.0,6.0,2916.75,825.0,0.0
2025-03-25 00:00:00+00:00,45471.98,39605.73,4461.25,1399.0,6.0,3038.75,988.25,0.0
2025-03-25 01:00:00+00:00,44833.43,38570.18,4630.5,1626.75,6.0,3290.25,1217.0,0.0
2025-03-25 02:00:00+00:00,45831.92,38775.17,5116.5,1934.25,6.0,3569.75,1515.0,0.0
2025-03-25 03:00:00+00:00,47412.79,39751.54,5450.5,2205.5,5.25,3914.25,1859.25,0.0
2025-03-25 04:00:00+00:00,50869.15,42649.65,5693.5,2517.5,8.5,4182.25,2199.25,0.0
2025-03-25 05:00:00+00:00,57892.42,48547.92,5830.75,2916.75,597.0,4223.5,2524.0,652.25
2025-03-25 06:00:00+00:00,63008.6,50027.6,5375.25,3443.5,4162.25,3909.5,2853.5,4301.0
2025-03-25 07:00:00+00:00,65782.5,47112.5,5006.5,3882.75,9780.75,3396.0,3169.25,9964.0
2025-03-25 08:00:00+00:00,66708.58,41347.58,5071.25,4136.75,16153.0,3134.5,3367.75,15890.0
2025-03-25 09:00:00+00:00,66394.92,34653.17,5371.0,4328.5,22042.25,3615.75,3477.0,21088.0
2025-03-25 10:00:00+00:00,65458.46,28631.71,5995.5,4208.75,26622.5,4484.5,3562.0,24631.0
2025-03-25 11:00:00+00:00,64646.03,25523.28,6210.0,3910.0,29002.75,5303.75,3574.75,25792.75
2025-03-25 12:00:00+00:00,63237.51,24009.01,7218.25,3503.0,28507.25,6168.75,3595.25,25047.25
2025-03-25 13:00:00+00:00,62157.2,24360.7,8694.25,3523.0,25579.25,6860.25,3662.75,22417.25
2025-03-25 14:00:00+00:00,61612.51,29289.51,9263.75,3269.25,19790.0,7311.75,3756.0,17461.25
2025-03-25 15:00:00+00:00,62080.01,37388.26,9187.25,3560.5,11944.0,7483.75,3942.0,10644.0
2025-03-25 16:00:00+00:00,63561.34,47193.59,8373.0,3767.75,4227.0,7617.25,4136.0,3790.75
2025-03-25 17:00:00+00:00,65770.29,52812.79,8290.0,4288.75,378.75,8170.75,4449.5,305.75
2025-03-25 18:00:00+00:00,65766.22,51899.72,8908.5,4923.5,34.5,8977.5,4753.25,0.0
2025-03-25 19:00:00+00:00,62003.33,47650.08,9445.75,4888.25,19.25,9417.0,4999.75,0.0
2025-03-25 20:00:00+00:00,58821.53,43853.28,9824.0,5138.0,6.25,9479.75,5055.25,0.0
2025-03-25 21:00:00+00:00,55125.06,40169.31,9877.75,5072.0,6.0,9256.75,5013.0,0.0
2025-03-25 22:00:00+00:00,51188.33,36060.08,10123.0,4999.25,6.0,8964.0,4866.25,0.0
2025-03-25 23:00:00+00:00,47751.18,33143.18,10148.5,4453.75,5.75,9002.25,4698.5,0.0
2025-03-26 00:00:00+00:00,45734.33,31640.58,9601.25,4486.5,6.0,9437.75,4579.75,0.0
2025-03-26 01:00:00+00:00,44947.24,30790.99,9639.75,4510.5,6.0,9931.0,4499.0,0.0
2025-03-26 02:00:00+00:00,45187.17,30830.42,9873.25,4477.5,6.0,10244.75,4405.75,0.0
2025-03-26 03:00:00+00:00,46802.93,31960.43,9887.75,4949.0,5.75,10448.25,4219.5,0.0
2025-03-26 04:00:00+00:00,50388.72,35522.97,10139.0,4720.0,6.75,10651.5,4010.5,0.25
2025-03-26 05:00:00+00:00,57714.42,41933.17,11011.75,4307.5,462.0,10844.5,3717.5,422.25
2025-03-26 06:00:00+00:00,61894.02,44686.27,10754.75,3659.0,2794.0,10578.0,3399.75,2742.5
2025-03-26 07:00:00+00:00,64908.02,45305.77,10482.25,2978.5,6141.5,10600.5,3013.0,6292.25
2025-03-26 08:00:00+00:00,65804.92,43378.16,10509.75,2352.75,9564.25,10818.75,2594.0,9863.5
2025-03-26 09:00:00+00:00,66436.17,42134.42,10366.0,1671.5,12264.25,10916.25,2356.25,12920.25
2025-03-26 10:00:00+00:00,67200.5,41387.5,9958.0,1832.25,14022.75,10687.0,2211.5,15355.75
2025-03-26 11:00:00+00:00,66936.16,40252.91,9749.0,1805.5,15128.75,10510.75,2118.25,16996.5
2025-03-26 12:00:00+00:00,67077.52,40520.27,9579.5,1577.0,15400.75,10600.5,2073.75,17540.0
2025-03-26 13:00:00+00:00,65546.06,41045.81,8760.5,1478.25,14261.5,10505.0,2005.25,16604.75
2025-03-26 14:00:00+00:00,64291.37,43651.37,7892.75,1464.25,11283.0,10181.75,1861.0,13782.0
2025-03-26 15:00:00+00:00,63434.17,47266.92,7448.5,1600.5,7118.25,9418.0,1702.0,9023.75
2025-03-26 16:00:00+00:00,64029.81,53185.81,6957.25,1110.5,2776.25,8140.5,1558.0,3542.75
2025-03-26 17:00:00+00:00,65545.02,57352.77,6915.5,981.25,295.5,7509.25,1468.0,387.5
2025-03-26 18:00:00+00:00,65182.91,57294.66,7054.0,813.25,21.0,7804.25,1415.0,0.0
2025-03-26 19:00:00+00:00,62406.58,54351.58,6903.75,1138.25,13.0,7873.75,1423.5,0.0
2025-03-26 20:00:00+00:00,58645.71,50831.96,6359.0,1448.5,6.25,7364.5,1568.25,0.0
2025-03-26 21:00:00+00:00,54735.44,47163.69,5863.75,1701.75,6.25,6658.0,1848.0,0.0
2025-03-26 22:00:00+00:00,50629.13,43185.63,5377.0,2060.0,6.5,6019.0,2186.25,0.0
2025-03-26 23:00:00+00:00,47908.08,40121.58,5173.25,2607.25,6.0,5471.25,2180.75,0.0
2025-03-27 00:00:00+00:00,46242.85,38224.6,5153.0,2859.25,6.0,5158.25,2663.75,0.0
2025-03-27 01:00:00+00:00,45348.66,36917.16,5094.25,3331.25,6.0,5000.25,3199.75,0.0
2025-03-27 02:00:00+00:00,45928.9,36774.15,5098.5,4050.25,6.0,4929.25,3737.0,0.0
2025-03-27 03:00:00+00:00,47139.44,37316.94,5231.5,4585.0,6.0,4895.25,4187.25,0.0
2025-03-27 04:00:00+00:00,51279.12,41028.87,5119.0,5122.5,8.75,4803.0,4503.25,0.75
2025-03-27 05:00:00+00:00,57657.97,47050.22,5040.5,4769.25,798.0,4590.0,4580.75,821.75
2025-03-27 06:00:00+00:00,61769.23,47116.23,4319.75,4820.75,5512.5,3955.75,4347.75,5154.0
2025-03-27 07:00:00+00:00,64316.23,43240.23,3335.0,4712.5,13028.5,3290.25,4338.5,12301.25
2025-03-27 08:00:00+00:00,63704.4,34963.4,2990.5,4589.5,21161.0,3072.75,4247.25,19800.25
2025-03-27 09:00:00+00:00,63327.04,28086.79,3694.0,4334.25,27212.0,3323.25,4136.0,26125.5
2025-03-27 10:00:00+00:00,63183.63,22791.38,4029.25,3853.5,32509.5,3589.75,3864.75,30469.75
2025-03-27 11:00:00+00:00,62307.99,18765.99,4084.75,4096.75,35360.5,3820.0,3855.0,32502.25
2025-03-27 12:00:00+00:00,61150.48,17747.48,3846.5,4224.75,35331.75,3971.75,3895.0,32315.75
2025-03-27 13:00:00+00:00,59699.45,19505.95,3560.25,4056.0,32577.25,3861.25,3963.75,29584.25
2025-03-27 14:00:00+00:00,59372.38,25904.88,3110.25,3845.5,26511.75,3540.5,4090.25,23859.0
2025-03-27 15:00:00+00:00,58981.16,35132.66,2631.0,4036.75,17180.75,3067.0,4332.25,15103.5
2025-03-27 16:00:00+00:00,61546.35,48119.1,2194.0,4572.5,6660.75,2636.0,4373.0,5638.5
2025-03-27 17:00:00+00:00,64075.09,56211.34,2485.25,4663.75,714.75,2678.0,4362.0,614.5
2025-03-27 18:00:00+00:00,64877.08,56557.08,3790.75,4475.5,53.75,3072.5,4359.25,0.0
2025-03-27 19:00:00+00:00,61859.55,52603.3,4822.5,4401.75,32.0,3421.0,4425.5,0.0
2025-03-27 20:00:00+00:00,58312.9,48406.65,5607.75,4285.75,12.75,3875.0,4474.5,0.0
2025-03-27 21:00:00+00:00,54405.78,43959.53,5995.5,4443.0,7.75,4455.0,4543.0,0.0
2025-03-27 22:00:00+00:00,50460.86,39550.86,6499.25,4403.0,7.75,5145.75,4693.0,0.0
2025-03-27 23:00:00+00:00,47852.42,36529.42,7072.0,4245.0,6.0,6161.5,5075.0,0.0
2025-03-28 00:00:00+00:00,46117.63,33952.88,7470.0,4688.25,6.5,6675.5,5097.0,0.0
2025-03-28 01:00:00+00:00,46070.04,33349.54,7734.5,4979.5,6.5,7081.0,5174.0,0.0
2025-03-28 02:00:00+00:00,46957.21,33427.21,8378.75,5144.25,7.0,7420.5,5289.5,0.0
2025-03-28 03:00:00+00:00,48343.58,34384.08,8912.5,5040.0,7.0,7765.75,5359.75,0.0
2025-03-28 04:00:00+00:00,51835.55,36772.05,9923.25,5127.75,12.5,8142.0,5381.75,3.5
2025-03-28 05:00:00+00:00,57796.76,41161.51,10091.75,4861.0,1682.5,8493.5,5435.5,1646.75
2025-03-28 06:00:00+00:00,61942.06,38166.56,9081.75,4741.25,9952.5,8040.0,5404.5,9306.5
2025-03-28 07:00:00+00:00,63785.82,31125.82,6263.0,4310.5,22086.5,6241.5,5250.0,20499.75
2025-03-28 08:00:00+00:00,63846.3,23028.8,3630.0,3993.75,33193.75,3982.25,4862.5,30589.75
2025-03-28 09:00:00+00:00,61436.25,14028.5,3351.5,3446.0,40610.25,3192.75,4458.75,37469.75
2025-03-28 10:00:00+00:00,59646.77,7658.52,3557.5,3372.0,45058.75,3214.75,4093.5,41124.5
2025-03-28 11:00:00+00:00,57651.76,5798.76,3352.75,2855.25,45645.0,2917.75,3787.25,41623.5
2025-03-28 12:00:00+00:00,55679.45,7494.2,2578.25,2647.25,42959.75,2638.75,3487.0,39119.5
2025-03-28 13:00:00+00:00,54847.84,11649.59,2314.0,2788.75,38095.5,2388.75,3203.25,33774.75
2025-03-28 14:00:00+00:00,54830.91,19121.91,2763.5,2801.5,30144.0,2278.5,2778.0,25834.75
2025-03-28 15:00:00+00:00,55136.27,31102.27,3565.25,2274.25,18194.5,2360.25,2227.75,15455.0
2025-03-28 16:00:00+00:00,57578.37,44734.12,4474.75,1777.0,6592.5,2735.0,1768.25,5418.0
2025-03-28 17:00:00+00:00,59983.66,52145.91,5236.0,1828.5,773.25,3657.75,1451.75,533.75
2025-03-28 18:00:00+00:00,60804.87,52128.62,6849.5,1783.75,43.0,4610.5,1289.5,0.0
2025-03-28 19:00:00+00:00,57285.43,47920.93,8067.0,1269.5,28.0,5092.0,1224.0,0.0
2025-03-28 20:00:00+00:00,54184.19,44702.19,8214.75,1254.25,13.0,5275.25,1142.25,0.0
2025-03-28 21:00:00+00:00,50731.83,41702.33,7742.5,1278.75,8.25,5195.0,1069.25,0.0
2025-03-28 22:00:00+00:00,47096.72,38423.97,7224.0,1432.75,16.0,4896.0,1021.5,0.0
2025-03-28 23:00:00+00:00,44117.09,35949.59,6864.75,1289.0,13.75,5280.0,1132.75,0.0
2025-03-29 00:00:00+00:00,41454.78,33354.03,6809.5,1274.0,17.25,5593.75,1066.75,0.0
2025-03-29 01:00:00+00:00,40092.98,31199.73,7708.25,1176.25,8.75,6088.5,990.25,0.0
2025-03-29 02:00:00+00:00,40104.8,30181.3,8801.25,1114.5,7.75,6839.75,948.75,0.0
2025-03-29 03:00:00+00:00,40723.93,29504.68,10069.75,1143.5,6.0,7672.0,932.25,0.0
2025-03-29 04:00:00+00:00,41176.06,28726.06,11386.25,1051.5,12.25,8398.0,937.75,2.75
2025-03-29 05:00:00+00:00,42868.64,29474.14,11788.25,916.5,689.75,9082.5,906.75,604.5
2025-03-29 06:00:00+00:00,45844.42,29373.17,11347.25,944.5,4179.5,9161.25,823.25,3275.5
2025-03-29 07:00:00+00:00,48747.66,27019.16,10746.25,926.0,10056.25,8689.0,755.75,7730.0
2025-03-29 08:00:00+00:00,50975.04,21804.79,11588.0,992.0,16590.25,8376.75,709.0,12764.0
2025-03-29 09:00:00+00:00,52693.08,17995.83,11488.5,1060.0,22148.75,8882.0,680.0,17498.75
2025-03-29 10:00:00+00:00,53077.92,15256.42,11554.0,1050.5,25217.0,9950.75,701.75,19945.5
2025-03-29 11:00:00+00:00,52232.63,13744.13,11451.5,1094.75,25942.25,11447.75,752.75,19510.5
2025-03-29 12:00:00+00:00,50567.08,11006.58,9525.25,1123.25,28912.0,13142.25,814.75,21444.0
2025-03-29 13:00:00+00:00,49457.94,11952.94,9837.25,1259.25,26408.5,14449.25,924.0,19335.75
2025-03-29 14:00:00+00:00,49307.63,14753.63,11921.75,1443.5,21188.75,15101.5,1070.25,15397.25
2025-03-29 15:00:00+00:00,49915.85,20792.85,14133.25,1411.5,13578.25,14737.75,1262.0,9982.5
2025-03-29 16:00:00+00:00,51152.94,31658.94,12534.0,1470.0,5490.0,13110.75,1410.75,4212.0
2025-03-29 17:00:00+00:00,52979.56,40988.06,9733.25,1531.75,726.5,11511.0,1544.25,586.0
2025-03-29 18:00:00+00:00,52886.29,42242.04,8775.25,1816.5,52.5,10782.75,1854.5,0.0
2025-03-29 19:00:00+00:00,50298.35,39226.6,8425.75,2617.75,28.25,10208.25,2425.5,0.0
2025-03-29 20:00:00+00:00,47986.71,36326.96,8191.0,3456.5,12.25,9713.0,3173.5,0.0
2025-03-29 21:00:00+00:00,46399.63,33669.13,8506.25,4218.0,6.25,9573.0,3939.25,0.0
2025-03-29 22:00:00+00:00,43493.56,28609.06,9793.75,5083.25,7.5,10306.5,4516.75,0.0
2025-03-29 23:00:00+00:00,41241.29,23897.04,12801.25,4529.25,13.75,11729.25,5171.0,0.0
2025-03-30 00:00:00+00:00,39927.13,19637.13,16544.5,3737.75,7.75,14278.0,5038.25,0.0
2025-03-30 01:00:00+00:00,39722.2,15420.95,20529.75,3725.75,45.75,16954.75,4241.25,0.0
2025-03-30 02:00:00+00:00,40313.83,13040.33,23682.0,3523.0,68.5,19950.0,4089.5,0.0
2025-03-30 03:00:00+00:00,40785.61,11091.11,26226.75,3412.25,55.5,23193.5,4086.75,0.0
2025-03-30 04:00:00+00:00,41304.08,7364.08,29941.5,3948.25,50.25,27011.5,4279.0,8.25
2025-03-30 05:00:00+00:00,43228.42,6373.42,30830.25,4501.5,1523.25,29340.0,4608.5,1353.25
2025-03-30 06:00:00+00:00,45731.94,4904.94,31340.25,2508.5,6978.25,30298.5,4228.5,6473.0
2025-03-30 07:00:00+00:00,48736.51,1935.51,31035.0,2367.25,13398.75,30206.0,4534.0,13069.0
2025-03-30 08:00:00+00:00,51396.54,1664.04,30008.25,1658.25,18066.0,30032.0,4581.75,18036.25
2025-03-30 09:00:00+00:00,52638.85,1559.6,30113.5,1146.0,19819.75,27475.0,4790.0,20351.5
2025-03-30 10:00:00+00:00,52961.31,2808.06,28870.0,1651.25,19632.0,26151.25,4761.75,21077.25
2025-03-30 11:00:00+00:00,51304.07,7117.57,24196.75,1615.5,18374.25,26144.5,4670.5,20460.0
2025-03-30 12:00:00+00:00,49176.17,6652.67,23691.0,1518.75,17313.75,26524.25,4583.25,18595.25
2025-03-30 13:00:00+00:00,48499.87,4636.12,26167.25,1877.25,15819.25,27972.5,4417.25,15513.75
2025-03-30 14:00:00+00:00,48493.29,3020.29,30552.75,2337.0,12583.25,30946.0,4027.25,11673.25
2025-03-30 15:00:00+00:00,50160.57,3884.57,35308.5,2867.25,8100.25,34938.75,3913.0,7519.25
2025-03-30 16:00:00+00:00,51576.57,7043.07,37213.75,3854.0,3465.75,36594.5,4490.0,3263.5
2025-03-30 17:00:00+00:00,52829.63,12075.38,35914.25,4363.25,476.75,34309.75,4490.25,490.25
2025-03-30 18:00:00+00:00,52753.86,13333.36,35107.75,4298.75,14.0,32382.5,4570.75,18.75
2025-03-30 19:00:00+00:00,50754.07,13212.07,33001.0,4530.5,10.5,31010.5,4711.75,0.0
2025-03-30 20:00:00+00:00,49360.6,15113.85,30092.75,4146.75,7.25,29349.25,4752.75,0.0
2025-03-30 21:00:00+00:00,46710.2,13890.45,28826.0,3987.5,6.25,28322.25,4831.5,0.0
2025-03-30 22:00:00+00:00,44275.17,11680.92,27534.0,5054.25,6.0,26331.5,4051.25,0.0
2025-03-30 23:00:00+00:00,42155.91,11203.16,26057.75,4889.0,6.0,25163.5,4283.0,0.0
2025-03-31 00:00:00+00:00,41957.39,12701.14,24562.5,4687.0,6.75,23996.25,4207.5,0.0
2025-03-31 01:00:00+00:00,42320.18,14624.68,22935.75,4752.75,7.0,22851.75,4152.75,0.0
2025-03-31 02:00:00+00:00,44227.92,17543.67,21932.0,4746.25,6.0,21774.0,4313.25,0.0
2025-03-31 03:00:00+00:00,49092.09,23798.09,20744.75,4543.0,6.25,20890.0,4322.0,0.0
2025-03-31 04:00:00+00:00,57570.39,33971.64,19842.0,3742.5,14.25,20249.5,4141.25,8.25
2025-03-31 05:00:00+00:00,61831.89,39979.64,17889.0,3295.0,668.25,18788.75,3852.75,736.0
2025-03-31 06:00:00+00:00,64524.31,42510.31,15425.75,3022.25,3566.0,16892.0,3450.75,3902.75
2025-03-31 07:00:00+00:00,65595.43,40450.93,14653.25,2661.75,7829.5,15705.75,2920.25,8449.0
2025-03-31 08:00:00+00:00,65765.93,36784.68,14451.75,2141.0,12388.5,14789.75,2360.5,12823.5
2025-03-31 09:00:00+00:00,65235.61,32854.11,13530.75,1999.25,16851.5,13695.25,1897.75,16632.0
2025-03-31 10:00:00+00:00,64502.63,29175.63,13009.0,1996.0,20322.0,13002.0,1649.5,19311.5
2025-03-31 11:00:00+00:00,63352.89,26508.64,12890.25,1785.0,22169.0,12884.25,1486.5,20672.0
2025-03-31 12:00:00+00:00,61415.95,24229.45,13271.5,1595.0,22320.0,13102.0,1439.0,20491.5
2025-03-31 13:00:00+00:00,59606.86,24749.11,13537.25,1337.75,19982.75,13337.75,1434.0,18801.75
2025-03-31 14:00:00+00:00,58657.38,28503.38,13385.25,1133.0,15635.75,13444.0,1369.5,15355.25
2025-03-31 15:00:00+00:00,59434.43,36030.18,12242.75,954.5,10207.0,12869.25,1288.5,10203.75
2025-03-31 16:00:00+00:00,61121.67,45241.67,10375.0,1020.5,4484.5,11257.75,1214.25,4397.75
2025-03-31 17:00:00+00:00,61611.18,51231.18,8628.25,1026.75,725.0,9771.5,1160.75,622.5
2025-03-31 18:00:00+00:00,60183.53,50985.28,8370.0,770.25,58.0,9461.5,1132.0,1.5
2025-03-31 19:00:00+00:00,57066.84,48003.34,8294.0,748.75,20.75,9386.0,1086.0,0.0
2025-03-31 20:00:00+00:00,53668.92,45110.17,7838.25,713.75,6.75,8840.5,1025.25,0.0
2025-03-31 21:00:00+00:00,50276.02,42234.53,7183.75,851.25,6.5,8084.75,898.75,0.0
2025-03-31 22:00:00+00:00,47165.95,39567.2,6773.75,818.75,6.25,7445.75,906.0,0.0
2025-03-31 23:00:00+00:00,45100.75,37885.75,6414.5,794.5,6.0,6808.25,804.25,0.0
2025-04-01 00:00:00+00:00,44333.66,37359.41,6233.0,735.25,6.0,6481.0,719.75,0.0
2025-04-01 01:00:00+00:00,44565.31,37498.56,6356.0,704.75,6.0,6447.75,666.0,0.0
2025-04-01 02:00:00+00:00,46420.93,38735.18,6933.25,746.5,6.0,6618.0,635.0,0.0
2025-04-01 03:00:00+00:00,50604.11,42028.61,7758.25,810.0,7.25,6861.0,602.75,0.0
2025-04-01 04:00:00+00:00,58022.19,48576.44,8607.25,809.25,29.25,7169.5,567.5,16.5
2025-04-01 05:00:00+00:00,62661.6,51048.35,9184.5,732.5,1696.25,7279.25,535.75,1830.5
2025-04-01 06:00:00+00:00,64972.42,47473.67,8484.0,665.25,8349.5,6464.5,492.75,8412.5
2025-04-01 07:00:00+00:00,65230.09,39912.34,6415.5,600.0,18302.25,5412.75,451.25,17285.0
2025-04-01 08:00:00+00:00,63712.42,28177.17,7598.25,536.5,27400.5,5752.5,427.5,24764.25
2025-04-01 09:00:00+00:00,64146.62,20880.37,9876.25,405.5,32984.5,7608.5,407.5,29258.25
2025-04-01 10:00:00+00:00,62729.63,16129.88,11671.75,241.25,34686.75,9937.75,384.75,31004.75
2025-04-01 11:00:00+00:00,61791.11,14137.11,13011.75,231.5,34410.75,11920.25,368.75,30763.25
2025-04-01 12:00:00+00:00,60013.76,12952.26,13474.25,242.5,33344.75,13152.75,362.0,29195.5
2025-04-01 13:00:00+00:00,58233.63,13679.88,14015.25,353.25,30185.25,14002.0,389.75,26126.25
2025-04-01 14:00:00+00:00,57148.29,16923.79,14704.5,523.25,24996.75,14644.5,499.5,20976.75
2025-04-01 15:00:00+00:00,57840.71,24298.46,15931.5,809.25,16801.5,14784.0,688.5,13740.75
2025-04-01 16:00:00+00:00,60238.27,36467.27,15499.25,1109.75,7162.0,14419.0,926.25,5790.5
2025-04-01 17:00:00+00:00,60737.17,42596.17,15681.25,1423.5,1036.25,14909.5,1214.0,847.5
2025-04-01 18:00:00+00:00,60420.13,40440.13,18370.0,1582.0,28.0,17265.5,1548.0,3.25
2025-04-01 19:00:00+00:00,57811.65,34218.15,21736.5,1849.5,7.5,19442.5,1862.25,0.0
2025-04-01 20:00:00+00:00,53738.4,28810.4,22703.5,2216.75,7.75,20127.25,2036.25,0.0
2025-04-01 21:00:00+00:00,49354.96,23926.46,23207.0,2214.5,7.0,20076.5,2010.0,0.0
2025-04-01 22:00:00+00:00,46218.57,21539.82,22660.0,2012.5,6.25,20067.5,1978.25,0.0
2025-04-01 23:00:00+00:00,44409.94,21220.68,21521.75,1661.25,6.25,19162.25,1718.75,0.0
2025-04-02 00:00:00+00:00,43760.39,21635.89,20487.25,1630.5,6.75,18509.5,1552.75,0.0
2025-04-02 01:00:00+00:00,44136.83,22461.58,20051.0,1618.25,6.0,18080.0,1510.5,0.0
2025-04-02 02:00:00+00:00,45367.7,24106.95,19535.0,1719.75,6.0,17808.5,1624.5,0.0
2025-04-02 03:00:00+00:00,49489.51,28502.01,19028.75,1951.25,7.5,17688.75,1853.25,0.0
2025-04-02 04:00:00+00:00,56895.69,35483.69,19147.0,2221.75,43.25,17825.0,2145.75,35.5
2025-04-02 05:00:00+00:00,61469.97,38632.72,17940.25,2635.0,2262.0,17303.75,2465.0,2229.0
2025-04-02 06:00:00+00:00,63795.98,35702.73,14546.0,2960.5,10586.75,15171.75,2683.25,9530.75
2025-04-02 07:00:00+00:00,63932.4,27381.15,11236.75,2920.25,22394.25,11890.75,2654.25,19429.0
2025-04-02 08:00:00+00:00,62179.34,15950.34,10430.25,2785.5,33013.25,11500.0,2414.0,28515.0
2025-04-02 09:00:00+00:00,61471.84,9112.84,9907.0,1973.25,40478.75,12806.5,2149.75,35306.25
2025-04-02 10:00:00+00:00,60306.06,8041.81,8116.5,1562.0,42585.75,14093.0,1987.75,39113.0
2025-04-02 11:00:00+00:00,59121.51,7212.26,7814.75,1662.25,42432.25,15642.25,1951.25,39785.75
2025-04-02 12:00:00+00:00,57310.43,3857.93,11608.0,1940.25,39904.25,17605.25,2059.25,37818.25
2025-04-02 13:00:00+00:00,56961.09,3298.34,16136.25,2216.25,35310.25,19676.25,2310.25,33166.75
2025-04-02 14:00:00+00:00,56754.57,6068.32,20238.5,2441.0,28006.75,21973.0,2662.0,26151.75
2025-04-02 15:00:00+00:00,58019.76,12463.26,23977.0,2864.75,18714.75,23003.0,3236.75,16499.25
2025-04-02 16:00:00+00:00,59434.21,22496.96,24683.0,4363.75,7890.5,22305.0,3700.25,6593.5
2025-04-02 17:00:00+00:00,59922.52,29175.52,24611.25,4948.0,1187.75,22726.75,3952.75,1033.5
2025-04-02 18:00:00+00:00,59857.36,28416.61,26302.5,5117.25,21.0,24333.25,4073.75,5.0
2025-04-02 19:00:00+00:00,57096.49,24140.74,27736.0,5209.75,10.0,25075.0,4037.0,0.0
2025-04-02 20:00:00+00:00,53279.56,21396.06,26728.0,5146.5,9.0,24446.75,3929.5,0.0
2025-04-02 21:00:00+00:00,49776.58,18885.83,25905.75,4978.75,6.25,23403.0,3800.75,0.0
2025-04-02 22:00:00+00:00,46101.22,17199.22,24090.5,4804.75,6.75,22449.0,3692.25,0.0
2025-04-02 23:00:00+00:00,44772.25,18048.75,22215.75,4501.75,6.0,20748.75,3543.25,0.0
2025-04-03 00:00:00+00:00,43516.3,19094.05,20373.5,4042.75,6.0,19131.75,3179.0,0.0
2025-04-03 01:00:00+00:00,43250.79,20775.29,19121.25,3348.0,6.25,17795.5,2755.5,0.0
2025-04-03 02:00:00+00:00,45002.5,23624.25,18333.25,3038.0,7.0,16786.75,2446.75,0.0
2025-04-03 03:00:00+00:00,48928.35,28324.1,17771.5,2825.75,7.0,16148.75,2223.0,0.0
2025-04-03 04:00:00+00:00,55690.7,35895.45,17214.0,2507.0,74.25,15900.0,2057.5,49.5
2025-04-03 05:00:00+00:00,60054.03,39457.03,15328.0,2265.25,3003.75,14782.25,1912.75,2962.25
2025-04-03 06:00:00+00:00,62951.04,36436.79,11676.25,1770.75,13067.25,11512.5,1731.25,12393.0
2025-04-03 07:00:00+00:00,63334.74,29113.74,6651.75,1437.0,26132.25,7499.0,1510.5,24250.75
2025-04-03 08:00:00+00:00,62438.67,19500.92,4675.25,1070.25,37192.25,5582.25,1259.0,34011.75
2025-04-03 09:00:00+00:00,61473.17,12009.42,4458.5,700.5,44304.75,5455.0,1027.75,40801.75
2025-04-03 10:00:00+00:00,59300.35,5826.6,5289.0,625.75,47559.0,5455.0,856.0,44331.0
2025-04-03 11:00:00+00:00,57626.36,4642.36,5330.0,554.0,47100.0,5635.5,766.0,44947.0
2025-04-03 12:00:00+00:00,56150.39,4481.64,5887.5,560.0,45221.25,5851.25,791.75,43201.5
2025-04-03 13:00:00+00:00,55393.13,6999.38,6283.25,816.75,41293.75,6534.25,899.25,38282.5
2025-04-03 14:00:00+00:00,55137.63,14225.63,6060.75,1113.0,33738.25,6773.5,964.5,30392.25
2025-04-03 15:00:00+00:00,55813.16,26628.16,6318.25,979.0,21887.75,6705.5,1069.0,19170.25
2025-04-03 16:00:00+00:00,58517.32,42377.57,6056.0,1168.75,8915.0,6849.75,1256.5,7474.25
2025-04-03 17:00:00+00:00,59975.3,50966.55,6411.5,1313.25,1284.0,8040.25,1377.5,1177.0
2025-04-03 18:00:00+00:00,59561.64,49106.89,8778.5,1622.75,53.5,9858.25,1406.75,6.0
2025-04-03 19:00:00+00:00,56355.59,43658.34,10746.25,1933.75,17.25,11090.0,1361.5,0.0
2025-04-03 20:00:00+00:00,52447.04,39407.79,11309.25,1724.5,5.5,10879.75,1253.5,0.0
2025-04-03 21:00:00+00:00,48425.07,36149.82,10744.25,1525.0,6.0,9966.0,1119.0,0.0
2025-04-03 22:00:00+00:00,45330.42,34675.92,9453.75,1194.5,6.25,7950.75,679.0,0.0
2025-04-03 23:00:00+00:00,43595.37,34962.87,7799.25,826.5,6.75,6845.5,479.75,0.0
2025-04-04 00:00:00+00:00,42756.37,35891.37,6281.5,577.5,6.0,5869.0,360.75,0.0
2025-04-04 01:00:00+00:00,43030.99,37414.49,5070.0,540.5,6.0,4987.25,318.75,0.0
2025-04-04 02:00:00+00:00,44705.24,39937.74,4182.75,578.5,6.25,4253.25,333.75,0.0
2025-04-04 03:00:00+00:00,48626.64,44398.39,3609.0,612.0,7.25,3852.0,388.0,0.0
2025-04-04 04:00:00+00:00,55834.54,51526.04,3435.5,789.75,83.25,3713.75,479.75,67.25
2025-04-04 05:00:00+00:00,60065.66,52675.91,3372.25,780.0,3237.5,3552.75,532.25,3172.25
2025-04-04 06:00:00+00:00,63048.79,45904.79,2889.75,587.0,13667.25,3139.5,518.25,12603.75
2025-04-04 07:00:00+00:00,62286.27,33479.02,1669.25,485.25,26652.75,2352.25,500.5,24375.75
2025-04-04 08:00:00+00:00,60961.22,22606.97,851.5,452.25,37050.5,1460.0,534.25,34077.25
2025-04-04 09:00:00+00:00,60151.31,13607.31,1091.0,851.25,44601.75,1344.75,603.75,40926.25
2025-04-04 10:00:00+00:00,58235.9,7659.9,1523.5,973.0,48079.5,1372.5,682.25,44759.0
2025-04-04 11:00:00+00:00,56736.65,6513.65,1425.0,963.75,47834.25,1601.25,725.25,45551.25
2025-04-04 12:00:00+00:00,54327.58,6716.08,1625.75,801.0,45184.75,1999.75,761.5,43281.0
2025-04-04 13:00:00+00:00,53338.63,9472.88,2083.25,883.5,40899.0,2574.5,855.25,38087.75
2025-04-04 14:00:00+00:00,53420.23,16334.73,2688.0,1230.25,33167.25,3017.75,999.0,30322.75
2025-04-04 15:00:00+00:00,54178.73,26792.48,3943.5,1645.75,21797.0,3611.75,1276.0,19217.25
2025-04-04 16:00:00+00:00,56813.0,39899.25,5303.5,2497.0,9113.25,4583.75,1613.25,7685.0
2025-04-04 17:00:00+00:00,57509.03,47000.78,6225.25,2844.0,1439.0,6579.25,1896.75,1288.75
2025-04-04 18:00:00+00:00,56923.66,46067.16,8495.5,2301.5,59.5,9173.5,2165.75,7.75
2025-04-04 19:00:00+00:00,53059.37,40325.87,10499.0,2213.25,21.25,11028.25,2397.75,0.0
2025-04-04 20:00:00+00:00,49589.95,35801.7,10647.75,3128.25,12.25,11609.5,2622.25,0.0
2025-04-04 21:00:00+00:00,46179.46,31851.71,11098.5,3220.5,8.75,11497.75,2715.5,0.0
2025-04-04 22:00:00+00:00,43615.03,30163.78,10638.5,2803.0,9.75,10243.5,2468.75,0.0
2025-04-04 23:00:00+00:00,41143.68,28819.68,9891.5,2425.0,7.5,10071.5,2523.25,0.0
2025-04-05 00:00:00+00:00,40453.24,28422.24,9857.0,2168.25,5.75,10196.5,2557.25,0.0
2025-04-05 01:00:00+00:00,40340.4,27570.15,10287.0,2477.5,5.75,10400.0,2636.5,0.0
2025-04-05 02:00:00+00:00,41027.15,26986.15,11138.0,2897.5,5.5,10535.75,2841.0,0.0
2025-04-05 03:00:00+00:00,42926.83,28165.08,11358.75,3389.25,13.75,10752.25,3181.5,0.0
2025-04-05 04:00:00+00:00,44492.92,28984.17,11506.0,3932.0,70.75,11033.75,3431.0,81.0
2025-04-05 05:00:00+00:00,47516.98,29434.73,10830.25,4234.0,3018.0,10588.0,3479.0,3139.5
2025-04-05 06:00:00+00:00,50547.12,25064.12,8576.0,4150.25,12756.75,8655.5,3402.75,12031.75
2025-04-05 07:00:00+00:00,53226.08,17056.33,7273.5,3799.75,25096.5,6506.0,3149.75,23198.75
2025-04-05 08:00:00+00:00,52780.35,7236.85,7598.75,2662.5,35282.25,6251.5,2741.5,32702.0
2025-04-05 09:00:00+00:00,51018.02,1191.77,7388.0,1278.75,41159.5,6676.0,2212.25,38933.75
2025-04-05 10:00:00+00:00,49028.44,-827.56,5641.25,905.75,43309.0,7278.5,2049.25,41194.75
2025-04-05 11:00:00+00:00,46539.13,-965.12,4684.0,704.0,42116.25,8050.75,1864.25,40595.25
2025-04-05 12:00:00+00:00,44791.02,446.77,5079.0,598.75,38666.5,9483.0,1751.75,37526.5
2025-04-05 13:00:00+00:00,44861.89,2565.14,8200.25,717.75,33378.75,12169.75,1771.75,32135.5
2025-04-05 14:00:00+00:00,45626.15,5008.15,13484.5,1077.75,26055.75,15889.75,1962.25,24601.5
2025-04-05 15:00:00+00:00,47810.77,8861.77,18842.75,2369.25,17737.0,19521.5,2762.5,15427.25
2025-04-05 16:00:00+00:00,49866.78,14786.53,23475.75,3613.0,7991.5,21287.25,3250.0,6435.5
2025-04-05 17:00:00+00:00,50194.33,20943.33,24485.5,3391.25,1374.25,22400.75,3438.5,1165.25
2025-04-05 18:00:00+00:00,49563.66,21269.16,25194.0,3047.5,53.0,23447.5,3651.75,13.0
2025-04-05 19:00:00+00:00,47941.59,18665.59,25901.0,3341.5,33.5,23814.25,3858.0,0.0
2025-04-05 20:00:00+00:00,45846.24,18184.74,24392.5,3243.0,26.0,23017.5,4046.5,0.0
2025-04-05 21:00:00+00:00,43243.13,16927.38,22801.75,3504.25,9.75,21779.25,4121.25,0.0
2025-04-05 22:00:00+00:00,40299.74,15184.24,20989.75,4118.75,7.0,19225.0,3291.0,0.0
2025-04-05 23:00:00+00:00,38670.11,15882.11,19226.25,3555.75,6.0,17659.0,2948.75,0.0
2025-04-06 00:00:00+00:00,37769.99,17350.99,17233.0,3176.0,10.0,16207.5,2507.75,0.0
2025-04-06 01:00:00+00:00,38137.03,19892.03,15775.25,2459.25,10.5,14810.25,2038.75,0.0
2025-04-06 02:00:00+00:00,38495.08,22131.58,14605.25,1745.75,12.5,13590.5,1609.0,0.0
2025-04-06 03:00:00+00:00,38828.74,23387.74,13961.25,1472.0,7.75,12726.5,1289.0,0.0
2025-04-06 04:00:00+00:00,39512.62,23997.62,13909.5,1494.5,111.0,12327.5,1052.0,106.75
2025-04-06 05:00:00+00:00,41778.16,24108.66,12544.25,1348.25,3777.0,11678.75,870.5,3634.75
2025-04-06 06:00:00+00:00,44611.78,18439.53,10612.75,645.0,14914.5,10292.75,721.0,13547.25
2025-04-06 07:00:00+00:00,47691.27,9578.02,9824.0,386.5,27902.75,10138.5,582.75,25107.0
2025-04-06 08:00:00+00:00,48188.94,2247.69,9517.75,152.25,36271.25,10589.25,395.5,33646.0
2025-04-06 09:00:00+00:00,48419.42,-301.33,7591.0,91.0,41038.75,9392.75,273.25,38984.0
2025-04-06 10:00:00+00:00,47432.35,-317.15,4152.5,56.25,43540.75,7639.75,192.75,41308.75
2025-04-06 11:00:00+00:00,44973.69,-492.06,2160.5,32.75,43272.5,6235.0,167.0,41407.0
2025-04-06 12:00:00+00:00,43185.97,503.97,1812.0,3.0,40867.0,5998.5,204.25,39790.25
2025-04-06 13:00:00+00:00,42259.14,2787.14,2090.75,70.25,37311.0,6585.25,278.75,35928.0
2025-04-06 14:00:00+00:00,43172.65,6148.9,4200.5,402.5,32420.75,7573.75,393.0,29066.5
2025-04-06 15:00:00+00:00,46555.01,15594.76,6243.75,1159.0,23557.5,8309.25,586.5,18941.25
2025-04-06 16:00:00+00:00,48825.19,29633.44,7399.25,1367.0,10425.5,8339.5,798.5,8064.75
2025-04-06 17:00:00+00:00,50274.19,39595.94,7613.75,1370.0,1694.5,8198.5,984.5,1470.25
2025-04-06 18:00:00+00:00,50979.73,39958.23,9166.75,1818.75,36.0,8609.25,1094.5,14.25
2025-04-06 19:00:00+00:00,49869.99,36769.24,10888.5,2194.5,17.75,9148.5,1107.75,0.0
2025-04-06 20:00:00+00:00,48432.87,35427.37,10976.25,2013.0,16.25,8944.5,1079.5,0.0
2025-04-06 21:00:00+00:00,45761.5,33667.0,10344.5,1743.5,6.5,8272.5,1050.0,0.0
2025-04-06 22:00:00+00:00,43352.95,32536.2,9252.75,1558.0,6.0,7958.75,1350.0,0.0
2025-04-06 23:00:00+00:00,42207.23,32030.48,8760.75,1409.25,6.75,7411.0,1198.0,0.0
2025-04-07 00:00:00+00:00,42033.47,32274.22,8551.25,1202.0,6.0,7103.75,1049.5,0.0
2025-04-07 01:00:00+00:00,42804.38,33614.88,8153.75,1029.5,6.25,6899.75,918.25,0.0
2025-04-07 02:00:00+00:00,44195.36,35286.86,8030.0,871.5,7.0,6786.0,841.75,0.0
2025-04-07 03:00:00+00:00,48910.61,39753.36,8290.5,860.25,6.5,6828.0,809.0,0.0
2025-04-07 04:00:00+00:00,56911.54,47184.04,8796.25,812.75,118.5,6943.5,758.0,110.5
2025-04-07 05:00:00+00:00,61008.89,48316.64,8434.5,710.0,3547.75,6696.5,728.25,3321.25
2025-04-07 06:00:00+00:00,63540.94,43232.19,6207.0,760.25,13341.5,5446.5,715.25,12702.0
2025-04-07 07:00:00+00:00,63572.38,32957.13,4112.25,867.75,25635.25,4005.5,708.75,24250.0
2025-04-07 08:00:00+00:00,62422.31,20791.56,4819.25,989.0,35822.5,3789.75,702.25,33452.75
2025-04-07 09:00:00+00:00,61917.28,12488.28,5190.0,1220.0,43019.0,4304.25,699.5,39523.25
2025-04-07 10:00:00+00:00,59776.62,6678.62,5475.75,1103.25,46519.0,4815.5,717.75,42388.5
2025-04-07 11:00:00+00:00,57774.53,5755.03,5338.5,597.0,46084.0,5201.5,767.25,42264.75
2025-04-07 12:00:00+00:00,56032.74,6983.24,5418.5,534.25,43096.75,5537.25,816.75,39453.25
2025-04-07 13:00:00+00:00,55419.35,10380.1,5754.0,703.75,38581.5,5830.25,846.75,34191.25
2025-04-07 14:00:00+00:00,54947.48,16835.98,6629.5,674.75,30807.25,5955.0,871.5,26774.0
2025-04-07 15:00:00+00:00,55957.77,28300.02,6428.0,732.75,20497.0,5814.25,903.75,17167.0
2025-04-07 16:00:00+00:00,58422.33,42697.58,5676.0,761.75,9287.0,5554.75,882.75,7181.5
2025-04-07 17:00:00+00:00,59467.96,51952.96,5097.25,708.0,1709.75,5597.25,849.0,1300.25
2025-04-07 18:00:00+00:00,58785.15,52475.4,5657.75,597.5,54.5,5993.5,811.0,17.0
2025-04-07 19:00:00+00:00,56012.0,48592.25,6774.25,622.0,23.5,6217.25,737.75,0.0
2025-04-07 20:00:00+00:00,52492.91,44769.91,7142.25,560.0,20.75,5978.5,615.75,0.0
2025-04-07 21:00:00+00:00,48940.43,41726.18,6862.0,342.25,10.0,5441.75,444.0,0.0
2025-04-07 22:00:00+00:00,46063.25,39917.5,5990.5,149.25,6.0,5442.5,180.5,0.0
2025-04-07 23:00:00+00:00,44421.42,39195.42,5140.25,79.75,6.0,4769.75,129.0,0.0
2025-04-08 00:00:00+00:00,43724.39,39414.14,4259.75,44.75,5.75,4150.25,107.75,0.0
2025-04-08 01:00:00+00:00,44218.34,40526.09,3667.0,19.25,6.0,3622.75,102.0,0.0
2025-04-08 02:00:00+00:00,45997.51,42905.26,3070.0,16.25,6.0,3207.5,103.75,0.0
2025-04-08 03:00:00+00:00,49693.94,46841.44,2817.25,28.75,6.5,2951.5,105.75,0.0
2025-04-08 04:00:00+00:00,57100.85,54299.35,2625.5,19.0,157.0,2794.5,86.25,125.25
2025-04-08 05:00:00+00:00,61315.54,55288.04,2435.0,10.75,3581.75,2578.75,61.25,3283.75
2025-04-08 06:00:00+00:00,63620.26,48915.51,1704.5,10.25,12990.0,2023.5,42.25,12116.25
2025-04-08 07:00:00+00:00,63784.33,38071.33,891.25,6.75,24815.0,1319.5,28.25,23242.25
2025-04-08 08:00:00+00:00,62646.68,25742.68,1063.5,4.5,35836.0,964.75,22.0,32340.5
2025-04-08 09:00:00+00:00,60855.11,15889.61,1352.0,0.75,43612.75,1097.0,17.0,37751.25
2025-04-08 10:00:00+00:00,58905.69,11288.69,1426.25,0.0,46190.75,1252.75,13.0,39461.25
2025-04-08 11:00:00+00:00,57222.87,10848.37,1246.5,0.0,45128.0,1285.25,13.0,38598.0
2025-04-08 12:00:00+00:00,55975.98,13001.98,1197.0,0.0,41777.0,1256.0,19.25,35774.75
2025-04-08 13:00:00+00:00,55515.24,17585.24,1248.25,1.0,36680.75,1263.5,31.25,31179.5
2025-04-08 14:00:00+00:00,54762.58,23960.58,1341.75,8.5,29451.75,1409.25,54.75,24708.5
2025-04-08 15:00:00+00:00,56112.3,34811.8,1550.75,37.5,19712.25,1636.0,103.75,16022.0
2025-04-08 16:00:00+00:00,57979.74,47387.99,1626.25,104.25,8861.25,1965.75,165.75,6934.75
2025-04-08 17:00:00+00:00,59094.14,55229.64,1976.25,206.25,1682.0,2671.0,231.5,1360.75
2025-04-08 18:00:00+00:00,58722.45,55408.7,2954.75,301.25,57.75,3543.5,283.75,15.0
2025-04-08 19:00:00+00:00,55836.92,51417.67,4085.0,316.25,18.0,4073.75,324.0,0.0
2025-04-08 20:00:00+00:00,52240.1,47284.1,4646.75,302.25,7.0,4286.75,363.25,0.0
2025-04-08 21:00:00+00:00,48781.37,43806.37,4623.5,346.0,5.5,4209.5,399.25,0.0
2025-04-08 22:00:00+00:00,45411.82,40429.82,4516.0,460.5,5.5,3902.5,277.25,0.0
2025-04-08 23:00:00+00:00,44023.1,39352.35,4095.25,569.75,5.75,3524.0,357.75,0.0
2025-04-09 00:00:00+00:00,43510.3,39225.8,3474.5,804.75,5.25,3308.5,490.0,0.0
2025-04-09 01:00:00+00:00,43981.94,39796.94,3010.5,1168.0,6.5,3114.5,645.5,0.0
2025-04-09 02:00:00+00:00,45660.69,41100.69,2891.25,1662.75,6.0,2996.25,848.5,0.0
2025-04-09 03:00:00+00:00,49371.07,44814.32,2778.25,1768.25,10.25,3078.25,1088.25,0.0
2025-04-09 04:00:00+00:00,56432.45,51907.45,2677.0,1705.75,142.25,3257.0,1275.0,129.75
2025-04-09 05:00:00+00:00,60638.0,53499.0,2528.75,1583.75,3026.5,3193.5,1375.75,3016.75
2025-04-09 06:00:00+00:00,62962.49,48896.99,2323.5,1550.0,10192.0,2581.5,1373.25,10328.75
2025-04-09 07:00:00+00:00,63479.33,39898.83,2156.75,1533.75,19890.0,1844.75,1424.0,20005.0
2025-04-09 08:00:00+00:00,63232.35,29843.85,2287.0,1717.5,29384.0,1737.25,1576.0,29094.5
2025-04-09 09:00:00+00:00,61909.06,20843.81,3114.75,1979.25,35971.25,2363.0,1716.0,34723.0
2025-04-09 10:00:00+00:00,59761.77,15332.77,4283.25,2039.0,38106.75,3346.75,1838.75,36153.5
2025-04-09 11:00:00+00:00,59091.91,13845.66,5484.25,2635.0,37127.0,4445.75,2107.25,34673.25
2025-04-09 12:00:00+00:00,57745.07,12896.32,6796.75,2796.5,35255.5,5506.0,2510.25,31783.0
2025-04-09 13:00:00+00:00,57280.89,14304.14,8360.75,3021.5,31594.5,6661.25,3006.5,27805.0
2025-04-09 14:00:00+00:00,57329.4,18134.9,10101.5,3624.25,25468.75,8128.0,3502.75,22272.0
2025-04-09 15:00:00+00:00,58570.17,25165.92,11972.25,4422.25,17009.75,9369.0,3923.5,14793.5
2025-04-09 16:00:00+00:00,61123.13,35400.88,12936.25,4817.75,7968.25,9816.25,4264.25,6859.0
2025-04-09 17:00:00+00:00,61965.41,42885.41,12852.25,4589.25,1638.5,10001.25,4653.25,1476.75
2025-04-09 18:00:00+00:00,61565.63,42678.88,13544.0,5300.25,42.5,10738.5,4918.75,19.25
2025-04-09 19:00:00+00:00,59291.53,38567.78,15004.25,5712.5,7.0,11824.25,4880.75,0.0
2025-04-09 20:00:00+00:00,55229.27,35209.02,14910.5,5103.0,6.75,12166.5,4517.75,0.0
2025-04-09 21:00:00+00:00,50909.63,32440.13,14090.75,4373.25,5.5,11871.25,3932.0,0.0
2025-04-09 22:00:00+00:00,47964.81,30774.56,12988.0,4196.75,5.5,12277.5,3890.25,0.0
2025-04-09 23:00:00+00:00,45598.64,30592.64,11558.0,3442.0,6.0,11386.25,3525.0,0.0
2025-04-10 00:00:00+00:00,44447.95,31334.7,10258.75,2849.0,5.5,10537.0,3139.0,0.0
2025-04-10 01:00:00+00:00,44347.66,32955.66,8802.5,2583.5,6.0,9453.25,2866.75,0.0
2025-04-10 02:00:00+00:00,45102.63,35522.63,7221.0,2353.0,6.0,8336.0,2644.5,0.0
2025-04-10 03:00:00+00:00,48636.44,40828.69,6004.5,1796.75,6.5,7401.5,2452.5,0.0
2025-04-10 04:00:00+00:00,55846.0,49163.0,5011.5,1522.75,148.75,6520.5,2210.75,149.0
2025-04-10 05:00:00+00:00,60631.96,53150.46,3932.25,1173.5,2375.75,5391.5,1930.75,3079.25
2025-04-10 06:00:00+00:00,63399.31,51917.81,2952.75,971.5,7557.25,3896.5,1627.25,10021.0
2025-04-10 07:00:00+00:00,63381.21,45388.71,2368.25,968.25,14656.0,2752.75,1384.75,18367.0
2025-04-10 08:00:00+00:00,63495.89,37421.64,2259.75,837.0,22977.5,2263.5,1220.5,26271.25
2025-04-10 09:00:00+00:00,64494.09,30355.84,2852.0,1092.5,30193.75,2205.75,1170.25,32764.25
2025-04-10 10:00:00+00:00,62531.19,22178.94,3454.75,1200.75,35696.75,2459.0,1212.0,37337.25
2025-04-10 11:00:00+00:00,60479.11,15814.36,4498.25,1296.25,38870.25,2809.75,1317.25,39342.0
2025-04-10 12:00:00+00:00,58932.4,11761.9,5692.25,1538.0,39940.25,3787.5,1533.5,38197.25
2025-04-10 13:00:00+00:00,57511.8,11455.05,6291.75,1996.5,37768.5,5116.5,1874.75,34437.0
2025-04-10 14:00:00+00:00,57525.87,15250.87,7855.5,2638.0,31781.5,7356.5,2362.0,27889.75
2025-04-10 15:00:00+00:00,58986.13,23117.88,10984.0,3230.25,21654.0,8814.75,3002.75,18631.75
2025-04-10 16:00:00+00:00,61264.89,34785.39,13188.5,3521.25,9769.75,9873.75,3595.75,8448.0
2025-04-10 17:00:00+00:00,62912.53,42517.78,14341.25,4087.25,1966.25,11624.5,4071.75,1761.75
2025-04-10 18:00:00+00:00,62384.46,41649.71,16966.75,3722.75,45.25,14550.75,4330.75,24.75
2025-04-10 19:00:00+00:00,60016.9,35461.65,21073.75,3467.0,14.5,17851.5,4495.5,0.0
2025-04-10 20:00:00+00:00,55921.86,29387.61,22486.5,4040.0,7.75,19517.25,4771.0,0.0
2025-04-10 21:00:00+00:00,51739.89,24265.39,23275.75,4192.5,6.25,20679.0,4933.75,0.0
2025-04-10 22:00:00+00:00,49605.56,20820.56,24080.25,4697.75,7.0,21535.5,5412.25,0.0
2025-04-10 23:00:00+00:00,47813.85,19199.6,24128.5,4480.5,5.25,22028.0,5347.0,0.0
2025-04-11 00:00:00+00:00,47141.71,19624.96,23662.75,3848.25,5.75,22448.0,5262.75,0.0
2025-04-11 01:00:00+00:00,47322.67,20538.92,23502.75,3275.0,6.0,22786.25,5177.75,0.0
2025-04-11 02:00:00+00:00,48387.53,22163.03,23249.25,2969.5,5.75,23083.5,5090.25,0.0
2025-04-11 03:00:00+00:00,51159.42,25809.42,22681.25,2658.75,10.0,23245.0,4967.5,0.0
2025-04-11 04:00:00+00:00,57712.43,33111.93,22059.75,2343.0,197.75,23535.5,4878.0,193.25
2025-04-11 05:00:00+00:00,62096.51,36098.26,20348.5,2128.0,3521.75,22870.0,4807.0,3823.5
2025-04-11 06:00:00+00:00,64328.35,31980.6,18960.0,1598.25,11789.5,21384.25,4726.0,12675.75
2025-04-11 07:00:00+00:00,64115.74,21991.99,18207.0,1632.75,22284.0,19705.5,4460.75,22943.25
2025-04-11 08:00:00+00:00,63655.21,12214.71,17153.5,1863.0,32424.0,18488.5,3988.5,30985.0
2025-04-11 09:00:00+00:00,62739.37,4590.12,16444.0,2350.75,39354.5,17650.5,3479.75,36463.0
2025-04-11 10:00:00+00:00,59949.95,882.95,15600.0,1237.75,42229.25,16438.0,2955.5,39306.75
2025-04-11 11:00:00+00:00,58063.24,-1626.51,16258.5,1386.75,42044.5,15974.5,2579.5,39421.75
2025-04-11 12:00:00+00:00,55643.21,-1923.54,17236.5,1200.75,39129.5,16406.75,2340.0,37116.25
2025-04-11 13:00:00+00:00,55153.04,1683.29,17495.75,1088.25,34885.75,17876.0,2264.5,32706.75
2025-04-11 14:00:00+00:00,54786.96,8128.96,17131.75,1500.0,28026.25,18664.25,2265.5,25967.25
2025-04-11 15:00:00+00:00,56068.88,21679.13,14952.5,1369.0,18068.25,17792.5,2253.75,17094.5
2025-04-11 16:00:00+00:00,57336.37,35087.37,12222.5,1720.25,8306.25,15291.5,2228.0,7773.75
2025-04-11 17:00:00+00:00,57667.27,44922.77,9459.75,1489.0,1795.75,12768.0,2239.0,1721.25
2025-04-11 18:00:00+00:00,56918.42,47349.67,8101.25,1393.75,73.75,11552.75,2221.0,23.75
2025-04-11 19:00:00+00:00,54634.83,45116.58,7757.0,1729.0,32.25,10922.5,2160.0,0.0
2025-04-11 20:00:00+00:00,51289.44,42083.19,7254.75,1932.5,19.0,9810.25,2063.0,0.0
2025-04-11 21:00:00+00:00,47633.59,39464.09,6209.25,1948.25,12.0,8574.25,1941.75,0.0
2025-04-11 22:00:00+00:00,44574.53,37431.28,5448.75,1680.25,14.25,5827.75,1595.0,0.0
2025-04-11 23:00:00+00:00,42204.84,36153.34,4881.5,1162.75,7.25,5453.75,1556.5,0.0
2025-04-12 00:00:00+00:00,40996.81,35559.56,4478.75,951.0,7.5,5250.75,1506.25,0.0
2025-04-12 01:00:00+00:00,40804.07,35575.07,4298.5,924.5,6.0,5097.5,1440.5,0.0
2025-04-12 02:00:00+00:00,41680.81,36717.06,4155.0,802.25,6.5,5016.75,1372.25,0.0
2025-04-12 03:00:00+00:00,42141.19,37383.69,4110.0,641.0,6.5,5019.5,1280.5,0.0
2025-04-12 04:00:00+00:00,43343.27,38230.02,4311.5,539.25,262.5,5030.5,1191.5,202.25
2025-04-12 05:00:00+00:00,46032.03,36997.78,4432.5,451.0,4150.75,4869.0,1105.75,3852.75
2025-04-12 06:00:00+00:00,49508.82,31607.07,4022.25,401.5,13478.0,4356.25,1015.25,12950.75
2025-04-12 07:00:00+00:00,51164.06,22907.06,2738.5,385.25,25133.25,3449.0,952.5,23963.75
2025-04-12 08:00:00+00:00,51082.72,12881.22,2214.75,96.5,35890.25,2637.25,907.75,33502.5
2025-04-12 09:00:00+00:00,49928.41,3888.41,2307.0,223.25,43509.75,2527.75,869.75,40145.25
2025-04-12 10:00:00+00:00,48379.45,832.45,1725.0,153.0,45669.0,2700.0,858.0,43722.0
2025-04-12 11:00:00+00:00,46615.44,-2077.06,1559.0,185.5,46948.0,2555.5,921.75,44778.75
2025-04-12 12:00:00+00:00,44798.61,-2514.39,1795.0,336.5,45181.5,2735.5,1057.0,43416.5
2025-04-12 13:00:00+00:00,43870.46,-538.79,3058.0,587.0,40764.25,3130.25,1309.25,39347.5
2025-04-12 14:00:00+00:00,44242.17,5886.17,3790.0,1184.75,33381.25,4380.0,1657.25,31995.25
2025-04-12 15:00:00+00:00,45463.79,15755.04,5070.25,2159.25,22479.25,5441.25,2333.75,21171.0
2025-04-12 16:00:00+00:00,47572.86,28835.11,5796.75,3026.0,9915.0,6272.25,3163.75,9115.75
2025-04-12 17:00:00+00:00,48396.83,35219.08,6853.25,4339.75,1984.75,8169.75,3816.25,1869.25
2025-04-12 18:00:00+00:00,48382.77,32427.27,10999.5,4885.75,70.25,11716.0,4311.25,38.0
2025-04-12 19:00:00+00:00,47326.2,26713.95,15700.25,4887.5,24.5,15265.0,4694.0,0.0
2025-04-12 20:00:00+00:00,45027.03,21968.28,18050.5,4990.0,18.25,17390.0,4775.5,0.0
2025-04-12 21:00:00+00:00,42537.88,17167.13,20493.25,4867.0,10.5,18762.25,4718.5,0.0
2025-04-12 22:00:00+00:00,39868.99,13309.49,21735.75,4804.5,19.25,19856.0,4802.0,0.0
2025-04-12 23:00:00+00:00,38632.01,11589.26,21803.75,5229.75,9.25,20421.25,4828.5,0.0
2025-04-13 00:00:00+00:00,38120.74,11558.74,21260.25,5294.5,7.25,20970.5,4863.0,0.0
2025-04-13 01:00:00+00:00,37397.54,10936.04,21278.75,5172.75,10.0,21412.75,4956.0,0.0
2025-04-13 02:00:00+00:00,37519.74,10400.74,21739.0,5372.75,7.25,21642.75,5053.0,0.0
2025-04-13 03:00:00+00:00,38156.2,10902.2,22044.25,5203.25,6.5,21821.0,5141.0,0.0
2025-04-13 04:00:00+00:00,38822.91,10672.91,22775.0,5107.25,267.75,22694.25,5240.75,263.25
2025-04-13 05:00:00+00:00,40618.73,10229.23,22283.75,4708.25,3397.5,22324.25,5180.75,3266.25
2025-04-13 06:00:00+00:00,44408.62,10564.62,20260.5,4216.25,9367.25,20359.0,5094.25,9733.5
2025-04-13 07:00:00+00:00,47985.24,10387.24,17796.5,4336.5,15465.0,18573.25,5196.0,16915.5
2025-04-13 08:00:00+00:00,50856.86,6920.86,18291.5,4623.25,21021.25,17940.0,5301.25,22846.5
2025-04-13 09:00:00+00:00,52192.26,5440.01,19743.0,2939.0,24070.25,17905.5,3928.75,27147.25
2025-04-13 10:00:00+00:00,52359.47,2521.72,21392.0,3085.75,25360.0,17617.25,3918.5,29411.75
2025-04-13 11:00:00+00:00,50567.57,259.07,22450.25,3457.5,24400.75,17549.25,3988.5,29147.5
2025-04-13 12:00:00+00:00,47954.3,-969.45,22338.5,3650.25,22935.0,17736.25,3939.5,26623.25
2025-04-13 13:00:00+00:00,47155.83,1036.33,21798.0,4105.75,20215.75,17819.5,3752.25,23025.75
2025-04-13 14:00:00+00:00,47377.44,5768.19,22035.75,3380.5,16193.0,17879.0,3453.5,18649.5
2025-04-13 15:00:00+00:00,48071.27,12826.27,19058.75,4732.75,11453.5,16388.25,4033.0,12658.25
2025-04-13 16:00:00+00:00,48414.17,23782.92,15034.25,3392.25,6204.75,12718.5,3547.5,6224.0
2025-04-13 17:00:00+00:00,48904.65,33926.9,10525.5,2888.5,1563.75,9888.0,2881.25,1553.25
2025-04-13 18:00:00+00:00,49207.46,38401.96,8338.0,2429.25,38.25,8351.0,2359.0,38.0
2025-04-13 19:00:00+00:00,47841.93,38410.43,7348.75,2076.0,6.75,7448.5,2016.0,0.0
2025-04-13 20:00:00+00:00,46606.7,38281.45,6200.0,2116.75,8.5,6504.5,1727.25,0.0
2025-04-13 21:00:00+00:00,44433.11,36775.36,5501.25,2148.0,8.5,5569.25,1512.75,0.0
2025-04-13 22:00:00+00:00,42462.55,35996.05,4657.5,1798.5,10.5,4904.5,1464.25,0.0
2025-04-13 23:00:00+00:00,40924.93,35760.93,3824.0,1333.25,6.75,4131.25,1318.75,0.0
2025-04-14 00:00:00+00:00,40063.02,35203.02,3561.75,1292.75,5.5,3893.5,1346.0,0.0
2025-04-14 01:00:00+00:00,40010.84,34492.59,3813.25,1699.5,5.5,4047.0,1558.25,0.0
2025-04-14 02:00:00+00:00,41628.56,34986.81,4181.0,2455.75,5.0,4466.75,1732.0,0.0
2025-04-14 03:00:00+00:00,46635.14,39866.64,4330.5,2432.0,6.0,5025.5,1770.75,0.0
2025-04-14 04:00:00+00:00,53285.13,46478.88,4600.75,1944.75,260.75,5271.0,1696.75,257.0
2025-04-14 05:00:00+00:00,58329.37,48987.62,4831.75,1402.0,3108.0,4989.75,1525.25,3174.5
2025-04-14 06:00:00+00:00,61509.43,46786.93,4378.75,746.5,9597.25,4270.75,1292.0,9760.0
2025-04-14 07:00:00+00:00,62871.06,39782.81,3690.25,579.0,18819.0,3795.75,1043.0,18216.75
2025-04-14 08:00:00+00:00,62474.86,29486.86,4306.25,406.5,28275.25,3902.0,795.75,26132.25
2025-04-14 09:00:00+00:00,61401.3,20543.55,4984.0,267.5,35606.25,4207.5,590.0,31926.25
2025-04-14 10:00:00+00:00,60108.68,16915.18,4588.75,215.75,38389.0,4048.25,435.25,35418.5
2025-04-14 11:00:00+00:00,58223.75,15470.5,3947.25,133.25,38672.75,3582.5,311.25,36508.5
2025-04-14 12:00:00+00:00,55987.7,15286.45,2927.25,75.0,37699.0,2990.25,210.5,35542.5
2025-04-14 13:00:00+00:00,54723.09,18102.34,1976.5,103.5,34540.75,2205.25,139.5,32270.5
2025-04-14 14:00:00+00:00,54018.15,23593.15,1327.75,152.25,28945.0,1519.0,98.5,26461.75
2025-04-14 15:00:00+00:00,55577.24,34293.24,1136.25,415.0,19732.75,1342.75,87.25,17833.5
2025-04-14 16:00:00+00:00,57584.42,45359.92,1599.25,1193.75,9431.5,2035.75,163.75,8310.25
2025-04-14 17:00:00+00:00,58446.37,51210.62,3124.25,1930.0,2181.5,3962.0,403.25,1958.0
2025-04-14 18:00:00+00:00,58123.09,48612.59,6699.5,2736.5,74.5,7372.75,911.75,43.75
2025-04-14 19:00:00+00:00,55731.68,39680.68,12624.75,3399.75,26.5,12150.0,1619.75,0.0
2025-04-14 20:00:00+00:00,52564.4,31812.9,16961.5,3782.0,8.0,16180.75,2392.25,0.0
2025-04-14 21:00:00+00:00,48609.57,24777.32,19823.0,4000.75,8.5,18716.0,3131.25,0.0
2025-04-14 22:00:00+00:00,45526.85,20025.85,21260.5,4234.5,6.0,20612.0,4549.0,0.0
2025-04-14 23:00:00+00:00,44452.82,18229.32,21502.25,4714.25,7.0,21178.5,4902.75,0.0
2025-04-15 00:00:00+00:00,43525.92,17726.42,21111.0,4682.0,6.5,21481.0,5147.0,0.0
2025-04-15 01:00:00+00:00,43691.13,18119.38,20879.0,4686.5,6.25,21538.75,5320.25,0.0
2025-04-15 02:00:00+00:00,45538.33,19694.33,21060.25,4777.25,6.5,21546.5,5456.5,0.0
2025-04-15 03:00:00+00:00,49696.11,24155.86,20645.75,4886.5,8.0,21560.0,5684.0,0.0
2025-04-15 04:00:00+00:00,56606.04,30416.79,20925.75,4896.0,367.5,21939.5,5989.75,333.75
2025-04-15 05:00:00+00:00,61003.19,32778.94,18550.25,5251.25,4422.75,21212.5,6191.75,3881.25
2025-04-15 06:00:00+00:00,63203.38,29457.13,14881.75,5533.75,13330.75,18741.75,6237.0,11558.0
2025-04-15 07:00:00+00:00,64075.27,22602.52,12806.25,5286.0,23380.5,16409.5,5946.0,20235.25
2025-04-15 08:00:00+00:00,62893.99,13873.74,13180.0,5021.5,30818.75,15871.0,5522.5,27089.0
2025-04-15 09:00:00+00:00,62808.9,9496.4,14619.5,4520.0,34173.0,16449.5,5290.75,30817.5
2025-04-15 10:00:00+00:00,62382.96,8718.95,16399.0,3960.25,33304.75,17215.25,5111.5,31503.25
2025-04-15 11:00:00+00:00,62082.31,8603.81,18159.5,3899.25,31419.75,18213.0,4918.75,29658.25
2025-04-15 12:00:00+00:00,60397.42,10638.92,18485.25,3058.0,28215.25,18975.25,4717.25,26187.5
2025-04-15 13:00:00+00:00,58847.2,14645.95,18012.25,2899.5,23289.5,19277.0,4573.75,21829.5
2025-04-15 14:00:00+00:00,57750.09,19089.59,18185.25,2806.5,17668.75,18410.0,4492.25,16803.5
2025-04-15 15:00:00+00:00,59285.89,25347.64,18827.5,2718.5,12392.25,16897.25,4408.25,11284.75
2025-04-15 16:00:00+00:00,60763.38,32264.63,18632.0,3158.75,6708.0,15168.75,4296.5,5668.25
2025-04-15 17:00:00+00:00,61429.05,39232.3,16821.75,3639.0,1736.0,13933.0,3899.0,1490.25
2025-04-15 18:00:00+00:00,60147.2,40716.2,14837.5,4552.0,41.5,13616.75,3347.25,48.5
2025-04-15 19:00:00+00:00,57193.21,41034.71,12482.5,3656.0,20.0,13787.0,2773.75,0.0
2025-04-15 20:00:00+00:00,53348.13,39201.38,10889.5,3240.75,16.5,13372.75,2313.75,0.0
2025-04-15 21:00:00+00:00,49315.27,36768.77,10091.5,2449.75,5.25,12890.75,1989.75,0.0
2025-04-15 22:00:00+00:00,45943.48,34586.98,9381.25,1970.75,4.5,11578.75,1973.75,0.0
2025-04-15 23:00:00+00:00,44477.96,32930.46,9187.0,2356.5,4.0,10885.25,1734.5,0.0
2025-04-16 00:00:00+00:00,43711.1,32333.85,8948.25,2424.0,5.0,10172.5,1612.0,0.0
2025-04-16 01:00:00+00:00,43829.07,33604.82,7701.25,2517.75,5.25,9452.75,1535.0,0.0
2025-04-16 02:00:00+00:00,44376.81,35693.31,6353.5,2325.0,5.0,8799.25,1538.5,0.0
2025-04-16 03:00:00+00:00,48162.97,40893.97,5576.25,1683.5,9.25,8184.25,1674.75,0.0
2025-04-16 04:00:00+00:00,53980.47,47024.97,4970.5,1474.5,510.5,7423.5,1891.25,401.25
2025-04-16 05:00:00+00:00,58132.91,47090.66,4264.75,1897.25,4880.25,6377.5,2098.75,4371.25
2025-04-16 06:00:00+00:00,61443.17,42743.67,3170.75,1952.75,13576.0,4592.0,2170.75,13049.25
2025-04-16 07:00:00+00:00,60963.99,34911.49,1941.5,1421.25,22689.75,2882.75,2074.25,22367.5
2025-04-16 08:00:00+00:00,61205.51,27931.01,1285.0,1846.25,30143.25,2097.25,1897.0,29354.25
2025-04-16 09:00:00+00:00,60284.1,21950.35,1481.25,1442.5,35410.0,2056.75,1768.25,33624.5
2025-04-16 10:00:00+00:00,59582.15,19564.4,2114.0,981.75,36922.0,2456.5,1735.0,35221.75
2025-04-16 11:00:00+00:00,58751.37,19885.12,3135.0,1259.25,34472.0,3043.75,1739.0,34559.5
2025-04-16 12:00:00+00:00,57843.38,21749.13,4543.25,988.5,30562.5,3669.5,1740.75,31779.75
2025-04-16 13:00:00+00:00,58197.61,26056.11,5969.0,799.0,25373.5,4357.5,1767.25,27288.25
2025-04-16 14:00:00+00:00,58191.54,29844.04,8509.5,758.0,19080.0,5151.0,1708.75,21262.25
2025-04-16 15:00:00+00:00,58917.92,36054.42,10315.5,725.5,11822.5,6337.0,1521.75,13534.0
2025-04-16 16:00:00+00:00,60238.15,42638.9,11723.0,691.75,5184.5,7901.75,1278.0,5782.0
2025-04-16 17:00:00+00:00,59553.6,45234.1,12256.5,849.25,1213.75,10131.75,1093.0,1328.0
2025-04-16 18:00:00+00:00,59034.24,43846.99,14415.5,728.5,43.25,12968.5,964.25,48.25
2025-04-16 19:00:00+00:00,57218.06,39191.56,17263.0,752.5,11.0,15393.75,852.25,0.0
2025-04-16 20:00:00+00:00,53617.31,34299.06,18423.25,888.5,6.5,16508.75,770.0,0.0
2025-04-16 21:00:00+00:00,50303.9,30959.9,18392.5,946.5,5.0,17350.75,733.5,0.0
2025-04-16 22:00:00+00:00,47067.18,28780.68,17359.75,921.75,5.0,17082.0,1072.75,0.0
2025-04-16 23:00:00+00:00,45629.2,27565.7,17021.75,1035.75,6.0,16789.25,1203.5,0.0
2025-04-17 00:00:00+00:00,44787.5,26226.75,17280.0,1275.75,5.0,16540.25,1329.25,0.0
2025-04-17 01:00:00+00:00,44779.71,26314.71,17033.75,1426.25,5.0,15958.25,1479.5,0.0
2025-04-17 02:00:00+00:00,45838.98,28205.73,16000.75,1628.25,4.25,15077.25,1615.75,0.0
2025-04-17 03:00:00+00:00,49283.38,32668.63,14865.0,1742.75,7.0,14108.25,1653.75,0.0
2025-04-17 04:00:00+00:00,55174.08,39196.08,13955.0,1703.5,319.5,13112.75,1625.0,315.25
2025-04-17 05:00:00+00:00,59622.97,42783.47,12433.0,1851.0,2555.5,11707.0,1515.25,2538.5
2025-04-17 06:00:00+00:00,62589.54,42927.29,11025.5,1768.0,6868.75,9977.5,1346.0,6650.25
2025-04-17 07:00:00+00:00,63856.32,40757.07,10047.25,1778.0,11274.0,9021.0,1194.75,11422.5
2025-04-17 08:00:00+00:00,64949.45,37346.7,9791.25,1945.5,15866.0,8936.0,1081.75,15878.0
2025-04-17 09:00:00+00:00,65520.05,33414.8,10346.25,2088.75,19670.25,9103.5,1008.5,19459.75
2025-04-17 10:00:00+00:00,64276.42,29095.42,10901.75,2180.25,22099.0,9596.25,1045.5,21541.5
2025-04-17 11:00:00+00:00,63009.54,27409.54,11440.0,2158.75,22001.25,10489.5,1179.25,22070.0
2025-04-17 12:00:00+00:00,61505.35,26898.1,12082.5,2523.5,20001.25,11531.5,1256.25,21072.0
2025-04-17 13:00:00+00:00,60926.34,27352.09,14060.25,2406.75,17107.25,12755.25,1272.25,18105.25
2025-04-17 14:00:00+00:00,60195.81,28733.31,15920.75,2276.5,13265.25,14249.0,1262.25,13552.5
2025-04-17 15:00:00+00:00,59414.1,33213.6,16367.0,1874.75,7958.75,15474.75,1233.75,8282.5
2025-04-17 16:00:00+00:00,59051.58,37510.58,16387.0,1830.25,3323.75,16420.75,1142.25,3756.75
2025-04-17 17:00:00+00:00,57954.27,38876.77,16980.0,1301.25,796.25,17444.75,1034.25,985.25
2025-04-17 18:00:00+00:00,56432.17,38389.42,17025.0,985.5,32.25,18434.5,951.0,38.5
2025-04-17 19:00:00+00:00,53392.91,35825.91,16723.75,826.75,16.5,19280.75,927.25,0.0
2025-04-17 20:00:00+00:00,50255.67,33501.92,15873.5,874.75,5.5,18970.25,1079.5,0.0
2025-04-17 21:00:00+00:00,47081.67,32373.92,13216.25,1484.75,6.75,18262.0,1352.5,0.0
2025-04-17 22:00:00+00:00,43376.82,30586.32,11152.5,1632.5,5.5,17581.5,1874.5,0.0
2025-04-17 23:00:00+00:00,41014.04,28533.29,10610.25,1862.0,8.5,16458.75,2049.5,0.0
2025-04-18 00:00:00+00:00,39409.27,27064.77,10295.0,2043.75,5.75,15860.0,2130.25,0.0
2025-04-18 01:00:00+00:00,38818.71,25924.46,10591.5,2297.5,5.25,15553.5,2316.0,0.0
2025-04-18 02:00:00+00:00,39070.07,25777.57,11034.75,2252.75,5.0,15559.5,2565.5,0.0
2025-04-18 03:00:00+00:00,39663.44,25622.94,12088.25,1945.75,6.5,15629.25,2640.75,0.0
2025-04-18 04:00:00+00:00,39923.12,24988.62,13209.5,1589.75,135.25,15671.5,2507.0,236.0
2025-04-18 05:00:00+00:00,41643.89,26082.89,12939.5,1409.0,1212.5,14864.0,2176.5,1790.75
2025-04-18 06:00:00+00:00,44955.43,28963.18,11786.75,981.5,3224.0,13497.0,1787.0,4412.75
2025-04-18 07:00:00+00:00,47806.97,30088.22,11006.75,895.5,5816.5,12493.25,1519.5,7369.75
2025-04-18 08:00:00+00:00,49858.29,30086.54,10555.5,911.25,8305.0,11488.5,1355.25,10273.25
2025-04-18 09:00:00+00:00,51789.55,30777.3,9823.25,1268.25,9920.75,10341.5,1236.75,12746.25
2025-04-18 10:00:00+00:00,51450.65,30653.9,8607.75,1152.0,11037.0,9363.0,1149.0,14409.5
2025-04-18 11:00:00+00:00,50218.32,29513.32,7769.75,1292.5,11642.75,8727.25,1092.5,15185.25
2025-04-18 12:00:00+00:00,48854.27,29384.28,7011.0,1228.25,11230.75,8224.25,1089.5,15019.0
2025-04-18 13:00:00+00:00,48287.96,30741.96,6409.5,1185.5,9951.0,7637.25,1124.75,14059.25
2025-04-18 14:00:00+00:00,47612.51,32529.51,5626.0,1197.25,8259.75,7191.75,1169.75,11830.75
2025-04-18 15:00:00+00:00,47929.1,36004.85,4791.5,962.75,6170.0,6820.0,1232.5,8505.0
2025-04-18 16:00:00+00:00,48859.64,39718.14,4682.25,1029.75,3429.5,6292.5,1299.25,4598.5
2025-04-18 17:00:00+00:00,48797.79,41761.29,4837.5,1177.5,1021.5,5566.0,1310.75,1337.25
2025-04-18 18:00:00+00:00,48335.35,42089.85,4891.25,1282.75,71.5,4945.25,1268.0,57.0
2025-04-18 19:00:00+00:00,47413.59,40523.34,5307.0,1563.75,19.5,4544.25,1190.0,0.0
2025-04-18 20:00:00+00:00,45353.28,38337.53,5214.0,1791.0,10.75,4286.5,1127.5,0.0
2025-04-18 21:00:00+00:00,42461.7,35519.2,5012.0,1925.25,5.25,4073.5,1103.75,0.0
2025-04-18 22:00:00+00:00,40092.07,33773.32,4277.75,2034.75,6.25,5011.75,1414.25,0.0
2025-04-18 23:00:00+00:00,38116.02,32311.52,3922.5,1874.75,7.25,4723.75,1477.75,0.0
2025-04-19 00:00:00+00:00,37603.02,31859.52,3782.25,1954.75,6.5,4503.25,1628.75,0.0
2025-04-19 01:00:00+00:00,37121.08,31462.08,3542.5,2111.25,5.25,4184.25,1732.0,0.0
2025-04-19 02:00:00+00:00,37679.33,32289.08,3320.75,2064.5,5.0,3823.75,1737.25,0.0
2025-04-19 03:00:00+00:00,39148.13,34187.63,3223.25,1730.75,6.5,3536.0,1647.75,0.0
2025-04-19 04:00:00+00:00,40011.47,35065.72,3214.75,1413.0,318.0,3336.75,1547.0,357.25
2025-04-19 05:00:00+00:00,42241.01,34179.76,3124.0,1487.75,3449.5,3100.0,1545.25,3435.5
2025-04-19 06:00:00+00:00,45267.11,30642.11,2741.0,1792.25,10091.75,2785.5,1634.5,10147.75
2025-04-19 07:00:00+00:00,47932.02,24665.02,2255.75,2337.25,18674.0,2475.5,1740.75,17858.0
2025-04-19 08:00:00+00:00,49157.05,18321.55,2219.25,2630.75,25985.5,2308.0,1879.0,24448.5
2025-04-19 09:00:00+00:00,48644.03,13126.03,2399.25,2481.0,30637.75,2316.75,1962.0,29401.0
2025-04-19 10:00:00+00:00,47989.15,9707.15,2353.0,2079.75,33849.25,2343.0,1922.5,32559.25
2025-04-19 11:00:00+00:00,46440.11,8122.36,2278.0,1499.25,34540.5,2397.5,1835.0,33772.0
2025-04-19 12:00:00+00:00,44828.22,8574.47,2208.75,1051.25,32993.75,2558.75,1777.25,32878.75
2025-04-19 13:00:00+00:00,43789.31,9941.06,2332.25,1179.0,30337.0,2638.0,1756.5,29914.5
2025-04-19 14:00:00+00:00,43888.64,15021.64,2164.0,1384.75,25318.25,2574.75,1739.25,24602.25
2025-04-19 15:00:00+00:00,44523.79,23027.29,2036.0,1412.75,18047.75,2420.5,1689.0,16872.5
2025-04-19 16:00:00+00:00,46514.59,34076.34,2026.75,1269.0,9142.5,2324.25,1593.75,8100.5
2025-04-19 17:00:00+00:00,47681.84,42035.59,2033.25,1189.25,2423.75,2648.25,1454.0,2094.0
2025-04-19 18:00:00+00:00,47102.75,43202.75,2594.5,1151.25,154.25,3508.0,1265.75,103.5
2025-04-19 19:00:00+00:00,46292.5,41495.5,3598.75,1161.75,36.5,4438.25,1095.25,0.0
2025-04-19 20:00:00+00:00,44245.33,38400.58,4720.5,1106.5,17.75,5076.25,1010.5,0.0
2025-04-19 21:00:00+00:00,41368.37,34924.87,5418.25,1017.5,7.75,5445.5,1019.0,0.0
2025-04-19 22:00:00+00:00,38718.93,32076.43,5525.5,1107.0,10.0,4955.0,1065.5,0.0
2025-04-19 23:00:00+00:00,36495.91,29651.66,5533.75,1305.25,5.25,4900.25,1168.0,0.0
2025-04-20 00:00:00+00:00,35717.36,29090.61,5019.5,1602.25,5.0,4656.25,1321.75,0.0
2025-04-20 01:00:00+00:00,35641.41,29476.41,4351.5,1808.5,5.0,4330.25,1451.5,0.0
2025-04-20 02:00:00+00:00,35587.67,29586.42,4172.25,1823.5,5.5,4042.25,1514.5,0.0
2025-04-20 03:00:00+00:00,35831.7,29755.95,4304.25,1763.5,8.0,3845.5,1537.0,0.0
2025-04-20 04:00:00+00:00,35836.34,29510.84,4123.75,1517.5,684.25,3736.0,1507.5,621.0
2025-04-20 05:00:00+00:00,38107.74,27051.99,3722.75,1411.75,5921.25,3437.25,1426.5,5095.5
2025-04-20 06:00:00+00:00,41891.63,21564.38,2889.25,1281.75,16156.25,2903.0,1314.5,14822.0
2025-04-20 07:00:00+00:00,43704.0,13979.75,2359.25,1023.0,26342.0,2368.75,1185.25,25878.0
2025-04-20 08:00:00+00:00,43894.2,5212.2,2500.75,895.75,35285.5,2254.5,1035.5,34145.25
2025-04-20 09:00:00+00:00,43709.18,479.93,3026.75,892.75,39309.75,2613.5,843.0,39282.75
2025-04-20 10:00:00+00:00,42249.62,-2189.63,3161.75,882.0,40395.5,2678.25,742.0,40736.75
2025-04-20 11:00:00+00:00,39939.5,-2861.25,2785.5,752.5,39262.75,2939.25,718.5,38931.75
2025-04-20 12:00:00+00:00,39297.85,232.35,2718.5,630.5,35716.5,3240.0,678.25,34754.75
2025-04-20 13:00:00+00:00,38577.11,2619.11,5064.5,650.25,30243.25,4028.25,618.75,29474.25
2025-04-20 14:00:00+00:00,39089.79,9143.54,6428.75,652.25,22865.25,4467.75,566.5,22594.25
2025-04-20 15:00:00+00:00,40336.87,18590.37,6631.0,542.0,14573.5,4402.75,494.5,14111.0
2025-04-20 16:00:00+00:00,42898.36,28992.36,6191.25,336.0,7378.75,4020.75,398.0,6600.75
2025-04-20 17:00:00+00:00,43915.46,35996.96,5428.25,250.25,2240.0,3815.25,286.25,1875.0
2025-04-20 18:00:00+00:00,44137.52,39329.02,4459.75,229.5,119.25,3718.25,180.5,97.0
2025-04-20 19:00:00+00:00,43444.81,39746.81,3535.0,125.25,37.75,3570.25,116.0,0.0
2025-04-20 20:00:00+00:00,42134.22,38014.97,4024.75,58.0,36.5,3314.75,101.5,0.0
2025-04-20 21:00:00+00:00,39531.13,35670.63,3771.0,73.25,16.25,3058.25,105.5,0.0
2025-04-20 22:00:00+00:00,37645.11,34285.36,3256.0,86.75,17.0,3514.0,123.5,0.0
2025-04-20 23:00:00+00:00,35519.34,32820.09,2632.75,60.0,6.5,3587.5,121.5,0.0
2025-04-21 00:00:00+00:00,34494.89,31964.64,2456.75,63.25,10.25,3596.5,113.25,0.0
2025-04-21 01:00:00+00:00,34015.34,31335.09,2603.25,71.0,6.0,3631.0,103.25,0.0
2025-04-21 02:00:00+00:00,34632.64,31741.39,2834.0,52.25,5.0,3798.75,95.0,0.0
2025-04-21 03:00:00+00:00,35308.66,32340.41,2899.75,58.5,10.0,3992.5,91.75,0.0
2025-04-21 04:00:00+00:00,35898.54,32309.04,3110.25,59.0,420.25,4151.75,94.75,503.0
2025-04-21 05:00:00+00:00,37669.23,31070.73,3001.5,75.0,3522.0,4068.0,98.75,3810.5
2025-04-21 06:00:00+00:00,40623.52,28552.27,2369.5,84.75,9617.0,3341.75,108.0,10009.5
2025-04-21 07:00:00+00:00,43389.1,24540.6,1929.75,126.5,16792.25,2623.75,116.25,17192.5
2025-04-21 08:00:00+00:00,44822.23,19204.98,1881.75,134.5,23601.0,2538.75,123.5,23345.25
2025-04-21 09:00:00+00:00,46271.2,16553.45,1699.75,172.25,27845.75,3055.75,127.75,27573.5
2025-04-21 10:00:00+00:00,45809.96,13171.71,1800.75,284.25,30553.25,3247.0,126.25,29708.25
2025-04-21 11:00:00+00:00,44224.57,11294.07,1841.75,319.0,30769.75,3344.75,128.0,29737.0
2025-04-21 12:00:00+00:00,43294.18,12052.43,2207.0,351.5,28683.25,3433.25,124.5,28100.5
2025-04-21 13:00:00+00:00,42857.09,15013.34,2586.25,278.0,24979.5,3406.75,123.75,24853.0
2025-04-21 14:00:00+00:00,42236.85,19238.1,2866.75,124.75,20007.25,3214.5,118.5,19764.25
2025-04-21 15:00:00+00:00,43637.06,26378.06,2942.75,59.75,14256.5,2831.5,112.75,13276.5
2025-04-21 16:00:00+00:00,45873.72,34912.47,3447.25,63.75,7450.25,2374.25,115.5,6774.0
2025-04-21 17:00:00+00:00,46304.54,40833.79,3223.5,46.5,2200.75,2204.5,116.5,2073.75
2025-04-21 18:00:00+00:00,46741.62,42848.37,3738.25,39.25,115.75,2568.5,110.0,110.0
2025-04-21 19:00:00+00:00,45880.76,41790.51,4028.25,47.5,14.5,3259.75,101.75,0.0
2025-04-21 20:00:00+00:00,44345.34,39813.34,4481.25,41.0,9.75,3892.0,98.0,0.0
2025-04-21 21:00:00+00:00,41634.37,36622.62,4953.5,52.5,5.75,4428.25,100.25,0.0
2025-04-21 22:00:00+00:00,39285.4,33794.65,5403.5,81.75,5.5,4824.75,108.0,0.0
2025-04-21 23:00:00+00:00,37921.68,32251.93,5551.5,113.25,5.0,5129.25,120.5,0.0
2025-04-22 00:00:00+00:00,37211.7,31808.7,5276.0,121.0,6.0,5242.5,131.5,0.0
2025-04-22 01:00:00+00:00,37517.52,32430.52,4918.0,164.0,5.0,5245.25,140.0,0.0
2025-04-22 02:00:00+00:00,39267.87,34410.12,4633.5,219.25,5.0,5154.25,135.25,0.0
2025-04-22 03:00:00+00:00,43668.99,38785.99,4566.0,310.25,6.75,4963.5,118.5,0.5
2025-04-22 04:00:00+00:00,50858.21,45249.46,4748.5,246.75,613.5,4660.5,95.25,632.0
2025-04-22 05:00:00+00:00,56175.94,47031.69,4216.5,242.25,4685.5,3972.75,73.5,4365.0
2025-04-22 06:00:00+00:00,59687.51,44042.76,2943.5,281.25,12420.0,2904.75,63.0,11100.25
2025-04-22 07:00:00+00:00,60502.06,37120.81,2598.0,224.75,20558.5,2196.75,57.5,18115.75
2025-04-22 08:00:00+00:00,60541.28,31987.53,2501.25,194.75,25857.75,2009.25,61.5,23390.5
2025-04-22 09:00:00+00:00,60595.35,28860.6,2335.5,205.0,29194.25,2079.75,72.0,27647.5
2025-04-22 10:00:00+00:00,59721.78,26878.03,2533.5,140.25,30170.0,2309.5,85.0,30455.5
2025-04-22 11:00:00+00:00,58434.37,25758.62,2929.5,129.25,29617.0,2560.5,97.0,31272.5
2025-04-22 12:00:00+00:00,56812.57,25412.07,3140.0,115.75,28144.75,2852.75,106.75,30234.75
2025-04-22 13:00:00+00:00,55617.38,26223.63,3335.5,162.0,25896.25,2944.5,108.0,27574.0
2025-04-22 14:00:00+00:00,54908.35,29806.35,3221.5,184.0,21696.5,2811.5,105.25,22851.25
2025-04-22 15:00:00+00:00,54993.82,36327.32,2689.75,164.0,15812.75,2419.0,92.0,15944.0
2025-04-22 16:00:00+00:00,56351.59,45789.84,1876.5,131.75,8553.5,1827.0,73.25,8063.0
2025-04-22 17:00:00+00:00,56313.49,52629.24,1023.5,103.0,2557.75,1379.25,61.0,2363.25
2025-04-22 18:00:00+00:00,55119.68,54117.18,660.0,139.75,202.75,1165.75,59.5,145.5
2025-04-22 19:00:00+00:00,53772.51,52915.01,740.75,94.25,22.5,987.75,59.25,0.0
2025-04-22 20:00:00+00:00,50230.81,49564.06,583.25,68.5,15.0,831.25,64.75,0.0
2025-04-22 21:00:00+00:00,46522.36,45976.36,444.75,95.5,5.75,725.5,82.75,0.0
2025-04-22 22:00:00+00:00,44341.93,43756.93,453.75,127.0,4.25,616.0,92.5,0.0
2025-04-22 23:00:00+00:00,43265.87,42566.87,578.5,116.5,4.0,609.75,102.25,0.0
2025-04-23 00:00:00+00:00,42574.48,41651.48,746.0,172.75,4.25,636.5,107.25,0.0
2025-04-23 01:00:00+00:00,42675.73,41643.48,876.5,151.25,4.5,676.75,103.5,0.0
2025-04-23 02:00:00+00:00,43364.38,42207.13,1027.75,125.25,4.25,749.5,92.5,0.0
2025-04-23 03:00:00+00:00,46727.67,45552.42,1060.25,106.25,8.75,827.0,78.5,6.0
2025-04-23 04:00:00+00:00,52591.58,50145.33,1458.5,122.0,865.75,922.5,71.75,723.5
2025-04-23 05:00:00+00:00,57483.92,49887.42,1741.0,173.25,5682.25,1042.0,65.5,4577.0
2025-04-23 06:00:00+00:00,60630.84,44748.59,1618.25,227.5,14036.5,1043.0,77.5,11131.25
2025-04-23 07:00:00+00:00,61674.68,37659.68,1194.25,349.25,22471.5,864.0,113.25,18337.0
2025-04-23 08:00:00+00:00,61454.47,30775.22,912.25,626.5,29140.5,729.75,169.25,24166.5
2025-04-23 09:00:00+00:00,61446.01,26682.26,976.5,819.25,32968.0,814.75,229.25,27280.75
2025-04-23 10:00:00+00:00,60388.04,24259.54,1233.75,1005.75,33889.0,962.5,313.0,28487.25
2025-04-23 11:00:00+00:00,59620.24,24525.74,1456.5,1003.0,32635.0,1104.75,390.5,28067.75
2025-04-23 12:00:00+00:00,58028.38,25041.63,1776.75,1404.75,29805.25,1357.5,440.75,25688.75
2025-04-23 13:00:00+00:00,57644.21,27960.46,2345.25,1615.0,25723.5,1622.5,474.5,22043.0
2025-04-23 14:00:00+00:00,57093.08,31919.08,3213.5,1351.25,20609.25,2023.0,545.0,16868.5
2025-04-23 15:00:00+00:00,58169.95,37946.45,4578.0,1605.5,14040.0,2759.25,717.5,10953.25
2025-04-23 16:00:00+00:00,58371.04,44097.04,5827.75,1820.25,6626.0,3816.0,960.0,5575.5
2025-04-23 17:00:00+00:00,58368.14,47301.39,7323.25,1910.5,1833.0,5150.75,1243.75,1747.25
2025-04-23 18:00:00+00:00,57442.99,45780.99,9363.5,2175.25,123.25,6664.25,1512.0,117.75
2025-04-23 19:00:00+00:00,55311.28,41812.03,10947.75,2538.5,13.0,7979.25,1675.5,0.0
2025-04-23 20:00:00+00:00,51891.67,37963.92,10843.25,3076.25,8.25,8493.25,1731.0,0.0
2025-04-23 21:00:00+00:00,48057.22,34636.97,10356.5,3055.75,8.0,8399.25,1697.0,0.0
2025-04-23 22:00:00+00:00,45556.23,32617.23,9879.25,3054.75,5.0,9444.0,2317.5,0.0
2025-04-23 23:00:00+00:00,43795.91,31614.16,9501.75,2673.75,6.25,8977.25,2155.25,0.0
2025-04-24 00:00:00+00:00,42691.11,30905.61,9419.75,2360.5,5.25,8612.5,1971.25,0.0
2025-04-24 01:00:00+00:00,42755.95,30969.45,9716.5,2065.5,4.5,8468.25,1822.25,0.0
2025-04-24 02:00:00+00:00,43886.75,32545.5,9394.5,1942.25,4.5,8499.5,1707.25,0.0
2025-04-24 03:00:00+00:00,47436.34,35716.59,9809.25,1898.5,12.0,8631.75,1605.75,9.25
2025-04-24 04:00:00+00:00,54257.43,41967.93,9951.5,1799.5,538.5,8761.75,1494.25,563.75
2025-04-24 05:00:00+00:00,58723.89,44946.14,8582.0,2076.0,3119.75,8061.25,1404.5,2898.75
2025-04-24 06:00:00+00:00,61913.36,46408.36,6418.25,1965.25,7121.5,6582.25,1336.0,6613.5
2025-04-24 07:00:00+00:00,63080.18,44491.93,5262.0,1792.75,11533.5,5425.75,1247.75,10746.75
2025-04-24 08:00:00+00:00,64467.16,41600.41,5249.5,1709.0,15908.25,5155.5,1144.0,14487.5
2025-04-24 09:00:00+00:00,65439.18,39176.68,5446.25,1895.0,18921.25,5261.75,1053.5,17201.25
2025-04-24 10:00:00+00:00,64355.39,36396.64,5279.75,2269.25,20409.75,5451.0,997.25,18616.5
2025-04-24 11:00:00+00:00,63586.43,35513.93,5214.75,2269.0,20588.75,5652.25,1009.0,18659.0
2025-04-24 12:00:00+00:00,62689.65,35937.9,5585.25,2159.25,19007.25,6018.5,1106.0,17523.5
2025-04-24 13:00:00+00:00,60918.57,36133.07,6139.75,1751.75,16894.0,6573.5,1214.75,15423.5
2025-04-24 14:00:00+00:00,60070.42,37596.17,6686.5,1729.0,14058.75,7326.75,1353.5,12309.75
2025-04-24 15:00:00+00:00,60515.62,41477.87,6971.5,1960.0,10106.25,8069.0,1516.5,8621.75
2025-04-24 16:00:00+00:00,61067.24,46286.74,7110.5,2233.5,5436.5,8687.0,1629.75,4710.0
2025-04-24 17:00:00+00:00,60188.68,49339.93,6999.0,2138.25,1711.5,9345.5,1676.5,1598.75
2025-04-24 18:00:00+00:00,58973.44,49082.69,7825.5,1931.25,134.0,10222.75,1711.25,133.75
2025-04-24 19:00:00+00:00,56683.53,46293.78,8390.25,1991.5,8.0,10952.5,1702.0,0.0
2025-04-24 20:00:00+00:00,52687.93,42654.68,8186.25,1838.5,8.5,10795.25,1583.0,0.0
2025-04-24 21:00:00+00:00,48696.95,39526.7,7664.75,1500.25,5.25,10344.5,1397.75,0.0
2025-04-24 22:00:00+00:00,45570.07,37154.32,7156.25,1252.5,7.0,9756.25,1160.25,0.0
2025-04-24 23:00:00+00:00,43661.37,36008.12,6702.0,946.25,5.0,9015.0,980.5,0.0
2025-04-25 00:00:00+00:00,42864.21,35452.21,6428.0,979.0,5.0,8345.0,905.75,0.0
2025-04-25 01:00:00+00:00,43087.64,36296.89,6000.0,785.75,5.0,7869.75,884.5,0.0
2025-04-25 02:00:00+00:00,44490.99,38037.74,5859.75,584.0,9.5,7506.0,829.5,0.0
2025-04-25 03:00:00+00:00,48150.27,42032.77,5589.75,512.0,15.75,7156.25,800.0,5.75
2025-04-25 04:00:00+00:00,54143.73,47938.23,5414.0,379.0,412.5,6835.5,797.0,578.0
2025-04-25 05:00:00+00:00,58914.01,51183.76,4949.75,280.0,2500.5,6167.0,748.75,3255.5
2025-04-25 06:00:00+00:00,62136.12,51799.62,4372.0,202.75,5761.75,5156.75,651.75,7701.0
2025-04-25 07:00:00+00:00,63367.5,49231.75,3922.5,131.5,10081.75,4447.75,535.0,12949.75
2025-04-25 08:00:00+00:00,64347.05,45317.55,3700.25,55.25,15274.0,4116.0,427.5,18287.0
2025-04-25 09:00:00+00:00,63969.16,40480.16,3496.25,47.25,19945.5,4011.25,331.75,22760.5
2025-04-25 10:00:00+00:00,63677.71,35693.71,3632.25,59.25,24292.5,4068.5,258.0,25773.5
2025-04-25 11:00:00+00:00,60547.76,29552.26,3870.75,49.25,27075.5,4292.5,208.5,26879.5
2025-04-25 12:00:00+00:00,57833.67,26777.67,4055.25,27.5,26973.25,4674.25,189.75,26049.25
2025-04-25 13:00:00+00:00,56803.31,27954.81,4160.0,16.75,24671.75,4959.25,181.75,23527.75
2025-04-25 14:00:00+00:00,56176.2,30951.7,4381.25,14.0,20829.25,5182.75,184.75,19218.75
2025-04-25 15:00:00+00:00,56566.59,37204.34,4452.5,38.0,14871.75,5347.0,198.0,13525.25
2025-04-25 16:00:00+00:00,57235.58,44826.08,4238.0,83.0,8088.5,5327.75,210.25,7279.75
2025-04-25 17:00:00+00:00,57405.97,50117.72,4508.75,114.75,2664.75,5522.0,228.75,2338.75
2025-04-25 18:00:00+00:00,56029.7,49744.95,5898.5,143.25,243.0,6664.5,244.75,192.0
2025-04-25 19:00:00+00:00,54218.7,46274.7,7770.0,147.5,26.5,8078.5,243.25,0.0
2025-04-25 20:00:00+00:00,50520.13,41629.38,8779.75,96.75,14.25,8811.5,227.0,0.0
2025-04-25 21:00:00+00:00,46885.4,37338.15,9424.25,109.25,13.75,8940.5,201.75,0.0
2025-04-25 22:00:00+00:00,44222.04,34810.29,9276.75,121.0,14.0,9351.25,216.25,0.0
2025-04-25 23:00:00+00:00,41611.22,32701.97,8749.0,145.0,15.25,8992.75,203.0,0.0
2025-04-26 00:00:00+00:00,40226.0,31456.75,8626.25,129.25,13.75,8657.25,197.75,0.0
2025-04-26 01:00:00+00:00,39974.55,31020.05,8785.25,158.25,11.0,8550.75,199.0,0.0
2025-04-26 02:00:00+00:00,40496.57,31185.57,9141.25,163.25,6.5,8678.0,203.5,0.0
2025-04-26 03:00:00+00:00,41024.5,31361.75,9431.0,216.25,15.5,9049.5,222.5,14.25
2025-04-26 04:00:00+00:00,42309.5,31367.0,9641.5,330.0,971.0,9529.25,262.0,1049.75
2025-04-26 05:00:00+00:00,44748.76,29922.76,8283.0,306.0,6237.0,8868.25,306.75,6124.5
2025-04-26 06:00:00+00:00,48041.55,26831.05,4857.75,332.75,16020.0,6559.5,336.25,15364.0
2025-04-26 07:00:00+00:00,50482.37,19881.37,3519.0,244.0,26838.0,4703.75,351.5,25155.0
2025-04-26 08:00:00+00:00,50489.39,10167.39,3660.0,151.0,36511.0,4813.0,345.75,32980.25
2025-04-26 09:00:00+00:00,49356.06,3252.81,5194.5,136.5,40772.25,5941.0,316.5,37787.75
2025-04-26 10:00:00+00:00,48492.25,-50.0,6316.5,146.0,42079.75,6716.0,321.25,39340.75
2025-04-26 11:00:00+00:00,47141.16,-582.59,6687.5,117.0,40919.25,7171.25,357.5,38369.5
2025-04-26 12:00:00+00:00,45607.32,-805.68,7417.5,167.5,38828.0,7747.0,412.5,35675.75
2025-04-26 13:00:00+00:00,44934.63,2299.13,7528.0,385.5,34722.0,8467.75,472.75,31717.25
2025-04-26 14:00:00+00:00,44720.6,6645.6,8253.75,445.5,29375.75,9265.0,606.5,26068.25
2025-04-26 15:00:00+00:00,45606.06,14237.81,9273.5,548.5,21546.25,10332.75,779.75,18145.25
2025-04-26 16:00:00+00:00,47429.82,24795.57,10834.5,577.5,11222.25,10907.5,854.0,9218.75
2025-04-26 17:00:00+00:00,48261.08,32934.08,11237.75,596.25,3493.0,12213.0,964.75,2785.5
2025-04-26 18:00:00+00:00,47792.38,33018.88,13685.0,782.0,306.5,15282.75,1182.5,241.0
2025-04-26 19:00:00+00:00,47190.0,28191.25,17878.25,1110.75,9.75,18548.5,1568.75,0.0
2025-04-26 20:00:00+00:00,44928.32,22925.57,20155.25,1838.5,9.0,19734.25,1993.0,0.0
2025-04-26 21:00:00+00:00,42008.02,18504.27,21106.25,2389.75,7.75,19882.25,2295.0,0.0
2025-04-26 22:00:00+00:00,39307.74,15267.99,21153.25,2880.0,6.5,20227.5,2405.5,0.0
2025-04-26 23:00:00+00:00,37700.35,13861.85,20643.5,3188.0,7.0,19560.75,2741.5,0.0
2025-04-27 00:00:00+00:00,36478.02,13612.77,19539.0,3319.25,7.0,18573.5,2931.0,0.0
2025-04-27 01:00:00+00:00,36341.66,14398.41,18177.25,3759.75,6.25,17515.25,2951.5,0.0
2025-04-27 02:00:00+00:00,36849.58,16169.58,16465.75,4209.25,5.0,16553.5,2818.25,0.0
2025-04-27 03:00:00+00:00,37128.13,18000.13,15070.5,4035.75,21.75,15759.5,2593.25,21.0
2025-04-27 04:00:00+00:00,37172.64,18407.64,14034.25,3325.75,1405.0,15008.75,2304.75,1305.75
2025-04-27 05:00:00+00:00,39452.41,17954.41,10432.5,2588.25,8477.25,12371.0,1982.0,7417.5
2025-04-27 06:00:00+00:00,42544.01,15361.01,4793.5,1659.5,20730.0,7854.5,1668.5,18545.5
2025-04-27 07:00:00+00:00,44961.92,9399.42,2657.0,1161.25,31744.25,4608.5,1374.75,29619.25
2025-04-27 08:00:00+00:00,45539.98,3383.73,2639.75,317.0,39199.5,3898.75,908.75,37711.25
2025-04-27 09:00:00+00:00,45411.65,8.65,2531.0,191.5,42680.5,3726.25,754.0,42973.25
2025-04-27 10:00:00+00:00,44286.79,-963.21,1549.75,101.0,43599.25,3121.0,635.75,45155.75
2025-04-27 11:00:00+00:00,42642.02,-1631.73,1288.75,189.75,42795.25,2620.0,530.5,44855.75
2025-04-27 12:00:00+00:00,41056.74,-1032.51,1099.75,105.25,40884.25,2454.25,457.0,42265.5
2025-04-27 13:00:00+00:00,40464.16,1681.41,1175.75,153.0,37454.0,2439.75,420.75,37553.0
2025-04-27 14:00:00+00:00,40631.38,5597.13,1860.75,278.75,32894.75,2813.25,365.0,30763.0
2025-04-27 15:00:00+00:00,42862.07,15515.57,2005.0,419.75,24921.75,3118.75,380.25,21266.0
2025-04-27 16:00:00+00:00,45382.46,29355.71,2354.5,383.75,13288.5,3113.25,324.5,10248.25
2025-04-27 17:00:00+00:00,47232.97,40430.22,2507.5,299.5,3995.75,3736.75,278.0,2882.5
2025-04-27 18:00:00+00:00,47651.32,43555.82,3480.5,251.0,364.0,5302.25,262.5,256.0
2025-04-27 19:00:00+00:00,47383.9,42278.4,4835.5,251.25,18.75,6861.5,252.75,0.0
2025-04-27 20:00:00+00:00,45977.55,40025.8,5707.0,230.25,14.5,7510.5,238.75,0.0
2025-04-27 21:00:00+00:00,43276.99,37336.99,5667.5,265.25,7.25,7307.0,222.25,0.0
2025-04-27 22:00:00+00:00,41312.27,35949.02,5008.0,349.25,6.0,5341.5,224.25,0.0
2025-04-27 23:00:00+00:00,39973.02,35744.52,4013.75,209.0,5.75,4563.25,228.25,0.0
2025-04-28 00:00:00+00:00,39242.02,36239.77,2859.0,137.5,5.75,3790.5,258.0,0.0
2025-04-28 01:00:00+00:00,39584.57,37220.57,2265.5,93.5,5.0,3157.5,309.0,0.0
2025-04-28 02:00:00+00:00,41338.27,39281.27,1942.75,109.0,5.25,2626.75,337.5,0.0
2025-04-28 03:00:00+00:00,45474.68,43604.68,1662.75,183.5,23.75,2152.75,330.25,22.25
2025-04-28 04:00:00+00:00,52810.54,49710.04,1385.0,247.5,1468.0,1731.75,311.0,1423.75
2025-04-28 05:00:00+00:00,57841.68,47902.93,1125.5,293.75,8519.5,1294.5,298.25,7742.25
2025-04-28 06:00:00+00:00,60828.86,39283.61,534.25,316.5,20694.5,801.5,290.25,19149.0
2025-04-28 07:00:00+00:00,58961.78,26213.03,205.5,318.25,32225.0,377.75,290.25,30815.25
2025-04-28 08:00:00+00:00,58413.15,16279.65,199.5,381.5,41552.5,210.75,330.25,39754.75
2025-04-28 09:00:00+00:00,56828.98,9205.98,312.0,421.75,46889.25,248.75,404.5,45551.0
2025-04-28 10:00:00+00:00,55945.35,6157.35,497.25,632.5,48658.25,333.5,498.25,48473.5
2025-04-28 11:00:00+00:00,55226.26,5768.01,630.5,850.0,47977.75,469.25,614.75,48632.5
2025-04-28 12:00:00+00:00,53828.1,6486.6,819.25,933.75,45588.5,696.0,746.5,46101.75
2025-04-28 13:00:00+00:00,53137.41,8570.91,1099.75,945.0,42521.75,941.25,896.0,40887.0
2025-04-28 14:00:00+00:00,53161.47,14457.47,1407.75,1055.5,36240.75,1221.0,1066.5,33210.5
2025-04-28 15:00:00+00:00,53982.51,25706.76,1790.75,982.25,25502.75,1536.0,1196.25,22859.5
2025-04-28 16:00:00+00:00,56261.5,40355.25,2107.25,878.0,12921.0,1875.0,1241.5,11375.25
2025-04-28 17:00:00+00:00,57887.39,50590.14,2382.0,1066.5,3848.75,2450.75,1253.0,3281.5
2025-04-28 18:00:00+00:00,57038.42,52486.42,3151.25,1002.0,398.75,3390.25,1271.5,274.0
2025-04-28 19:00:00+00:00,55118.87,49801.37,4152.5,1138.0,27.0,4196.25,1349.75,0.0
2025-04-28 20:00:00+00:00,51967.21,46138.96,4439.25,1380.0,9.0,4490.5,1490.75,0.0
2025-04-28 21:00:00+00:00,48507.44,42396.19,4360.75,1744.5,6.0,4511.0,1606.0,0.0
2025-04-28 22:00:00+00:00,45752.66,39772.16,4180.75,1793.5,6.25,4021.5,1701.0,0.0
2025-04-28 23:00:00+00:00,44143.64,38258.39,4128.25,1752.0,5.0,3933.5,1702.0,0.0
2025-04-29 00:00:00+00:00,42711.54,37168.54,4086.0,1451.5,5.5,3926.0,1686.5,0.0
2025-04-29 01:00:00+00:00,42548.06,37006.06,4114.25,1421.75,6.0,4025.5,1662.5,0.0
2025-04-29 02:00:00+00:00,44241.5,38548.25,4140.5,1546.75,6.0,4176.0,1636.25,0.0
2025-04-29 03:00:00+00:00,48871.72,42834.47,4578.25,1432.0,27.0,4373.0,1604.5,26.75
2025-04-29 04:00:00+00:00,55805.28,47910.53,4959.5,1465.25,1470.0,4507.25,1524.25,1498.5
2025-04-29 05:00:00+00:00,60691.71,46260.46,4717.5,1447.75,8266.0,4172.25,1375.0,7745.25
2025-04-29 06:00:00+00:00,62693.03,38571.78,3015.5,1215.5,19890.25,3156.0,1178.25,18727.0
2025-04-29 07:00:00+00:00,61159.68,27430.43,1631.75,915.5,31182.0,1955.0,979.25,29677.0
2025-04-29 08:00:00+00:00,58462.18,17180.93,1399.75,314.25,39567.25,1522.75,842.0,37810.25
2025-04-29 09:00:00+00:00,57625.45,10924.2,1546.5,352.75,44802.0,1666.5,777.25,42684.5
2025-04-29 10:00:00+00:00,56686.29,7761.54,1642.75,544.75,46737.25,1869.0,771.0,44459.0
2025-04-29 11:00:00+00:00,56000.39,6879.64,1658.75,500.25,46961.75,2185.25,804.0,44098.0
2025-04-29 12:00:00+00:00,54533.21,6128.71,2144.25,457.5,45802.75,2588.0,813.25,41895.75
2025-04-29 13:00:00+00:00,53729.35,8380.85,2823.5,382.75,42142.25,2940.75,793.5,37935.5
2025-04-29 14:00:00+00:00,52753.33,14323.08,2835.25,451.75,35143.25,3240.0,772.0,31664.75
2025-04-29 15:00:00+00:00,54810.82,25606.32,3570.25,513.5,25120.75,3469.5,749.75,22004.75
2025-04-29 16:00:00+00:00,56484.01,39396.76,3550.5,490.75,13046.0,3681.75,702.75,11033.5
2025-04-29 17:00:00+00:00,57641.39,49573.64,3625.5,421.5,4020.75,4160.0,631.5,3230.75
2025-04-29 18:00:00+00:00,56428.23,51294.98,4402.0,312.75,418.5,5183.75,554.5,294.75
2025-04-29 19:00:00+00:00,54812.42,48770.17,5659.5,351.75,31.0,6131.5,498.5,0.75
2025-04-29 20:00:00+00:00,50856.4,43853.15,6601.25,382.5,19.5,6448.0,471.25,0.0
2025-04-29 21:00:00+00:00,47321.46,40025.71,6848.5,442.0,5.25,6212.0,455.25,0.0
2025-04-29 22:00:00+00:00,43903.91,37147.16,6390.25,355.5,11.0,5751.5,527.0,0.0
2025-04-29 23:00:00+00:00,42106.2,36453.2,5460.5,181.5,11.0,4988.25,548.5,0.0
2025-04-30 00:00:00+00:00,40918.28,36274.03,4440.5,192.75,11.0,4186.5,607.25,0.0
2025-04-30 01:00:00+00:00,41318.65,37283.15,3600.75,423.75,11.0,3553.75,696.75,0.0
2025-04-30 02:00:00+00:00,42877.32,39369.82,2921.75,574.75,11.0,3052.5,788.0,0.0
2025-04-30 03:00:00+00:00,46855.71,43800.71,2454.0,564.75,36.25,2640.75,860.0,41.75
2025-04-30 04:00:00+00:00,53597.01,48978.51,2312.25,743.5,1562.75,2235.25,914.75,1599.75
2025-04-30 05:00:00+00:00,58256.29,47115.79,1926.5,858.5,8355.5,1786.0,954.0,7780.0
2025-04-30 06:00:00+00:00,60368.37,38712.87,1157.5,661.25,19836.75,1165.25,975.5,18540.75
2025-04-30 07:00:00+00:00,59604.06,27760.31,440.75,759.5,30643.5,645.75,990.25,29502.75
2025-04-30 08:00:00+00:00,58293.93,18346.68,410.25,164.25,39372.75,521.75,990.0,37576.0
2025-04-30 09:00:00+00:00,56977.69,10802.69,631.0,439.0,45105.0,734.0,979.25,42415.75
2025-04-30 10:00:00+00:00,55843.03,7043.53,926.25,310.0,47563.25,1041.0,984.75,44539.5
2025-04-30 11:00:00+00:00,55467.51,6080.76,1088.75,781.75,47516.25,1296.5,1017.0,44421.25
2025-04-30 12:00:00+00:00,54478.55,7185.55,1124.0,869.25,45299.75,1585.75,1066.0,42225.0
2025-04-30 13:00:00+00:00,53425.88,9580.38,1244.75,834.25,41766.5,1796.75,1088.75,38108.0
2025-04-30 14:00:00+00:00,53251.1,15452.35,1309.0,892.5,35597.25,1881.25,1058.0,31739.5
2025-04-30 15:00:00+00:00,53794.24,25970.99,1458.75,860.5,25504.0,1833.0,969.5,22198.75
2025-04-30 16:00:00+00:00,54911.16,39605.16,1389.0,712.0,13205.0,1701.5,806.5,11322.0
2025-04-30 17:00:00+00:00,55967.54,49823.54,1452.75,589.75,4101.5,1811.5,632.75,3358.25
2025-04-30 18:00:00+00:00,54761.74,51709.99,2116.25,505.5,430.0,2393.75,499.0,329.5
2025-04-30 19:00:00+00:00,52963.59,49179.09,3174.5,577.75,32.25,2991.0,402.5,0.75
2025-04-30 20:00:00+00:00,49310.77,44456.02,4129.5,701.25,24.0,3245.0,329.0,0.0
2025-04-30 21:00:00+00:00,45119.88,39915.13,4626.0,567.5,11.25,3243.75,260.75,0.0
2025-04-30 22:00:00+00:00,41633.76,36669.26,4529.25,429.0,6.25,3448.5,326.5,0.0
2025-04-30 23:00:00+00:00,39763.11,34969.36,4393.25,390.75,9.75,3213.75,249.5,0.0
2025-05-01 00:00:00+00:00,38419.22,33991.47,3990.0,424.25,13.5,2883.0,210.25,0.0
2025-05-01 01:00:00+00:00,37602.07,33704.07,3575.0,317.0,6.0,2566.75,193.75,0.0
2025-05-01 02:00:00+00:00,37334.29,33768.54,3318.5,241.5,5.75,2286.25,201.75,0.0
2025-05-01 03:00:00+00:00,36929.27,33380.52,3310.0,197.25,41.5,2086.0,258.75,42.75
2025-05-01 04:00:00+00:00,37000.35,31423.6,3578.5,254.75,1743.5,1961.5,341.5,1764.25
2025-05-01 05:00:00+00:00,38910.64,26061.39,3527.5,373.5,8948.25,1811.75,429.75,8554.5
2025-05-01 06:00:00+00:00,42361.03,18882.03,2471.25,478.25,20529.5,1395.75,520.75,20004.5
2025-05-01 07:00:00+00:00,44641.22,11112.22,958.25,548.75,32022.0,787.75,576.5,31040.5
2025-05-01 08:00:00+00:00,44671.15,3985.65,724.75,277.0,39683.75,415.0,466.75,38521.75
2025-05-01 09:00:00+00:00,44269.4,-380.35,727.75,229.25,43692.75,416.25,407.0,42730.5
2025-05-01 10:00:00+00:00,42841.05,-3416.45,769.5,84.75,45403.25,470.5,335.0,44093.25
2025-05-01 11:00:00+00:00,41544.1,-3815.15,690.25,48.75,44620.25,525.5,266.25,43831.75
2025-05-01 12:00:00+00:00,39815.77,-2873.73,720.5,29.5,41939.5,610.5,213.25,41892.0
2025-05-01 13:00:00+00:00,39210.9,-1824.35,911.0,57.5,40066.75,693.5,199.25,37884.5
2025-05-01 14:00:00+00:00,39501.26,3625.76,1169.0,86.75,34619.75,781.5,216.5,32037.0
2025-05-01 15:00:00+00:00,41301.17,13902.92,1210.5,256.25,25931.5,865.5,330.0,23089.5
2025-05-01 16:00:00+00:00,43551.73,28358.23,1306.25,354.75,13532.5,1083.0,409.5,11812.5
2025-05-01 17:00:00+00:00,45308.07,39041.32,1571.75,526.75,4168.25,1724.0,520.75,3585.75
2025-05-01 18:00:00+00:00,45461.66,41850.41,2485.0,678.75,447.5,2973.0,658.0,384.5
2025-05-01 19:00:00+00:00,45806.18,40605.68,4424.0,755.25,21.25,4628.75,800.25,2.25
2025-05-01 20:00:00+00:00,44160.44,36409.69,6862.0,876.5,12.25,6440.0,975.75,0.0
2025-05-01 21:00:00+00:00,41581.06,32102.06,8177.75,1293.25,8.0,8306.0,1238.5,0.0
2025-05-01 22:00:00+00:00,39564.02,28748.52,8926.25,1881.0,8.25,10557.0,1703.25,0.0
2025-05-01 23:00:00+00:00,37899.77,25783.02,9666.5,2443.5,6.75,11632.5,2110.5,0.0
2025-05-02 00:00:00+00:00,37488.61,24298.36,10322.0,2862.75,5.5,12522.5,2458.5,0.0
2025-05-02 01:00:00+00:00,37292.04,23113.04,11188.0,2985.25,5.75,13272.0,2737.0,0.0
2025-05-02 02:00:00+00:00,38350.37,24140.12,11156.5,3047.75,6.0,13590.0,2877.25,0.0
2025-05-02 03:00:00+00:00,41143.78,26537.03,11113.75,3450.5,42.5,13473.0,2778.75,43.25
2025-05-02 04:00:00+00:00,46133.92,29320.17,10975.5,4082.25,1756.0,13165.75,2477.5,1659.25
2025-05-02 05:00:00+00:00,49967.35,28183.1,10191.25,3175.5,8417.5,11810.75,2006.75,7563.0
2025-05-02 06:00:00+00:00,52701.1,22928.6,8500.25,2030.25,19242.0,9094.5,1583.0,17461.75
2025-05-02 07:00:00+00:00,52067.63,16791.63,5032.75,928.25,29315.0,5922.0,1399.0,27703.5
2025-05-02 08:00:00+00:00,51832.52,10206.52,3546.75,747.25,37332.0,4305.25,1378.25,35157.25
2025-05-02 09:00:00+00:00,51895.54,4802.04,3672.75,908.5,42512.25,4595.25,1374.75,39537.0
2025-05-02 10:00:00+00:00,52405.23,2158.23,5695.0,1161.0,43391.0,5805.75,1438.0,41253.25
2025-05-02 11:00:00+00:00,50875.0,-674.5,8927.5,1136.0,41486.0,7800.5,1446.5,40119.0
2025-05-02 12:00:00+00:00,49287.72,-590.28,11331.5,1142.25,37404.25,9366.25,1295.0,37358.75
2025-05-02 13:00:00+00:00,49171.12,3213.12,11559.0,1248.25,33150.75,9948.25,1185.75,33272.75
2025-05-02 14:00:00+00:00,49223.0,8072.5,11348.75,1364.0,28437.75,9769.0,1172.0,27324.5
2025-05-02 15:00:00+00:00,50668.64,17814.89,11149.75,1298.5,20405.5,8898.5,1189.0,19299.75
2025-05-02 16:00:00+00:00,51553.51,29457.01,10325.25,1121.5,10649.75,7604.0,1215.5,9968.0
2025-05-02 17:00:00+00:00,51838.18,38498.18,8774.0,929.75,3636.25,7033.75,1248.75,3366.75
2025-05-02 18:00:00+00:00,50240.51,41324.51,7561.5,894.0,460.5,7128.75,1275.25,452.75
2025-05-02 19:00:00+00:00,48998.95,41638.95,6171.0,1148.75,40.25,7544.75,1329.25,2.25
2025-05-02 20:00:00+00:00,46539.95,39449.45,5648.0,1429.25,13.25,7642.25,1412.75,0.0
2025-05-02 21:00:00+00:00,43262.2,35886.45,5707.5,1658.0,10.25,7465.0,1481.0,0.0
2025-05-02 22:00:00+00:00,41423.47,33408.97,6179.25,1824.5,10.75,5998.25,1149.75,0.0
2025-05-02 23:00:00+00:00,39426.85,31471.85,6164.0,1785.25,5.75,5832.0,1104.0,0.0
2025-05-03 00:00:00+00:00,37945.99,30178.74,6192.0,1569.5,5.75,5563.75,1054.25,0.0
2025-05-03 01:00:00+00:00,37342.78,29741.53,6200.0,1396.0,5.25,5440.75,998.25,0.0
2025-05-03 02:00:00+00:00,37010.69,29149.69,6647.75,1207.25,6.0,5452.25,964.75,0.0
2025-05-03 03:00:00+00:00,38167.24,29434.49,7537.75,1146.25,48.75,5496.25,973.25,55.25
2025-05-03 04:00:00+00:00,39690.39,28739.89,8004.0,1275.0,1671.5,5390.75,981.75,1613.75
2025-05-03 05:00:00+00:00,41670.2,26229.2,7358.0,1361.5,6721.5,5017.75,1021.25,6742.25
2025-05-03 06:00:00+00:00,45329.24,24005.74,6336.0,1333.0,13654.5,4516.5,1143.0,14334.5
2025-05-03 07:00:00+00:00,48794.43,22217.43,5838.5,1646.75,19091.75,4239.0,1353.75,21743.0
2025-05-03 08:00:00+00:00,50304.02,19912.52,5429.75,2032.25,22929.5,4216.0,1603.5,27305.25
2025-05-03 09:00:00+00:00,50555.36,17441.86,5032.75,2112.75,25968.0,4383.25,1873.75,30559.75
2025-05-03 10:00:00+00:00,49588.16,14807.66,4605.0,2063.25,28112.25,4916.0,2228.25,31879.25
2025-05-03 11:00:00+00:00,47634.42,12241.17,4748.25,2100.5,28544.5,6115.75,2601.25,31178.5
2025-05-03 12:00:00+00:00,46029.85,9790.35,5742.5,2471.75,28025.25,7691.75,2938.0,28173.5
2025-05-03 13:00:00+00:00,45105.55,10106.05,7657.75,2453.0,24888.75,9629.5,3141.0,24033.75
2025-05-03 14:00:00+00:00,45359.35,12531.6,9806.0,2924.5,20097.25,11728.5,3556.75,18596.75
2025-05-03 15:00:00+00:00,46296.22,17135.97,11550.25,3366.25,14243.75,13542.5,3996.5,12659.75
2025-05-03 16:00:00+00:00,47780.13,23419.38,12618.5,3954.25,7788.0,14593.5,4211.75,7059.5
2025-05-03 17:00:00+00:00,48044.26,27679.26,12560.5,5269.25,2535.25,15246.75,4488.75,2640.75
2025-05-03 18:00:00+00:00,46680.23,27102.98,13590.5,5700.5,286.25,15911.0,4581.0,373.0
2025-05-03 19:00:00+00:00,45611.14,24944.64,14908.25,5732.75,25.5,16850.25,4757.0,7.75
2025-05-03 20:00:00+00:00,43445.03,21847.03,15799.5,5777.5,21.0,17424.0,4923.5,0.0
2025-05-03 21:00:00+00:00,41291.1,17750.85,18086.75,5438.5,15.0,18381.5,5118.75,0.0
2025-05-03 22:00:00+00:00,39324.03,13435.78,19830.25,6040.5,17.5,19531.75,5023.0,0.0
2025-05-03 23:00:00+00:00,37649.45,11132.45,20316.75,6188.0,12.25,20514.25,5324.0,0.0
2025-05-04 00:00:00+00:00,37063.02,9339.52,21336.75,6375.25,11.5,20944.25,5447.5,0.0
2025-05-04 01:00:00+00:00,36541.15,8290.15,22071.25,6170.0,9.75,21048.0,5472.75,0.0
2025-05-04 02:00:00+00:00,37169.72,9008.47,21859.0,6292.75,9.5,20961.5,5455.5,0.0
2025-05-04 03:00:00+00:00,37421.12,9667.37,21833.5,5868.5,51.75,20581.0,5414.75,53.0
2025-05-04 04:00:00+00:00,37293.32,9787.32,20993.75,5276.5,1235.75,20296.5,5320.5,1285.0
2025-05-04 05:00:00+00:00,39404.53,9963.03,18775.5,5200.75,5465.25,19835.25,5262.75,5138.75
2025-05-04 06:00:00+00:00,43237.7,8942.2,17944.25,5190.0,11161.25,19685.25,5118.0,10719.5
2025-05-04 07:00:00+00:00,46273.85,6608.85,17984.75,5952.75,15727.5,19448.0,4677.0,16205.0
2025-05-04 08:00:00+00:00,48951.0,8212.75,17144.25,5166.25,18427.75,18379.0,3718.0,20518.5
2025-05-04 09:00:00+00:00,50287.23,8086.98,16156.5,4714.75,21329.0,17271.0,3545.25,23874.25
2025-05-04 10:00:00+00:00,49769.0,6767.5,14985.25,4203.5,23812.75,16020.75,3346.25,25833.25
2025-05-04 11:00:00+00:00,47910.31,7146.81,12671.25,3039.75,25052.5,14668.0,3034.75,26491.25
2025-05-04 12:00:00+00:00,45881.88,7670.13,11444.25,2380.5,24387.0,13590.5,2729.75,26139.25
2025-05-04 13:00:00+00:00,44842.23,8961.73,11250.75,2424.5,22205.25,12312.25,2667.0,24154.0
2025-05-04 14:00:00+00:00,44706.69,12620.44,10226.75,2538.5,19321.0,11159.75,2689.75,20027.5
2025-05-04 15:00:00+00:00,46134.83,18921.58,9448.25,3115.25,14649.75,10392.0,3180.5,14442.5
2025-05-04 16:00:00+00:00,46930.37,28147.12,8106.25,2485.75,8191.25,9560.0,3017.75,8051.0
2025-05-04 17:00:00+00:00,47402.04,35297.79,7139.75,1879.5,3085.0,8888.0,2903.75,2982.25
2025-05-04 18:00:00+00:00,46824.82,38516.82,6455.5,1449.25,403.25,8923.0,2965.0,427.75
2025-05-04 19:00:00+00:00,46184.5,37529.75,7185.75,1449.5,19.5,9569.25,3207.25,6.75
2025-05-04 20:00:00+00:00,44840.94,34376.44,8258.75,2195.25,10.5,9961.5,3535.25,0.0
2025-05-04 21:00:00+00:00,41726.42,30133.92,8469.0,3112.75,10.75,10172.25,3822.0,0.0
2025-05-04 22:00:00+00:00,39330.2,26300.2,9015.75,4007.75,6.5,9974.75,3716.75,0.0
2025-05-04 23:00:00+00:00,38437.13,24234.13,9437.25,4760.0,5.75,10081.5,3916.5,0.0
2025-05-05 00:00:00+00:00,38239.23,23771.48,9886.5,4576.25,5.0,10275.75,3852.0,0.0
2025-05-05 01:00:00+00:00,38594.37,23775.87,10518.75,4293.75,6.0,10606.0,3639.25,0.0
2025-05-05 02:00:00+00:00,40039.49,24857.74,11378.75,3797.0,6.0,10964.25,3528.0,0.0
2025-05-05 03:00:00+00:00,44150.0,28948.25,11731.75,3410.75,59.25,11343.0,3362.5,61.0
2025-05-05 04:00:00+00:00,52037.4,36043.9,11537.25,3033.25,1423.0,11440.25,3078.5,1478.25
2025-05-05 05:00:00+00:00,56887.97,37443.22,10061.5,3226.0,6157.25,10354.5,2687.25,6127.75
2025-05-05 06:00:00+00:00,60298.59,34823.09,8794.75,3288.0,13392.75,8814.25,2352.5,13599.75
2025-05-05 07:00:00+00:00,60382.71,26575.21,9673.0,3048.0,21086.5,8945.75,1836.25,21126.5
2025-05-05 08:00:00+00:00,60582.99,20286.74,10496.5,2584.5,27215.25,9908.75,1586.75,26222.5
2025-05-05 09:00:00+00:00,60655.01,18298.26,10656.75,1910.5,29789.5,10563.0,1333.5,28657.75
2025-05-05 10:00:00+00:00,60544.98,17741.98,10349.0,1261.0,31193.0,10440.75,1143.75,29290.5
2025-05-05 11:00:00+00:00,59894.5,18149.75,9976.25,1115.0,30653.5,9990.25,980.0,28747.0
2025-05-05 12:00:00+00:00,58129.96,19071.96,9490.0,1150.5,28417.5,9554.0,922.0,27194.25
2025-05-05 13:00:00+00:00,57039.42,21941.42,8986.5,1228.0,24883.5,9179.5,953.0,24410.0
2025-05-05 14:00:00+00:00,56793.17,26629.67,8849.25,1128.5,20185.75,9007.75,1050.25,20151.5
2025-05-05 15:00:00+00:00,57504.98,32174.48,8966.25,1845.75,14518.5,9020.75,1225.5,14597.0
2025-05-05 16:00:00+00:00,58736.08,39280.33,9063.25,1913.75,8478.75,9108.5,1447.5,8233.0
2025-05-05 17:00:00+00:00,58569.75,44560.75,8827.5,1790.25,3391.25,9208.75,1720.25,3081.0
2025-05-05 18:00:00+00:00,56960.96,45607.21,8881.5,1946.25,526.0,9801.75,1977.25,492.25
2025-05-05 19:00:00+00:00,55222.99,42591.74,10311.25,2297.0,23.0,10940.25,2092.75,9.5
2025-05-05 20:00:00+00:00,51606.94,37872.94,11017.0,2709.5,7.5,11360.5,2168.0,0.0
2025-05-05 21:00:00+00:00,47826.69,33988.19,11115.25,2717.0,6.25,11109.75,2283.5,0.0
2025-05-05 22:00:00+00:00,44737.04,31061.54,10780.75,2888.75,6.0,9854.0,2021.0,0.0
2025-05-05 23:00:00+00:00,43257.73,30406.48,10065.25,2780.0,6.0,9104.5,2180.5,0.0
2025-05-06 00:00:00+00:00,42678.76,30434.26,9439.25,2799.25,6.0,8468.5,2347.75,0.0
2025-05-06 01:00:00+00:00,42767.02,30816.02,8896.75,3048.25,6.0,8137.75,2551.5,0.0
2025-05-06 02:00:00+00:00,44149.08,32123.58,8428.5,3591.0,6.0,8041.0,2848.25,0.0
2025-05-06 03:00:00+00:00,48127.53,35842.03,8536.0,3669.5,80.0,8072.25,3191.25,86.25
2025-05-06 04:00:00+00:00,54766.3,40491.55,8358.75,4008.5,1907.5,8084.0,3511.5,1817.5
2025-05-06 05:00:00+00:00,59752.05,39567.3,7413.5,4472.0,8299.25,7562.5,3804.75,7554.5
2025-05-06 06:00:00+00:00,61625.51,32999.76,6096.5,4252.0,18277.25,6738.5,3883.0,16415.75
2025-05-06 07:00:00+00:00,61418.86,22572.11,6648.75,4071.0,28127.0,6752.5,3716.25,24875.0
2025-05-06 08:00:00+00:00,61362.38,15321.63,8098.75,3870.75,34071.25,7552.0,3470.75,30989.25
2025-05-06 09:00:00+00:00,61247.01,11732.01,9188.0,3365.75,36961.25,8003.75,3217.25,34460.5
2025-05-06 10:00:00+00:00,59725.9,8573.65,8578.25,3004.0,39570.0,7940.5,3007.75,35697.75
2025-05-06 11:00:00+00:00,57753.79,6674.04,7832.25,2705.25,40542.25,7750.0,2912.25,35344.5
2025-05-06 12:00:00+00:00,56124.06,5927.81,7966.75,2939.75,39289.75,7605.25,2936.5,33413.25
2025-05-06 13:00:00+00:00,55739.47,8880.72,8487.5,3402.5,34968.75,7682.0,3069.0,29801.25
2025-05-06 14:00:00+00:00,55030.24,13240.74,9553.25,3631.75,28604.5,7951.5,3282.75,24194.5
2025-05-06 15:00:00+00:00,55872.13,21169.88,10259.0,3910.0,20533.25,8177.75,3591.5,16838.5
2025-05-06 16:00:00+00:00,56712.01,31643.01,10090.75,3673.5,11304.75,8017.5,3575.0,9208.0
2025-05-06 17:00:00+00:00,56791.09,39883.34,9242.75,3538.75,4126.25,7573.0,3448.75,3369.75
2025-05-06 18:00:00+00:00,55577.56,43577.31,8035.75,3337.25,627.25,7526.75,3393.0,550.5
2025-05-06 19:00:00+00:00,54590.44,43371.19,7999.5,3190.5,29.25,7886.0,3441.5,8.0
2025-05-06 20:00:00+00:00,50897.92,39815.67,8189.5,2882.0,10.75,7838.25,3404.0,0.0
2025-05-06 21:00:00+00:00,47182.3,36475.8,8198.75,2501.0,6.75,7418.75,3161.5,0.0
2025-05-06 22:00:00+00:00,44302.07,34387.82,7773.5,2133.75,7.0,7168.25,2491.75,0.0
2025-05-06 23:00:00+00:00,42846.42,33775.67,7105.0,1959.75,6.0,6479.25,2014.75,0.0
2025-05-07 00:00:00+00:00,42367.31,34201.31,6408.5,1751.5,6.0,5906.0,1630.75,0.0
2025-05-07 01:00:00+00:00,42392.78,34599.53,6261.25,1526.0,6.0,5539.5,1410.75,0.0
2025-05-07 02:00:00+00:00,43406.34,35236.59,6691.0,1472.75,6.0,5328.75,1300.5,0.0
2025-05-07 03:00:00+00:00,47176.47,38898.72,6728.0,1457.5,92.25,5235.5,1237.5,107.25
2025-05-07 04:00:00+00:00,53738.48,43720.98,6418.25,1446.25,2153.0,5034.25,1151.75,1961.25
2025-05-07 05:00:00+00:00,58377.71,43737.96,4965.5,1270.0,8404.25,4261.75,1038.75,7453.0
2025-05-07 06:00:00+00:00,61021.45,39011.2,2701.75,1145.75,18162.75,3036.75,907.25,15834.5
2025-05-07 07:00:00+00:00,61802.67,29998.42,2471.75,810.75,28521.75,2512.5,772.75,24202.5
2025-05-07 08:00:00+00:00,60554.05,21587.3,3096.5,648.25,35222.0,3160.5,638.5,29868.5
2025-05-07 09:00:00+00:00,60527.9,17493.65,4335.75,609.25,38089.25,4159.25,522.25,32631.5
2025-05-07 10:00:00+00:00,59316.16,14840.16,5479.0,507.0,38490.0,5136.0,451.0,33274.75
2025-05-07 11:00:00+00:00,58439.57,14729.32,6303.5,381.25,37025.5,5857.0,410.25,32145.5
2025-05-07 12:00:00+00:00,57367.18,15697.43,6926.5,355.0,34388.25,6272.5,402.0,29509.0
2025-05-07 13:00:00+00:00,56686.51,18227.76,7431.25,440.75,30586.75,6628.5,457.5,25450.0
2025-05-07 14:00:00+00:00,56140.77,23019.02,8180.0,477.0,24464.75,7128.0,598.75,20229.75
2025-05-07 15:00:00+00:00,57113.33,30432.58,9045.75,480.5,17154.5,7702.25,822.5,14336.5
2025-05-07 16:00:00+00:00,58213.05,38293.05,9467.25,635.75,9817.0,8235.25,1092.5,8291.75
2025-05-07 17:00:00+00:00,58196.89,44084.39,9319.5,935.25,3857.75,8663.5,1345.5,3338.0
2025-05-07 18:00:00+00:00,56469.35,45350.1,8929.25,1559.75,630.25,9610.5,1514.75,564.5
2025-05-07 19:00:00+00:00,55209.79,43333.54,10079.25,1766.0,31.0,11035.25,1597.75,11.0
2025-05-07 20:00:00+00:00,51224.42,38501.17,11238.0,1477.5,7.75,11706.0,1539.0,0.0
2025-05-07 21:00:00+00:00,47511.89,34519.39,11757.0,1229.5,6.0,11677.75,1391.5,0.0
2025-05-07 22:00:00+00:00,44539.57,32031.32,11499.5,1002.75,6.0,11567.25,1119.0,0.0
2025-05-07 23:00:00+00:00,42846.2,31278.2,10800.0,761.5,6.5,10692.5,926.0,0.0
2025-05-08 00:00:00+00:00,42013.64,31442.89,9869.0,695.75,6.0,9912.75,751.75,0.0
2025-05-08 01:00:00+00:00,42145.81,32395.31,9105.5,637.5,7.5,9092.5,607.75,0.0
2025-05-08 02:00:00+00:00,43111.63,33885.13,8530.0,690.5,6.0,8339.75,488.0,0.0
2025-05-08 03:00:00+00:00,46507.76,38156.26,7662.25,593.0,96.25,7754.75,395.75,122.25
2025-05-08 04:00:00+00:00,53153.08,43875.83,6967.75,483.75,1825.75,7215.5,345.75,1952.0
2025-05-08 05:00:00+00:00,57853.58,44872.83,5509.25,294.5,7177.0,5947.75,332.75,7138.75
2025-05-08 06:00:00+00:00,60752.15,41052.4,3165.75,293.5,16240.5,3896.25,314.5,14938.0
2025-05-08 07:00:00+00:00,61223.07,30922.07,3178.0,306.0,26817.0,3082.0,281.5,23322.75
2025-05-08 08:00:00+00:00,59938.9,18612.9,5410.25,323.25,35592.5,4087.0,232.0,29562.75
2025-05-08 09:00:00+00:00,58857.4,12432.4,6652.0,450.0,39323.0,5348.75,185.0,32203.5
2025-05-08 10:00:00+00:00,57680.56,12316.56,6663.5,520.25,38180.25,6144.25,164.25,32195.75
2025-05-08 11:00:00+00:00,56838.62,14500.87,6710.5,559.25,35068.0,6439.75,164.5,30605.0
2025-05-08 12:00:00+00:00,56295.88,17473.88,6892.25,552.25,31377.5,6537.5,173.0,28267.25
2025-05-08 13:00:00+00:00,55701.92,20907.67,7295.75,522.0,26976.5,6739.0,192.75,25094.5
2025-05-08 14:00:00+00:00,55971.96,25738.46,7778.25,488.5,21966.75,7029.0,220.5,20702.0
2025-05-08 15:00:00+00:00,56657.05,32040.55,7978.75,510.25,16127.5,7317.25,268.75,15206.0
2025-05-08 16:00:00+00:00,57625.63,39264.88,7886.25,648.5,9826.0,7386.25,319.75,9128.0
2025-05-08 17:00:00+00:00,57267.57,45212.32,7295.5,777.0,3982.75,7280.75,357.5,3741.0
2025-05-08 18:00:00+00:00,56398.59,48174.09,6704.5,861.25,658.75,7719.75,386.75,651.5
2025-05-08 19:00:00+00:00,54614.83,46264.08,7422.0,890.75,38.0,8660.25,414.5,11.75
2025-05-08 20:00:00+00:00,50929.47,41990.22,8060.75,868.5,10.0,9004.75,414.5,0.0
2025-05-08 21:00:00+00:00,47233.64,38486.64,7994.25,745.5,7.25,8618.5,383.75,0.0
2025-05-08 22:00:00+00:00,44448.41,36419.16,7472.75,550.5,6.0,8032.25,472.75,0.0
2025-05-08 23:00:00+00:00,42688.07,35383.82,6756.75,541.5,6.0,7229.25,387.0,0.0
2025-05-09 00:00:00+00:00,42070.01,35459.26,6151.25,453.5,6.0,6502.25,308.25,0.0
2025-05-09 01:00:00+00:00,42468.66,36432.66,5659.25,370.5,6.25,5902.5,245.0,0.0
2025-05-09 02:00:00+00:00,43748.35,38211.35,5235.0,294.0,8.0,5440.25,200.75,0.0
2025-05-09 03:00:00+00:00,47378.33,42152.83,4810.25,283.25,132.0,5189.25,175.25,144.0
2025-05-09 04:00:00+00:00,53742.91,46338.66,4592.0,266.75,2545.5,4991.5,154.0,2364.25
2025-05-09 05:00:00+00:00,58073.16,43668.41,3803.75,285.0,10316.0,4380.75,149.75,9375.25
2025-05-09 06:00:00+00:00,60770.76,35815.76,2185.0,379.75,22390.25,3176.25,166.0,20394.75
2025-05-09 07:00:00+00:00,59767.82,23419.57,2303.0,406.25,33639.0,2792.75,189.75,31223.0
2025-05-09 08:00:00+00:00,58204.76,11512.26,3934.75,371.0,42386.75,3404.0,223.0,38893.0
2025-05-09 09:00:00+00:00,57492.02,5472.27,4334.0,410.0,47275.75,3956.0,272.0,42764.75
2025-05-09 10:00:00+00:00,56838.19,3537.19,4327.5,586.0,48387.5,4284.0,350.5,42869.5
2025-05-09 11:00:00+00:00,55577.84,3740.09,4273.5,834.0,46730.25,4573.5,475.75,41118.5
2025-05-09 12:00:00+00:00,54033.27,4507.02,4997.75,935.75,43592.75,4853.75,630.25,38361.5
2025-05-09 13:00:00+00:00,53666.78,6156.28,5706.75,1288.5,40515.25,5201.75,776.25,34733.0
2025-05-09 14:00:00+00:00,53264.42,11411.42,6406.25,1156.75,34290.0,5519.5,890.0,29170.75
2025-05-09 15:00:00+00:00,53342.32,20078.32,7230.0,910.0,25124.0,5716.5,959.25,21214.0
2025-05-09 16:00:00+00:00,53955.5,31791.75,7282.0,402.75,14479.0,5863.0,973.0,11839.75
2025-05-09 17:00:00+00:00,54557.11,42288.61,6699.75,268.5,5300.25,5931.25,901.5,4232.75
2025-05-09 18:00:00+00:00,53785.06,46630.81,5912.5,407.0,834.75,6524.0,769.25,771.25
2025-05-09 19:00:00+00:00,52115.27,44790.02,6702.75,567.75,54.75,7584.0,642.25,11.0
2025-05-09 20:00:00+00:00,49485.09,41004.34,7835.5,627.0,18.25,8201.25,555.0,0.0
2025-05-09 21:00:00+00:00,45966.16,36924.91,8606.5,427.25,7.5,8188.0,466.5,0.0
2025-05-09 22:00:00+00:00,42548.4,33290.4,8966.25,283.25,8.5,8432.5,410.0,0.0
2025-05-09 23:00:00+00:00,40699.53,31924.78,8460.0,306.5,8.25,7956.0,357.25,0.0
2025-05-10 00:00:00+00:00,39426.41,31554.66,7555.75,308.75,7.25,7491.0,323.5,0.0
2025-05-10 01:00:00+00:00,39028.98,32080.73,6759.5,181.75,7.0,7059.75,312.25,0.0
2025-05-10 02:00:00+00:00,39400.0,33188.75,6057.5,142.75,11.0,6563.5,295.5,0.0
2025-05-10 03:00:00+00:00,39787.72,34164.22,5377.5,110.75,135.25,6022.25,256.75,164.0
2025-05-10 04:00:00+00:00,41366.26,34218.51,4423.75,120.75,2603.25,5370.25,214.25,2475.5
2025-05-10 05:00:00+00:00,43656.74,30215.99,3123.75,88.75,10228.25,4166.0,199.75,9479.5
2025-05-10 06:00:00+00:00,47266.1,23605.6,1519.75,216.75,21924.0,2547.5,222.75,20436.25
2025-05-10 07:00:00+00:00,48410.58,13992.83,1069.75,290.25,33057.75,1792.0,246.0,31061.5
2025-05-10 08:00:00+00:00,48173.81,6410.81,1428.25,193.75,40141.0,1897.5,245.5,38874.0
2025-05-10 09:00:00+00:00,47934.53,2088.03,1702.0,179.75,43964.75,2048.5,242.0,43201.0
2025-05-10 10:00:00+00:00,47054.02,535.52,1534.25,154.75,44829.5,1984.0,246.25,44724.0
2025-05-10 11:00:00+00:00,45271.14,581.64,1053.75,114.25,43521.5,2191.25,255.0,44480.25
2025-05-10 12:00:00+00:00,43627.23,1959.48,1018.0,84.75,40565.0,2407.75,271.25,42233.0
2025-05-10 13:00:00+00:00,42909.87,2904.62,1634.0,74.25,38297.0,2659.5,300.75,37809.75
2025-05-10 14:00:00+00:00,43122.13,5287.13,3202.5,130.0,34502.5,3450.75,349.25,31699.5
2025-05-10 15:00:00+00:00,44337.8,13013.55,4334.0,168.25,26822.0,4544.5,423.5,23271.75
2025-05-10 16:00:00+00:00,45902.46,25771.96,4559.0,223.5,15348.0,5128.75,512.75,12521.0
2025-05-10 17:00:00+00:00,47099.01,36501.51,4830.75,284.25,5482.5,5949.25,636.75,4368.5
2025-05-10 18:00:00+00:00,46632.15,39724.4,5603.0,452.75,852.0,7658.0,779.25,826.0
2025-05-10 19:00:00+00:00,45706.3,37033.55,7937.75,698.75,36.25,10038.25,910.0,14.25
2025-05-10 20:00:00+00:00,43888.99,32842.24,10169.0,855.75,22.0,11718.5,1026.5,0.0
2025-05-10 21:00:00+00:00,41146.65,28483.4,11570.75,1083.75,8.75,12498.5,1116.5,0.0
2025-05-10 22:00:00+00:00,38442.46,25334.21,11779.75,1318.75,9.75,11036.5,901.75,0.0
2025-05-10 23:00:00+00:00,36634.07,23594.32,11584.75,1449.0,6.0,10871.75,924.75,0.0
2025-05-11 00:00:00+00:00,35169.89,22721.14,10982.25,1458.25,8.25,10729.75,901.75,0.0
2025-05-11 01:00:00+00:00,34652.36,22790.86,10449.5,1405.0,7.0,10685.0,872.25,0.0
2025-05-11 02:00:00+00:00,34738.55,22985.8,10464.25,1280.25,8.25,10795.25,867.0,0.0
2025-05-11 03:00:00+00:00,35012.5,22973.25,10676.75,1209.75,152.75,11002.75,914.0,185.5
2025-05-11 04:00:00+00:00,35833.14,21825.89,10094.0,1172.0,2741.25,10853.75,1014.0,2637.0
2025-05-11 05:00:00+00:00,38046.43,18531.43,7468.75,1287.75,10758.5,9064.75,1174.0,10161.25
2025-05-11 06:00:00+00:00,41951.94,13593.94,4021.0,1329.0,23008.0,6033.25,1334.0,21933.5
2025-05-11 07:00:00+00:00,43464.8,6243.05,2519.0,805.0,33897.75,4698.25,991.0,32602.0
2025-05-11 08:00:00+00:00,43615.75,-451.0,2647.0,548.75,40871.0,5675.5,1032.5,40169.75
2025-05-11 09:00:00+00:00,44192.61,-3560.39,2532.0,400.5,44820.5,5760.75,1053.75,44096.5
2025-05-11 10:00:00+00:00,42971.07,-4280.68,1849.25,280.5,45122.0,5243.25,1071.0,45374.25
2025-05-11 11:00:00+00:00,40606.0,-5631.75,1799.0,153.5,44285.25,5343.0,1092.5,44969.75
2025-05-11 12:00:00+00:00,39372.9,-4826.35,1905.0,234.0,42060.25,5290.0,1158.0,42591.75
2025-05-11 13:00:00+00:00,39155.78,-3211.47,2735.75,323.5,39308.0,5272.75,1317.0,38647.0
2025-05-11 14:00:00+00:00,39432.94,930.94,3900.5,646.75,33954.75,5627.5,1419.0,33505.75
2025-05-11 15:00:00+00:00,41109.23,7010.98,6191.5,1893.0,26013.75,7407.25,1585.0,24696.5
2025-05-11 16:00:00+00:00,43853.08,16362.08,8726.5,3277.25,15487.25,10421.75,2376.75,13225.75
2025-05-11 17:00:00+00:00,45435.42,25439.42,10671.5,3753.75,5570.75,12291.5,2740.25,4563.0
2025-05-11 18:00:00+00:00,46160.57,28127.32,12769.5,4343.5,920.25,15364.25,3205.25,916.25
2025-05-11 19:00:00+00:00,46429.13,23598.88,17980.0,4822.75,27.5,19204.5,3615.25,20.0
2025-05-11 20:00:00+00:00,45490.7,19793.7,21010.75,4679.0,7.25,20782.5,3854.5,0.0
2025-05-11 21:00:00+00:00,42352.42,16383.92,21171.25,4789.0,8.25,20935.25,3959.75,0.0
2025-05-11 22:00:00+00:00,40365.18,15149.68,20143.75,5065.5,6.25,19613.5,3572.75,0.0
2025-05-11 23:00:00+00:00,38903.91,15177.66,18630.0,5090.25,6.0,18572.75,3695.0,0.0
2025-05-12 00:00:00+00:00,38225.88,15506.88,17467.75,5245.25,6.0,17450.0,3997.25,0.0
2025-05-12 01:00:00+00:00,38615.33,17256.33,16095.75,5256.5,6.75,16463.5,3934.75,0.0
2025-05-12 02:00:00+00:00,39846.76,19656.51,14951.0,5231.5,7.75,15663.0,3867.75,0.0
2025-05-12 03:00:00+00:00,44000.68,24364.68,14211.5,5249.5,175.0,14996.25,3831.75,208.5
2025-05-12 04:00:00+00:00,50892.88,29914.88,12972.25,5268.5,2737.25,14341.25,3827.25,2706.25
2025-05-12 05:00:00+00:00,56186.21,30679.71,9383.0,5044.0,11079.5,11528.75,3763.0,10494.5
2025-05-12 06:00:00+00:00,59278.69,24368.69,6810.5,4547.75,23551.75,8031.5,3669.5,22438.75
2025-05-12 07:00:00+00:00,58460.14,12444.89,6430.25,4104.5,35480.5,7076.0,3519.5,33634.0
2025-05-12 08:00:00+00:00,58195.7,3083.7,7309.75,3724.75,44077.5,7911.0,3210.25,41385.25
2025-05-12 09:00:00+00:00,57646.26,-233.99,6754.25,2603.5,48522.5,7974.5,2336.0,45855.75
2025-05-12 10:00:00+00:00,56633.47,-1131.03,6705.5,1491.0,49568.0,5952.25,2200.5,47218.75
2025-05-12 11:00:00+00:00,55310.36,-1360.39,6331.25,1290.25,49049.25,5775.75,2054.25,47071.5
2025-05-12 12:00:00+00:00,54246.51,-347.24,6807.75,1109.0,46677.0,5884.25,1922.25,44889.0
2025-05-12 13:00:00+00:00,53667.62,906.87,8088.5,1609.0,43063.25,6501.75,1876.5,40821.0
2025-05-12 14:00:00+00:00,52934.27,3845.52,9536.25,2712.25,36840.25,8610.25,1888.25,35008.5
2025-05-12 15:00:00+00:00,54115.52,12503.77,10880.75,3335.75,27395.25,10675.25,2616.0,25220.25
2025-05-12 16:00:00+00:00,55959.99,25569.24,11670.25,3410.25,15310.25,11573.5,2872.5,13371.5
2025-05-12 17:00:00+00:00,56659.2,35969.2,11548.25,3679.5,5462.25,12336.5,3163.75,4604.0
2025-05-12 18:00:00+00:00,56034.87,39344.12,11547.75,4156.5,986.5,14147.0,3414.0,937.75
2025-05-12 19:00:00+00:00,54573.95,35548.2,14703.75,4290.75,31.25,17056.75,3479.25,23.75
2025-05-12 20:00:00+00:00,51125.35,29427.85,17195.25,4494.0,8.25,18095.25,3401.0,0.0
2025-05-12 21:00:00+00:00,46646.23,24868.98,17433.75,4337.25,6.25,17741.5,3223.5,0.0
2025-05-12 22:00:00+00:00,43200.63,22926.63,16013.5,4254.5,6.0,15827.5,3020.75,0.0
2025-05-12 23:00:00+00:00,41823.04,23932.29,14039.75,3845.75,5.25,14164.25,2798.25,0.0
2025-05-13 00:00:00+00:00,40735.27,25386.77,11988.25,3354.75,5.5,12591.5,2524.75,0.0
2025-05-13 01:00:00+00:00,40718.57,27669.32,10373.25,2668.75,7.25,11183.75,2220.25,0.0
2025-05-13 02:00:00+00:00,42231.75,30904.5,9058.75,2261.5,7.0,9904.25,1889.25,0.0
2025-05-13 03:00:00+00:00,45635.19,35523.69,8100.5,1809.5,201.5,8964.75,1550.0,222.0
2025-05-13 04:00:00+00:00,52443.47,41225.47,7078.75,1294.5,2844.75,8053.25,1255.75,2830.25
2025-05-13 05:00:00+00:00,57466.79,40417.04,4946.0,991.25,11112.5,6085.0,1027.25,10889.75
2025-05-13 06:00:00+00:00,60283.5,33779.0,2265.0,879.75,23359.75,3293.0,866.75,22796.25
2025-05-13 07:00:00+00:00,59117.44,21256.44,1947.75,688.5,35224.75,2058.5,749.25,33841.0
2025-05-13 08:00:00+00:00,58446.37,10725.62,3029.25,729.5,43962.0,2317.5,658.25,41506.0
2025-05-13 09:00:00+00:00,58174.02,6813.52,2812.5,825.5,47722.5,2572.5,653.5,46070.25
2025-05-13 10:00:00+00:00,57170.12,4160.12,2419.75,1156.5,49433.75,2175.0,759.75,47941.25
2025-05-13 11:00:00+00:00,56278.96,3197.21,2136.75,1296.75,49648.25,1962.0,879.5,48023.75
2025-05-13 12:00:00+00:00,55085.74,4930.99,1898.5,1279.0,46977.25,1910.5,965.0,45903.5
2025-05-13 13:00:00+00:00,54175.53,7721.28,2047.75,1339.5,43067.0,2159.0,1048.75,41853.5
2025-05-13 14:00:00+00:00,53946.68,12432.93,2469.75,1570.25,37473.75,2624.0,1183.0,35601.75
2025-05-13 15:00:00+00:00,55060.82,21879.07,3266.25,1897.75,28017.75,3051.5,1408.5,25651.5
2025-05-13 16:00:00+00:00,57163.36,35577.86,3864.5,2198.75,15522.25,3584.0,1723.25,13806.25
2025-05-13 17:00:00+00:00,58152.97,45532.97,4331.25,2747.25,5541.5,4301.75,2055.0,4924.5
2025-05-13 18:00:00+00:00,57463.36,48959.36,4606.0,2835.25,1062.75,5451.75,2198.5,986.75
2025-05-13 19:00:00+00:00,55606.28,47457.03,5785.5,2311.75,52.0,6814.25,2090.75,24.25
2025-05-13 20:00:00+00:00,51585.39,43475.89,6487.75,1603.25,18.5,7343.0,1874.5,0.0
2025-05-13 21:00:00+00:00,47837.7,39556.2,6819.0,1456.25,6.25,7037.75,1667.25,0.0
2025-05-13 22:00:00+00:00,45223.42,36966.17,6664.0,1587.0,6.25,6760.5,1501.0,0.0
2025-05-13 23:00:00+00:00,43884.54,36133.29,6197.25,1548.0,6.0,6173.25,1349.0,0.0
2025-05-14 00:00:00+00:00,43264.63,36172.38,5503.75,1582.0,6.5,5784.5,1229.25,0.0
2025-05-14 01:00:00+00:00,43172.28,36418.78,5080.5,1666.0,7.0,5537.25,1231.5,0.0
2025-05-14 02:00:00+00:00,44360.82,37334.07,5283.0,1736.0,7.75,5498.5,1418.25,0.0
2025-05-14 03:00:00+00:00,47829.23,39532.23,5770.25,2306.25,220.5,5707.75,1736.25,224.5
2025-05-14 04:00:00+00:00,54499.65,42972.65,5939.5,2577.5,3010.0,5882.25,1985.5,2946.75
2025-05-14 05:00:00+00:00,58699.42,40020.67,5442.25,2500.75,10735.75,5218.75,2090.0,10689.75
2025-05-14 06:00:00+00:00,61024.46,30954.71,4981.0,2853.25,22235.5,4131.75,2256.25,21833.5
2025-05-14 07:00:00+00:00,59732.92,17579.67,5508.25,3008.75,33636.25,4283.0,2428.25,32324.5
2025-05-14 08:00:00+00:00,59112.71,7701.96,6688.75,2929.0,41793.0,5425.25,2446.0,39784.75
2025-05-14 09:00:00+00:00,58465.16,3082.91,7970.0,1523.25,45889.0,6497.0,1914.0,44105.75
2025-05-14 10:00:00+00:00,57257.09,1697.34,7489.25,1165.5,46905.0,7084.5,1980.25,45966.75
2025-05-14 11:00:00+00:00,55934.57,1680.07,7174.0,945.0,46135.5,7608.0,1969.75,46027.75
2025-05-14 12:00:00+00:00,55025.97,2529.47,7480.25,1050.0,43966.25,8350.25,1960.0,43992.0
2025-05-14 13:00:00+00:00,54505.62,2853.87,9819.25,1515.5,40317.0,9652.5,2059.25,40095.25
2025-05-14 14:00:00+00:00,54591.19,5721.69,12621.5,2120.5,34127.5,11313.25,2280.25,33756.75
2025-05-14 15:00:00+00:00,55415.27,11274.52,15819.0,2907.25,25414.5,13105.5,3287.25,24460.75
2025-05-14 16:00:00+00:00,56485.14,22052.14,16953.25,3035.5,14444.25,13764.75,3724.5,13557.0
2025-05-14 17:00:00+00:00,57575.43,32804.93,15863.5,3326.0,5581.0,13742.75,4067.75,5152.5
2025-05-14 18:00:00+00:00,56176.81,36894.31,14850.75,3420.75,1011.0,13978.25,4056.25,1074.5
2025-05-14 19:00:00+00:00,54833.36,35166.86,15754.0,3884.75,27.75,14484.75,3995.75,30.25
2025-05-14 20:00:00+00:00,51486.07,30850.07,16265.5,4358.0,12.5,14121.0,3928.5,0.0
2025-05-14 21:00:00+00:00,47353.8,26699.8,16631.0,4014.75,8.25,13477.75,3729.75,0.0
2025-05-14 22:00:00+00:00,44979.41,24663.66,16836.0,3470.75,9.0,14340.0,3147.0,0.0
2025-05-14 23:00:00+00:00,42869.34,23610.34,16331.75,2919.5,7.75,14173.0,2640.5,0.0
2025-05-15 00:00:00+00:00,41888.77,24844.27,14660.0,2371.5,13.0,13858.25,2304.0,0.0
2025-05-15 01:00:00+00:00,42187.4,25433.65,14029.25,2714.75,9.75,13439.75,2319.25,0.0
2025-05-15 02:00:00+00:00,44500.91,27405.16,13383.25,3704.25,8.25,13039.75,2640.25,0.0
2025-05-15 03:00:00+00:00,48133.26,30782.76,13073.0,4048.25,229.25,12844.75,2967.5,238.0
2025-05-15 04:00:00+00:00,54702.2,35462.2,12444.0,3971.5,2824.5,12408.75,3132.0,2701.0
2025-05-15 05:00:00+00:00,59175.94,35900.19,10129.0,3574.0,9572.75,10710.75,3112.5,9352.5
2025-05-15 06:00:00+00:00,62001.76,29338.51,9656.25,3405.75,19601.25,9689.75,2920.0,19025.75
2025-05-15 07:00:00+00:00,60380.81,15985.81,11138.75,3029.0,30227.25,10597.25,2692.0,28789.75
2025-05-15 08:00:00+00:00,59516.62,7196.12,11891.5,2696.0,37733.0,11895.75,2431.0,36145.75
2025-05-15 09:00:00+00:00,58931.45,4668.95,11862.25,1602.5,40797.75,12649.5,1726.75,39970.0
2025-05-15 10:00:00+00:00,57810.08,2956.08,12538.75,1510.75,40804.5,13185.5,1510.25,41383.5
2025-05-15 11:00:00+00:00,56347.53,1101.28,14235.5,1212.75,39798.0,13865.5,1466.25,40755.0
2025-05-15 12:00:00+00:00,55532.29,758.04,15944.25,1159.0,37671.0,15234.5,1548.25,38361.5
2025-05-15 13:00:00+00:00,54920.36,1822.86,17149.5,1197.25,34750.75,17394.0,1700.0,34545.25
2025-05-15 14:00:00+00:00,55218.31,4464.81,18651.0,1751.25,30351.25,18187.5,1889.75,29387.75
2025-05-15 15:00:00+00:00,56617.92,10343.17,19186.5,3369.25,23719.0,18174.25,2852.0,22193.25
2025-05-15 16:00:00+00:00,56384.35,20151.35,18531.5,3437.0,14264.5,17336.75,3312.0,12983.25
2025-05-15 17:00:00+00:00,56674.58,32198.08,15477.75,3256.0,5742.75,15583.5,3695.75,5153.75
2025-05-15 18:00:00+00:00,55666.39,38953.89,12190.0,3425.25,1097.25,13976.25,3854.0,1075.75
2025-05-15 19:00:00+00:00,53681.89,38915.39,11285.25,3431.0,50.25,13599.5,3791.5,32.0
2025-05-15 20:00:00+00:00,50797.68,35904.43,11287.25,3597.25,8.75,12909.75,3478.25,0.0
2025-05-15 21:00:00+00:00,47353.53,32068.03,11695.25,3584.25,6.0,11901.25,3061.0,0.0
2025-05-15 22:00:00+00:00,45385.29,30894.54,10780.75,3703.5,6.5,12140.75,3340.5,0.0
2025-05-15 23:00:00+00:00,43754.78,29588.28,10223.0,3937.5,6.0,11477.0,3526.25,0.0
2025-05-16 00:00:00+00:00,43162.4,29279.15,9800.25,4077.0,6.0,11132.0,3708.0,0.0
2025-05-16 01:00:00+00:00,43269.37,29513.12,10106.25,3643.0,7.0,10891.75,3684.5,0.0
2025-05-16 02:00:00+00:00,44293.08,30439.08,10814.0,3032.25,7.75,10753.25,3490.75,0.0
2025-05-16 03:00:00+00:00,47401.18,33329.68,11183.25,2654.25,234.0,10620.5,3247.75,248.25
2025-05-16 04:00:00+00:00,53802.87,37757.62,10465.75,2717.5,2862.0,9922.5,3064.75,2901.0
2025-05-16 05:00:00+00:00,58284.87,37559.87,8210.0,2786.75,9728.25,8021.75,2924.25,9861.25
2025-05-16 06:00:00+00:00,60369.32,30638.82,6997.0,2771.25,19962.25,6629.25,2716.0,19417.75
2025-05-16 07:00:00+00:00,59756.65,19682.9,7476.5,2418.5,30178.75,6942.0,2439.0,27889.25
2025-05-16 08:00:00+00:00,58956.32,11098.57,8967.75,2041.75,36848.25,8519.5,2117.25,33457.5
2025-05-16 09:00:00+00:00,58180.92,7672.42,10666.75,1717.25,38124.5,10258.0,1751.25,35671.5
2025-05-16 10:00:00+00:00,57663.5,5873.0,11924.5,1445.25,38420.75,12012.5,1488.75,35706.0
2025-05-16 11:00:00+00:00,56211.82,4202.57,12860.5,1342.75,37806.0,13792.25,1424.0,34358.0
2025-05-16 12:00:00+00:00,54541.81,4027.56,13972.0,1627.25,34915.0,15552.75,1492.25,31672.75
2025-05-16 13:00:00+00:00,54481.57,6380.57,14826.25,1826.25,31448.5,16816.25,1661.25,27917.5
2025-05-16 14:00:00+00:00,54550.08,10749.08,15268.5,2103.25,26429.25,17165.0,1896.5,22971.5
2025-05-16 15:00:00+00:00,54939.53,17425.78,15327.75,2943.0,19243.0,16498.0,2297.5,17007.5
2025-05-16 16:00:00+00:00,55219.16,26408.91,14327.0,3244.75,11238.5,14933.5,2663.75,10385.75
2025-05-16 17:00:00+00:00,55027.15,34859.15,12036.5,3474.5,4657.0,12507.75,2847.5,4484.5
2025-05-16 18:00:00+00:00,53049.32,39040.32,9278.0,3736.25,994.75,10553.75,2891.25,985.0
2025-05-16 19:00:00+00:00,51718.39,39585.39,8150.0,3920.5,62.5,9693.0,2811.25,32.5
2025-05-16 20:00:00+00:00,49266.51,37334.26,7827.5,4077.0,27.75,9190.75,2817.25,0.0
2025-05-16 21:00:00+00:00,46711.65,34316.15,8515.25,3869.0,11.25,8982.0,2877.0,0.0
2025-05-16 22:00:00+00:00,44002.45,31093.45,9395.75,3503.0,10.25,10567.75,3668.0,0.0
2025-05-16 23:00:00+00:00,42235.29,28900.04,10054.0,3274.25,7.0,11112.25,3390.25,0.0
2025-05-17 00:00:00+00:00,41131.26,27758.51,10333.5,3030.5,8.75,11760.5,3100.5,0.0
2025-05-17 01:00:00+00:00,40781.41,27025.66,11177.0,2569.5,9.25,12281.75,2819.0,0.0
2025-05-17 02:00:00+00:00,41158.88,26962.63,11796.25,2390.25,9.75,12732.25,2697.5,0.0
2025-05-17 03:00:00+00:00,41481.99,26014.74,12529.5,2692.5,245.25,13013.5,2690.0,274.0
2025-05-17 04:00:00+00:00,42891.4,24710.15,12787.75,2565.25,2828.25,12697.25,2728.25,2871.0
2025-05-17 05:00:00+00:00,44808.96,22903.96,10269.5,2303.0,9332.5,10466.75,2708.5,9738.0
2025-05-17 06:00:00+00:00,48054.27,18647.52,8223.5,2176.5,19006.75,8851.25,2608.25,19323.25
2025-05-17 07:00:00+00:00,50343.46,9936.46,8985.25,2510.5,28911.25,9225.5,2480.75,27968.0
2025-05-17 08:00:00+00:00,50309.22,3714.22,10653.75,1949.25,33992.0,10964.0,1842.75,33122.5
2025-05-17 09:00:00+00:00,50786.05,2450.05,12460.5,1279.25,34596.25,12699.5,1699.75,35402.75
2025-05-17 10:00:00+00:00,49872.93,1244.43,14233.25,1181.75,33213.5,14118.0,1558.5,35586.25
2025-05-17 11:00:00+00:00,47797.72,1981.47,14117.0,1000.0,30699.25,15021.5,1455.75,34057.5
2025-05-17 12:00:00+00:00,46703.7,3710.45,14512.5,780.75,27700.0,15781.25,1394.75,31575.5
2025-05-17 13:00:00+00:00,45947.39,5703.14,14748.75,807.25,24688.25,16375.0,1371.75,28545.75
2025-05-17 14:00:00+00:00,45574.34,7901.34,15092.25,1045.5,21535.25,16621.0,1379.75,24028.5
2025-05-17 15:00:00+00:00,46599.64,12311.64,15283.5,2277.5,16727.0,16333.0,1954.25,17684.5
2025-05-17 16:00:00+00:00,47227.58,20538.33,14058.0,2290.75,10340.5,15195.5,2049.0,10895.25
2025-05-17 17:00:00+00:00,47842.38,29271.39,12017.75,2004.0,4549.25,13378.75,2071.0,4759.0
2025-05-17 18:00:00+00:00,46450.66,33208.91,10032.0,2265.25,944.5,11829.0,2058.75,1068.25
2025-05-17 19:00:00+00:00,44550.84,33092.09,9239.25,2167.75,51.75,10854.75,1993.75,36.5
2025-05-17 20:00:00+00:00,42976.31,32562.31,8534.5,1838.0,41.5,9722.75,2014.5,0.0
2025-05-17 21:00:00+00:00,40634.14,30355.64,8571.5,1698.25,8.75,8598.0,2040.5,0.0
2025-05-17 22:00:00+00:00,38155.43,27993.68,8609.0,1539.5,13.25,7569.0,2086.0,0.0
2025-05-17 23:00:00+00:00,36423.84,26542.59,8450.5,1421.25,9.5,7225.0,1911.0,0.0
2025-05-18 00:00:00+00:00,35474.56,26001.56,8159.75,1304.25,9.0,7271.75,1803.25,0.0
2025-05-18 01:00:00+00:00,35172.57,25387.07,8327.0,1449.0,9.5,7504.5,1749.25,0.0
2025-05-18 02:00:00+00:00,35568.52,25558.77,8620.5,1380.75,8.5,7803.0,1714.25,0.0
2025-05-18 03:00:00+00:00,35764.53,25357.03,8823.75,1361.75,222.0,8038.75,1622.25,260.5
2025-05-18 04:00:00+00:00,36575.81,24599.81,8489.75,1148.25,2338.0,7733.0,1482.75,2564.25
2025-05-18 05:00:00+00:00,38472.81,22426.06,7038.0,1094.75,7914.0,6294.5,1333.25,8257.0
2025-05-18 06:00:00+00:00,42078.59,18499.59,6176.5,1037.5,16365.0,5238.0,1162.5,16302.0
2025-05-18 07:00:00+00:00,45126.92,12423.67,7029.0,864.5,24809.75,5706.75,1004.75,24159.0
2025-05-18 08:00:00+00:00,46983.24,6952.99,8728.25,751.75,30550.25,7113.5,854.0,30045.25
2025-05-18 09:00:00+00:00,48147.17,5388.17,10015.5,761.25,31982.25,8554.0,705.5,33132.25
2025-05-18 10:00:00+00:00,48230.36,3961.36,10765.75,1056.75,32446.5,9735.75,738.25,34433.0
2025-05-18 11:00:00+00:00,46358.74,1733.99,11098.75,1202.25,32323.75,10688.5,869.25,33977.0
2025-05-18 12:00:00+00:00,44582.49,2725.24,10364.75,1264.0,30228.5,11836.25,1071.75,32192.25
2025-05-18 13:00:00+00:00,43524.22,4507.97,10743.0,1152.0,27121.25,12768.25,1295.5,28950.0
2025-05-18 14:00:00+00:00,43308.91,5881.91,12080.5,1339.0,24007.5,13327.25,1534.25,24021.75
2025-05-18 15:00:00+00:00,44932.26,10850.51,13273.5,1760.25,19048.0,13019.25,1917.5,18339.5
2025-05-18 16:00:00+00:00,46128.51,20189.51,12772.0,1364.5,11802.5,11752.75,2011.25,11210.75
2025-05-18 17:00:00+00:00,47233.82,30341.07,10565.5,1300.75,5026.5,10027.0,2037.0,4865.75
2025-05-18 18:00:00+00:00,47106.61,36306.86,8464.75,1251.25,1083.75,8813.0,2009.0,1166.75
2025-05-18 19:00:00+00:00,46934.52,37791.77,7527.5,1566.0,49.25,8359.75,1936.25,45.5
2025-05-18 20:00:00+00:00,45895.15,36848.65,7259.5,1764.25,22.75,8254.0,1853.25,0.0
2025-05-18 21:00:00+00:00,43269.0,34012.75,7213.5,2035.5,7.25,8250.75,1803.5,0.0
2025-05-18 22:00:00+00:00,41074.05,32507.05,6644.5,1916.5,6.0,7751.5,1427.0,0.0
2025-05-18 23:00:00+00:00,38502.68,31033.68,6441.75,1021.25,6.0,7443.75,1236.25,0.0
2025-05-19 00:00:00+00:00,38205.81,30975.31,6309.25,915.0,6.25,7415.5,1124.5,0.0
2025-05-19 01:00:00+00:00,38955.19,31790.44,6138.75,1019.0,7.0,7405.5,1072.75,0.0
2025-05-19 02:00:00+00:00,40185.53,33049.03,6311.0,816.75,8.75,7339.75,1088.25,0.0
2025-05-19 03:00:00+00:00,43973.24,35974.24,6726.0,1073.25,199.75,7197.75,1131.75,246.5
2025-05-19 04:00:00+00:00,51361.64,41242.64,6261.0,1143.0,2715.0,6724.5,1168.5,2620.5
2025-05-19 05:00:00+00:00,56423.15,40869.4,5268.75,1000.75,9284.25,5660.75,1162.75,8990.0
2025-05-19 06:00:00+00:00,58931.22,34992.47,4103.5,909.75,18925.5,4514.5,1089.5,18427.25
2025-05-19 07:00:00+00:00,58800.01,25226.01,4265.25,837.75,28471.0,4008.5,1020.25,27554.5
2025-05-19 08:00:00+00:00,57973.38,16920.88,5027.5,662.5,35362.5,3978.5,855.5,33692.5
2025-05-19 09:00:00+00:00,58400.68,13910.43,5091.0,613.75,38785.5,3994.25,689.0,36891.25
2025-05-19 10:00:00+00:00,57772.24,13225.24,4633.75,715.75,39197.5,3838.75,525.5,37858.5
2025-05-19 11:00:00+00:00,56434.04,13082.79,4259.75,569.0,38522.5,3606.5,397.0,37296.5
2025-05-19 12:00:00+00:00,55136.02,13744.02,3994.0,430.0,36968.0,3487.75,334.0,35787.0
2025-05-19 13:00:00+00:00,54606.59,16362.84,3880.25,448.0,33915.5,3435.25,339.5,33020.5
2025-05-19 14:00:00+00:00,53784.6,20320.85,3695.25,408.75,29359.75,3358.0,412.0,28317.0
2025-05-19 15:00:00+00:00,54840.81,28406.81,3462.0,365.75,22606.25,3211.75,550.0,21134.75
2025-05-19 16:00:00+00:00,55849.09,38414.84,3035.0,355.25,14044.0,3067.75,700.75,12489.5
2025-05-19 17:00:00+00:00,55742.38,47037.88,2581.5,344.0,5779.0,3076.25,845.75,5149.75
2025-05-19 18:00:00+00:00,54798.86,50533.86,2524.75,511.5,1228.75,3666.0,985.25,1260.25
2025-05-19 19:00:00+00:00,52854.41,48659.91,3439.75,700.5,54.25,4630.25,1112.5,41.75
2025-05-19 20:00:00+00:00,49718.72,44209.22,4556.25,932.75,20.5,5256.75,1159.25,0.0
2025-05-19 21:00:00+00:00,45833.75,39983.0,4929.75,904.75,16.25,5279.0,1095.75,0.0
2025-05-19 22:00:00+00:00,43052.66,37780.91,4502.75,752.5,16.5,4454.5,935.25,0.0
2025-05-19 23:00:00+00:00,41780.64,36988.89,4023.25,753.5,15.0,4086.0,863.5,0.0
2025-05-20 00:00:00+00:00,41066.16,36546.91,3632.75,878.75,7.75,3755.75,803.25,0.0
2025-05-20 01:00:00+00:00,41341.58,37237.83,3483.0,608.5,12.25,3502.75,770.5,0.0
2025-05-20 02:00:00+00:00,42774.71,38797.96,3320.75,647.0,9.0,3283.5,739.5,0.0
2025-05-20 03:00:00+00:00,45538.32,41623.82,2971.5,555.5,387.5,3069.5,728.5,373.5
2025-05-20 04:00:00+00:00,52553.76,45744.26,2654.75,686.75,3468.0,2711.5,746.75,3230.0
2025-05-20 05:00:00+00:00,57310.62,43469.62,1950.0,785.0,11106.0,2092.75,785.5,10750.25
2025-05-20 06:00:00+00:00,59819.02,36098.77,903.5,747.5,22069.25,1291.75,852.75,21340.0
2025-05-20 07:00:00+00:00,59759.52,25584.77,684.25,956.75,32533.75,935.25,970.25,31059.25
2025-05-20 08:00:00+00:00,58850.96,16629.71,1208.0,1050.75,39962.5,1092.5,1122.0,37850.75
2025-05-20 09:00:00+00:00,59380.7,13414.95,1596.5,1392.0,42977.25,1529.25,1337.25,41217.0
2025-05-20 10:00:00+00:00,59108.09,11992.09,2285.25,1542.75,43288.0,2005.0,1631.0,41916.75
2025-05-20 11:00:00+00:00,58498.09,11519.09,2802.75,1761.0,42415.25,2440.75,1930.5,40826.0
2025-05-20 12:00:00+00:00,56884.01,11597.01,3042.0,2060.75,40184.25,2916.25,2206.5,38668.0
2025-05-20 13:00:00+00:00,56719.56,13911.31,3661.75,2539.5,36607.0,3325.75,2333.0,35135.5
2025-05-20 14:00:00+00:00,56326.54,16818.04,4671.5,3329.0,31508.0,3665.75,2557.75,29638.75
2025-05-20 15:00:00+00:00,57448.59,24668.34,5074.5,3946.75,23759.0,3997.75,2956.5,21770.75
2025-05-20 16:00:00+00:00,58617.51,34181.26,5760.0,4610.25,14066.0,4405.5,3177.5,12641.5
2025-05-20 17:00:00+00:00,58648.86,41703.61,6555.25,4815.25,5574.75,4893.5,3309.0,5160.25
2025-05-20 18:00:00+00:00,57051.3,44511.3,6591.5,4692.0,1256.5,5627.25,3364.5,1281.25
2025-05-20 19:00:00+00:00,55075.19,43348.69,7163.0,4497.0,66.5,6459.75,3403.0,49.0
2025-05-20 20:00:00+00:00,52072.11,39669.86,7861.5,4524.5,16.25,6996.0,3465.75,0.0
2025-05-20 21:00:00+00:00,48285.05,34878.55,8737.5,4660.0,9.0,7219.25,3547.75,0.0
2025-05-20 22:00:00+00:00,44165.11,30818.61,8628.0,4710.75,7.75,8155.25,4141.75,0.0
2025-05-20 23:00:00+00:00,42810.72,28593.22,9008.75,5201.0,7.75,8389.0,4459.75,0.0
2025-05-21 00:00:00+00:00,42223.91,27292.16,9342.25,5581.0,8.5,8975.0,4748.25,0.0
2025-05-21 01:00:00+00:00,42569.06,26631.31,9851.0,6077.75,9.0,9559.5,4759.25,0.0
2025-05-21 02:00:00+00:00,43992.94,27578.94,10344.75,6057.25,12.0,10017.25,4828.25,0.0
2025-05-21 03:00:00+00:00,47194.71,29989.96,10918.5,5955.0,331.25,10328.5,4902.5,372.5
2025-05-21 04:00:00+00:00,54633.29,34218.29,11208.75,6217.5,2988.75,10479.5,4838.25,3122.75
2025-05-21 05:00:00+00:00,59503.01,33987.76,10871.0,5760.0,8884.25,10028.0,4628.0,9393.75
2025-05-21 06:00:00+00:00,62573.98,28520.98,11125.0,5465.5,17462.5,9823.0,4324.25,17886.25
2025-05-21 07:00:00+00:00,61307.03,18045.28,12345.25,4101.0,26815.5,10358.0,4225.5,26019.5
2025-05-21 08:00:00+00:00,60646.63,10481.38,13621.75,2401.75,34141.75,11628.25,4225.0,31719.25
2025-05-21 09:00:00+00:00,59923.69,6541.43,14641.75,1210.25,37530.25,13273.5,4270.25,34370.25
2025-05-21 10:00:00+00:00,59576.65,3975.15,15557.5,2107.0,37937.0,14443.0,4302.75,35231.0
2025-05-21 11:00:00+00:00,58580.01,2069.51,17331.0,2322.75,36856.75,16111.0,4306.0,34763.75
2025-05-21 12:00:00+00:00,57132.91,2202.16,18278.75,1612.25,35039.75,18307.75,4291.25,32346.75
2025-05-21 13:00:00+00:00,57909.02,5172.52,19332.0,2099.25,31305.25,20311.75,4259.25,28634.0
2025-05-21 14:00:00+00:00,58460.66,9455.66,22082.0,1725.75,25197.25,21713.5,4262.25,23459.5
2025-05-21 15:00:00+00:00,59390.99,16978.74,21699.0,3013.5,17699.75,22159.0,4427.25,16761.5
2025-05-21 16:00:00+00:00,59997.72,24569.97,21449.75,3918.25,10059.75,21591.25,4644.0,9959.0
2025-05-21 17:00:00+00:00,60399.12,30344.62,20345.5,5287.5,4421.5,20352.25,4998.75,4426.25
2025-05-21 18:00:00+00:00,58263.24,32692.49,18051.25,6393.25,1126.25,19824.5,5158.0,1130.5
2025-05-21 19:00:00+00:00,56226.31,32126.56,17224.75,6808.0,67.0,19865.75,5221.0,58.75
2025-05-21 20:00:00+00:00,52685.88,29975.13,15842.75,6844.5,23.5,19370.25,5144.5,0.0
2025-05-21 21:00:00+00:00,49104.31,25813.31,16483.5,6792.25,15.25,19189.0,5026.75,0.0
2025-05-21 22:00:00+00:00,45587.89,23504.64,16909.0,5162.75,11.5,16643.25,5027.0,0.0
2025-05-21 23:00:00+00:00,44013.15,21251.4,17076.5,5674.25,11.0,16421.5,5199.0,0.0
2025-05-22 00:00:00+00:00,42952.51,20199.01,16767.25,5974.75,11.5,16384.25,5183.25,0.0
2025-05-22 01:00:00+00:00,42565.16,19578.91,16837.5,6136.5,12.25,16569.75,5060.5,0.0
2025-05-22 02:00:00+00:00,44003.1,20670.1,17366.25,5953.75,13.0,16843.0,4873.5,0.0
2025-05-22 03:00:00+00:00,47355.33,23879.58,17454.0,5730.25,291.5,17133.0,4720.25,325.0
2025-05-22 04:00:00+00:00,53961.82,29399.07,17350.5,4960.0,2252.25,18076.0,4606.5,2422.0
2025-05-22 05:00:00+00:00,59229.84,31078.59,17310.75,4592.25,6248.25,19134.0,4546.75,6922.0
2025-05-22 06:00:00+00:00,61476.55,26918.55,19291.5,3739.25,11527.25,20980.0,4484.0,12731.0
2025-05-22 07:00:00+00:00,61051.12,21510.12,18991.0,2617.0,17933.0,23069.75,4311.25,18556.75
2025-05-22 08:00:00+00:00,61362.38,16656.63,18983.5,2493.5,23228.75,24781.25,4313.0,23558.0
2025-05-22 09:00:00+00:00,61822.16,12408.41,20409.25,2350.0,26654.5,25720.25,4316.75,26931.75
2025-05-22 10:00:00+00:00,62455.1,9032.85,22742.5,2321.25,28358.5,26170.0,3609.25,29248.0
2025-05-22 11:00:00+00:00,61635.28,6600.28,23257.25,2650.0,29127.75,26613.5,3589.0,30077.75
2025-05-22 12:00:00+00:00,60228.64,4710.64,24544.5,2811.5,28162.0,27166.75,3563.25,29438.25
2025-05-22 13:00:00+00:00,59673.27,4375.02,25759.0,2947.0,26592.25,28265.0,3551.0,27322.25
2025-05-22 14:00:00+00:00,58236.46,6035.96,25447.5,3093.75,23659.25,29703.5,3587.75,23555.5
2025-05-22 15:00:00+00:00,59309.56,10214.81,26564.0,3318.75,19212.0,29810.25,3739.75,18392.75
2025-05-22 16:00:00+00:00,59724.58,16098.58,26069.0,4643.0,12914.0,27934.0,4988.5,11734.25
2025-05-22 17:00:00+00:00,59346.5,24684.75,22466.25,6298.25,5897.25,24576.0,5380.75,5271.25
2025-05-22 18:00:00+00:00,57160.04,31501.79,18053.0,6136.0,1469.25,20820.5,5617.0,1392.75
2025-05-22 19:00:00+00:00,55529.01,33617.01,15795.5,6053.75,62.75,18300.75,5636.0,59.25
2025-05-22 20:00:00+00:00,52268.22,32429.47,13795.5,6028.0,15.25,16684.25,5532.25,0.0
2025-05-22 21:00:00+00:00,48597.58,29209.83,13531.25,5843.75,12.75,16023.75,5376.0,0.0
2025-05-22 22:00:00+00:00,45330.95,26561.45,13594.25,5165.0,10.25,13747.5,5287.5,0.0
2025-05-22 23:00:00+00:00,43945.66,24800.91,14210.5,4923.5,10.75,13389.75,5050.75,0.0
2025-05-23 00:00:00+00:00,43124.07,23736.32,15174.75,4200.25,12.75,13419.75,4879.25,0.0
2025-05-23 01:00:00+00:00,43814.88,24031.13,15057.75,4715.25,10.75,13410.5,4678.25,0.0
2025-05-23 02:00:00+00:00,44834.62,26002.37,14124.25,4695.25,12.75,13238.5,4477.75,0.0
2025-05-23 03:00:00+00:00,47314.89,29249.64,13322.75,4314.75,427.75,12750.5,4295.75,404.0
2025-05-23 04:00:00+00:00,53663.55,34149.55,11852.5,4133.25,3528.25,11541.75,4100.5,3368.75
2025-05-23 05:00:00+00:00,58156.56,34567.31,9407.75,3759.0,10422.5,10105.75,3921.5,10331.0
2025-05-23 06:00:00+00:00,61334.89,28819.39,9544.5,3236.75,19734.25,10608.5,3690.75,18901.75
2025-05-23 07:00:00+00:00,61676.01,19421.26,11261.0,3190.5,27803.25,11961.0,3556.75,25848.5
2025-05-23 08:00:00+00:00,61599.43,14382.18,12286.0,2946.0,31985.25,12762.0,3651.5,30195.25
2025-05-23 09:00:00+00:00,61563.81,11162.81,13090.0,3357.75,33953.25,13164.75,3809.25,32529.5
2025-05-23 10:00:00+00:00,60270.73,7557.73,13952.0,3452.25,35308.75,13780.25,3947.75,33631.0
2025-05-23 11:00:00+00:00,59010.78,3920.03,15253.75,3669.0,36168.0,14566.75,4007.5,33805.0
2025-05-23 12:00:00+00:00,57085.17,3482.92,15412.0,3812.0,34378.25,15510.5,4050.75,32748.0
2025-05-23 13:00:00+00:00,56356.93,3832.93,16641.25,4268.5,31614.25,16375.5,4168.25,30020.0
2025-05-23 14:00:00+00:00,55912.77,7839.77,16586.0,4579.75,26907.25,17092.75,4275.25,25533.25
2025-05-23 15:00:00+00:00,55736.76,12892.76,17062.0,4835.0,20947.0,17259.5,4860.5,19453.5
2025-05-23 16:00:00+00:00,55157.25,20535.0,16587.75,4762.0,13272.5,16627.5,5025.5,12116.25
2025-05-23 17:00:00+00:00,54399.76,30355.51,13914.75,4224.25,5905.25,15003.25,5155.5,5437.25
2025-05-23 18:00:00+00:00,52684.42,35447.17,11800.5,3957.5,1479.25,13080.0,5163.25,1456.0
2025-05-23 19:00:00+00:00,50864.08,35177.08,11472.25,4137.5,77.25,12070.25,5043.25,61.5
2025-05-23 20:00:00+00:00,48329.49,32195.49,12295.0,3806.75,32.25,11595.75,4808.25,0.0
2025-05-23 21:00:00+00:00,45347.83,28852.33,12903.75,3567.5,24.25,11500.25,4467.25,0.0
2025-05-23 22:00:00+00:00,43084.66,26241.16,13455.25,3372.75,15.5,10249.5,3179.75,0.0
2025-05-23 23:00:00+00:00,41382.24,23747.99,13573.5,4046.75,14.0,10662.75,3150.75,0.0
2025-05-24 00:00:00+00:00,40571.96,22711.96,13461.5,4380.5,18.0,11148.0,3138.25,0.0
2025-05-24 01:00:00+00:00,40129.34,22442.84,13730.5,3943.25,12.75,11339.25,3002.0,0.0
2025-05-24 02:00:00+00:00,39785.25,23104.25,13677.5,2989.75,13.75,11312.0,2681.75,0.0
2025-05-24 03:00:00+00:00,39892.84,24247.09,13071.0,2116.5,458.25,10991.0,2160.25,464.25
2025-05-24 04:00:00+00:00,41318.5,23912.0,11790.5,1636.75,3979.25,10227.75,1620.25,3450.75
2025-05-24 05:00:00+00:00,43501.16,20523.16,9340.25,1691.75,11946.0,8613.75,1335.25,10380.75
2025-05-24 06:00:00+00:00,46262.63,13808.13,7726.25,1617.0,23111.25,7494.75,1361.25,19601.0
2025-05-24 07:00:00+00:00,48590.89,6244.64,8158.75,1833.75,32353.75,8056.25,1529.75,27527.5
2025-05-24 08:00:00+00:00,49066.06,3760.31,8635.0,1446.25,35224.5,8951.75,1364.0,32359.75
2025-05-24 09:00:00+00:00,49482.58,2907.33,9290.75,1700.5,35584.0,9197.75,1459.5,34517.0
2025-05-24 10:00:00+00:00,49035.66,1268.41,10051.25,1561.75,36154.25,9812.75,1497.25,35021.75
2025-05-24 11:00:00+00:00,47316.62,-702.13,10635.0,1367.75,36016.0,10599.5,1521.5,33729.0
2025-05-24 12:00:00+00:00,46281.24,1554.24,9887.5,1167.25,33672.25,11261.0,1581.5,31195.0
2025-05-24 13:00:00+00:00,46102.1,4902.85,10490.5,1221.5,29487.25,11772.5,1666.25,27368.25
2025-05-24 14:00:00+00:00,45747.05,7418.05,12902.0,1888.75,23538.25,12155.75,2051.75,22229.25
2025-05-24 15:00:00+00:00,46943.56,8515.31,16120.0,4587.0,17721.25,12797.5,2913.25,15902.75
2025-05-24 16:00:00+00:00,47752.47,15022.47,17378.5,5188.0,10163.5,13013.25,3233.75,9352.75
2025-05-24 17:00:00+00:00,47914.86,21092.11,17179.75,5642.5,4000.5,12921.75,3548.75,4107.5
2025-05-24 18:00:00+00:00,47068.32,23064.82,17940.25,5217.75,845.5,13564.5,3770.75,1054.75
2025-05-24 19:00:00+00:00,45867.01,21814.76,19515.5,4497.25,39.5,15062.5,3841.5,45.25
2025-05-24 20:00:00+00:00,44747.66,20394.16,20064.0,4269.75,19.75,16289.5,3858.75,0.0
2025-05-24 21:00:00+00:00,42767.03,17351.53,20567.25,4836.75,11.5,17284.25,3835.5,0.0
2025-05-24 22:00:00+00:00,40681.8,14500.55,20318.0,5850.75,12.5,19832.5,4255.25,0.0
2025-05-24 23:00:00+00:00,38631.87,12933.12,20035.75,5646.25,16.75,19936.0,4354.75,0.0
2025-05-25 00:00:00+00:00,37328.35,12028.85,19540.0,5747.0,12.5,19934.75,4308.0,0.0
2025-05-25 01:00:00+00:00,36401.44,10929.94,19409.75,6049.75,12.0,19901.25,4523.25,0.0
2025-05-25 02:00:00+00:00,36488.14,11228.89,19297.0,5948.0,14.25,19950.25,4738.25,1.25
2025-05-25 03:00:00+00:00,36747.27,11023.77,19737.5,5812.0,174.0,20058.75,5031.25,189.75
2025-05-25 04:00:00+00:00,37841.43,10366.68,20196.0,5920.0,1358.75,20569.5,5466.25,1284.5
2025-05-25 05:00:00+00:00,40344.95,10844.7,19882.25,6056.0,3562.0,20637.75,5802.25,3336.5
2025-05-25 06:00:00+00:00,43185.52,11042.27,20060.75,5616.5,6466.0,20513.5,6053.75,5616.5
2025-05-25 07:00:00+00:00,46740.07,12513.07,19166.75,5620.5,9439.75,21179.0,5995.5,7925.75
2025-05-25 08:00:00+00:00,48349.03,14311.03,18903.0,3295.75,11839.25,22013.75,4576.25,10119.5
2025-05-25 09:00:00+00:00,50577.64,13736.64,19188.75,3655.0,13997.25,22282.25,4481.5,12200.25
2025-05-25 10:00:00+00:00,50776.92,11254.42,20046.75,3616.75,15859.0,22132.0,4413.25,14209.75
2025-05-25 11:00:00+00:00,48169.67,8039.17,19215.5,3364.75,17550.25,21926.0,4344.75,15627.25
2025-05-25 12:00:00+00:00,46857.21,7549.21,18345.5,2618.25,18344.25,21681.5,4263.25,16346.75
2025-05-25 13:00:00+00:00,46205.38,5973.63,19153.5,2908.75,18169.5,21973.5,4193.25,16378.5
2025-05-25 14:00:00+00:00,45981.95,7022.95,18280.75,3308.5,17369.75,22379.5,4519.25,15007.0
2025-05-25 15:00:00+00:00,48362.57,7894.82,20541.5,5363.0,14563.25,21964.25,5047.75,12457.5
2025-05-25 16:00:00+00:00,49189.35,13220.1,20293.25,5656.75,10019.25,20526.75,4918.75,8618.75
2025-05-25 17:00:00+00:00,48540.15,20955.65,17725.5,5227.5,4631.5,18159.75,4693.0,4301.75
2025-05-25 18:00:00+00:00,47616.93,26242.18,15496.5,4774.75,1103.5,16057.0,4445.5,1213.25
2025-05-25 19:00:00+00:00,47084.86,29034.11,13649.75,4343.5,57.5,14703.0,4156.5,66.25
2025-05-25 20:00:00+00:00,46104.41,29187.41,12650.25,4237.0,29.75,13585.25,4018.75,0.0
2025-05-25 21:00:00+00:00,42978.3,26262.3,12824.75,3878.25,13.0,13164.75,4010.0,0.0
2025-05-25 22:00:00+00:00,40838.09,24181.34,12554.0,4091.75,11.0,13432.25,3464.75,0.0
2025-05-25 23:00:00+00:00,39372.13,22713.38,12586.5,4060.25,12.0,13283.25,3772.0,0.0
2025-05-26 00:00:00+00:00,38680.9,22088.9,12763.75,3817.25,11.0,13157.0,4037.5,0.0
2025-05-26 01:00:00+00:00,38922.48,21342.99,13266.25,4302.25,11.0,12984.0,4193.5,0.0
2025-05-26 02:00:00+00:00,40431.75,23079.5,13339.0,4000.0,13.25,12722.0,4158.75,5.25
2025-05-26 03:00:00+00:00,43948.27,26062.27,12841.0,4676.75,368.25,12323.0,3958.5,401.75
2025-05-26 04:00:00+00:00,51052.77,32158.02,12049.75,3990.0,2855.0,11300.0,3656.75,2818.0
2025-05-26 05:00:00+00:00,56130.28,35111.53,9306.5,3486.25,8226.0,9216.0,3386.75,8149.25
2025-05-26 06:00:00+00:00,59644.36,31848.11,8233.0,3406.0,16157.25,8177.75,3219.0,15676.75
2025-05-26 07:00:00+00:00,60008.69,22752.19,8807.75,3429.75,25019.0,9238.75,3140.0,23650.75
2025-05-26 08:00:00+00:00,59786.94,14488.94,9485.0,3000.5,32812.5,11168.5,3117.25,30143.5
2025-05-26 09:00:00+00:00,60462.35,9959.1,10723.0,3058.75,36721.5,13048.5,3209.5,33941.0
2025-05-26 10:00:00+00:00,59587.82,7002.07,12637.75,2702.5,37245.5,14302.5,3337.75,35411.5
2025-05-26 11:00:00+00:00,58812.49,4726.99,14331.75,2758.0,36995.75,15435.25,3518.5,35135.5
2025-05-26 12:00:00+00:00,57642.18,3809.43,15911.5,2923.75,34997.5,16099.25,3721.75,33591.25
2025-05-26 13:00:00+00:00,57036.74,5376.99,17524.25,3387.5,30748.0,16429.25,3885.25,30782.75
2025-05-26 14:00:00+00:00,56231.83,8448.58,17923.75,3486.25,26373.25,16656.75,3968.5,26456.75
2025-05-26 15:00:00+00:00,55945.12,16113.12,16504.25,3517.5,19810.25,15661.25,4029.0,19966.5
2025-05-26 16:00:00+00:00,56872.5,25831.0,14769.25,4161.5,12110.75,12914.75,3911.25,12441.25
2025-05-26 17:00:00+00:00,56810.79,35932.54,11037.25,4269.5,5571.5,9281.75,3899.25,5688.5
2025-05-26 18:00:00+00:00,55379.67,42104.67,7298.5,4442.0,1534.5,6801.25,4034.0,1573.5
2025-05-26 19:00:00+00:00,53530.33,42261.08,5938.75,5237.0,93.5,5970.25,4401.0,69.5
2025-05-26 20:00:00+00:00,50169.24,38938.49,5416.75,5776.0,38.0,6109.75,4827.25,0.0
2025-05-26 21:00:00+00:00,46693.58,33015.83,7240.5,6411.75,25.5,7054.0,5234.25,0.0
2025-05-26 22:00:00+00:00,43926.51,28444.26,9463.5,5996.75,22.0,8967.5,5358.5,0.0
2025-05-26 23:00:00+00:00,42200.08,24139.33,12165.5,5876.75,18.5,11212.25,5661.25,0.0
2025-05-27 00:00:00+00:00,41626.51,22969.51,13545.75,5098.75,12.5,13285.25,5836.25,0.0
2025-05-27 01:00:00+00:00,42030.98,22451.48,14641.25,4924.75,13.5,15212.5,5860.75,0.0
2025-05-27 02:00:00+00:00,43136.88,22336.13,16200.5,4586.0,14.25,17099.75,5760.5,3.5
2025-05-27 03:00:00+00:00,45699.42,23351.42,17597.75,4273.0,477.25,18797.75,5349.25,450.75
2025-05-27 04:00:00+00:00,53409.45,25657.2,19743.25,4649.75,3359.25,20305.0,5103.25,2948.5
2025-05-27 05:00:00+00:00,58103.63,24915.13,20455.0,3889.25,8844.25,20097.25,5099.5,7748.0
2025-05-27 06:00:00+00:00,60233.24,21167.49,19950.25,2884.75,16230.75,20111.0,5057.75,13378.5
2025-05-27 07:00:00+00:00,61417.32,13614.07,20335.75,3451.0,24016.5,22267.75,4925.75,18425.0
2025-05-27 08:00:00+00:00,61189.21,8783.71,20378.5,3360.25,28666.75,25062.75,4769.0,21858.0
2025-05-27 09:00:00+00:00,61364.81,6662.56,22187.5,3804.0,28710.75,26284.5,4560.5,23761.75
2025-05-27 10:00:00+00:00,61123.48,5843.23,24074.0,4345.0,26861.25,26786.5,4279.5,24291.25
2025-05-27 11:00:00+00:00,60512.88,5324.63,26365.5,3596.25,25226.5,26653.75,3863.0,23969.5
2025-05-27 12:00:00+00:00,59162.16,6060.16,26248.0,3003.0,23851.0,26041.25,3408.75,23470.0
2025-05-27 13:00:00+00:00,59121.73,9067.98,24995.25,2890.0,22168.5,25065.0,3110.75,21815.0
2025-05-27 14:00:00+00:00,57876.66,12447.41,23344.5,2713.5,19371.25,23512.5,2956.75,18336.75
2025-05-27 15:00:00+00:00,57911.73,20010.73,21839.25,2186.5,13875.25,21035.75,2862.0,13859.25
2025-05-27 16:00:00+00:00,58056.77,28996.77,19396.25,1435.25,8228.5,18194.25,2645.5,8979.5
2025-05-27 17:00:00+00:00,56282.55,34825.8,17018.5,817.75,3620.5,15582.0,2369.25,4305.5
2025-05-27 18:00:00+00:00,54632.81,35429.56,17403.0,984.5,815.75,14693.25,2164.25,1143.5
2025-05-27 19:00:00+00:00,52854.84,31833.34,19701.75,1285.0,34.75,16006.0,2078.5,57.25
2025-05-27 20:00:00+00:00,50070.84,26837.84,22203.5,1010.0,19.5,18006.0,2124.0,0.0
2025-05-27 21:00:00+00:00,46683.4,21088.15,24937.25,646.5,11.5,20097.75,2460.25,0.0
2025-05-27 22:00:00+00:00,43457.92,16934.67,25988.25,525.25,9.75,24530.5,2200.25,0.0
2025-05-27 23:00:00+00:00,42236.29,15013.04,26617.25,596.0,10.0,25743.75,2783.0,0.0
2025-05-28 00:00:00+00:00,42167.08,14206.08,27158.75,790.75,11.5,26356.0,3183.25,0.0
2025-05-28 01:00:00+00:00,42618.66,14742.41,27127.5,738.5,10.25,26868.0,3273.5,0.0
2025-05-28 02:00:00+00:00,43844.37,15808.37,26789.5,1235.5,11.0,27217.75,3122.75,1.0
2025-05-28 03:00:00+00:00,47590.65,19484.65,26130.5,1832.5,143.0,27236.0,3011.25,189.25
2025-05-28 04:00:00+00:00,53663.3,24723.8,25858.25,1893.5,1187.75,27464.75,3004.75,1325.0
2025-05-28 05:00:00+00:00,58362.41,28498.91,24768.25,1842.75,3252.5,26954.75,2987.0,3570.0
2025-05-28 06:00:00+00:00,61377.23,29832.98,23293.25,1762.0,6489.0,26013.25,2873.25,6486.0
2025-05-28 07:00:00+00:00,62701.86,28647.11,22311.5,1527.75,10215.5,25382.75,2702.0,9631.25
2025-05-28 08:00:00+00:00,63317.89,25087.14,22726.25,1074.25,14430.25,25133.0,2385.75,12822.5
2025-05-28 09:00:00+00:00,64359.05,22248.55,23336.75,652.0,18121.75,24955.75,1984.5,15790.75
2025-05-28 10:00:00+00:00,62827.6,17434.6,23811.0,486.0,21096.0,24722.5,1768.5,18112.0
2025-05-28 11:00:00+00:00,60386.52,14049.02,23621.25,400.75,22315.5,24567.75,1717.0,19596.5
2025-05-28 12:00:00+00:00,59247.48,13284.48,23465.5,443.25,22054.25,24685.5,1813.5,20287.75
2025-05-28 13:00:00+00:00,57692.98,15317.73,21526.0,566.75,20282.5,24559.5,2068.75,20161.25
2025-05-28 14:00:00+00:00,56515.37,16851.37,20877.5,986.75,17799.75,23832.5,2411.75,18769.5
2025-05-28 15:00:00+00:00,56294.82,20051.57,20407.75,1304.5,14531.0,22801.0,2690.75,15622.0
2025-05-28 16:00:00+00:00,56523.38,24120.63,21005.75,1710.75,9686.25,21299.75,2933.25,10629.75
2025-05-28 17:00:00+00:00,56045.5,28871.5,20184.0,2118.25,4871.75,18653.25,3005.75,5308.25
2025-05-28 18:00:00+00:00,54058.74,32074.99,18280.0,2285.0,1418.75,16112.25,2950.5,1534.0
2025-05-28 19:00:00+00:00,51412.12,32107.12,16740.25,2443.5,121.25,14722.25,2801.5,88.75
2025-05-28 20:00:00+00:00,49286.06,31591.31,15079.25,2575.5,40.0,13936.5,2547.75,0.0
2025-05-28 21:00:00+00:00,46129.39,29672.39,14166.75,2276.5,13.75,13502.25,2289.5,0.0
2025-05-28 22:00:00+00:00,43171.73,27021.48,14004.25,2131.0,15.0,13706.0,1985.75,0.0
2025-05-28 23:00:00+00:00,41216.76,25542.51,13674.25,1986.5,13.5,13152.25,1796.75,0.0
2025-05-29 00:00:00+00:00,40109.28,25315.28,13312.75,1470.75,10.5,12531.5,1594.25,0.0
2025-05-29 01:00:00+00:00,39625.32,26522.82,11791.25,1299.5,11.75,11720.25,1409.75,0.0
2025-05-29 02:00:00+00:00,39519.48,27773.23,10467.75,1262.25,16.25,10699.0,1274.5,4.0
2025-05-29 03:00:00+00:00,38328.82,27817.57,8932.5,1053.75,525.0,9527.75,1150.75,496.5
2025-05-29 04:00:00+00:00,38403.16,27089.91,6945.25,849.75,3518.25,7905.25,1049.25,3357.5
2025-05-29 05:00:00+00:00,40488.42,24895.17,5200.75,879.0,9513.5,6184.25,1009.0,9188.5
2025-05-29 06:00:00+00:00,43375.46,20737.71,4047.5,1047.75,17542.5,4978.75,1031.75,16492.0
2025-05-29 07:00:00+00:00,46189.15,15127.65,3878.25,1320.75,25862.5,4401.0,1198.75,23989.0
2025-05-29 08:00:00+00:00,47443.52,9532.52,4461.75,1650.5,31798.75,4593.75,1522.5,29741.25
2025-05-29 09:00:00+00:00,48087.81,4803.06,5107.5,2518.25,35659.0,5492.25,1936.75,33196.25
2025-05-29 10:00:00+00:00,47448.54,1855.29,5997.75,2918.0,36677.5,6782.0,2474.5,34282.0
2025-05-29 11:00:00+00:00,45669.92,781.42,7375.25,3470.25,34043.0,7951.0,3075.25,33153.0
2025-05-29 12:00:00+00:00,45121.58,1650.08,8766.5,4455.25,30249.75,8920.5,3770.0,30813.25
2025-05-29 13:00:00+00:00,44678.71,5017.71,9505.0,4652.0,25504.0,9485.25,4541.0,26901.75
2025-05-29 14:00:00+00:00,44082.15,9221.65,10181.75,4700.25,19978.5,9675.25,5194.5,21262.75
2025-05-29 15:00:00+00:00,45024.02,13706.77,10940.25,5643.5,14733.5,9878.25,5516.25,15056.75
2025-05-29 16:00:00+00:00,45556.42,18503.17,12225.0,6154.5,8673.75,10249.0,5569.0,9200.5
2025-05-29 17:00:00+00:00,45867.28,23238.28,12719.25,6123.25,3786.5,11056.75,5455.75,4311.25
2025-05-29 18:00:00+00:00,44938.59,24754.34,13447.75,5770.75,965.75,12596.5,5265.75,1126.5
2025-05-29 19:00:00+00:00,44212.43,24064.43,14501.25,5568.0,78.75,14607.0,4953.75,50.5
2025-05-29 20:00:00+00:00,43491.94,21839.19,16065.75,5550.75,36.25,16192.5,4739.75,0.0
2025-05-29 21:00:00+00:00,41584.72,16855.72,19456.25,5261.5,11.25,17956.25,4704.5,0.0
2025-05-29 22:00:00+00:00,38818.07,11637.82,21353.0,5816.0,11.25,20155.75,4687.5,0.0
2025-05-29 23:00:00+00:00,37765.7,10622.2,21567.5,5566.0,10.0,20622.0,4826.5,0.0
2025-05-30 00:00:00+00:00,37087.78,10039.28,21537.75,5498.0,12.75,20636.25,4924.75,0.0
2025-05-30 01:00:00+00:00,37232.62,10572.37,21174.25,5474.75,11.25,20342.25,5053.75,0.0
2025-05-30 02:00:00+00:00,38511.6,12873.6,20031.5,5593.25,13.25,19678.0,5103.75,1.0
2025-05-30 03:00:00+00:00,40578.83,15595.83,18931.0,5737.75,314.25,18712.25,5052.25,350.25
2025-05-30 04:00:00+00:00,44668.52,18477.02,18140.25,5365.75,2685.5,17719.5,4955.75,2916.0
2025-05-30 05:00:00+00:00,48427.1,18449.35,16440.75,5184.75,8352.25,16394.5,4875.75,8470.75
2025-05-30 06:00:00+00:00,52023.7,14127.95,14786.0,5875.5,17234.25,15435.25,4845.5,15746.75
2025-05-30 07:00:00+00:00,53495.23,6707.48,13437.25,6246.0,27104.5,15423.5,4852.25,22969.5
2025-05-30 08:00:00+00:00,54268.85,2006.1,12040.5,6056.75,34165.5,15942.75,4728.25,28678.25
2025-05-30 09:00:00+00:00,53346.25,826.5,12509.75,3162.5,36847.5,16573.75,3676.75,32180.75
2025-05-30 10:00:00+00:00,53070.6,-3156.9,14438.5,3225.0,38564.0,16867.25,3668.75,34698.0
2025-05-30 11:00:00+00:00,51290.89,-5921.11,14906.25,3534.75,38771.0,17236.75,3654.5,35946.0
2025-05-30 12:00:00+00:00,49552.67,-6050.33,13937.0,3271.0,38395.0,17442.25,3679.5,35956.5
2025-05-30 13:00:00+00:00,49305.7,-3681.8,13364.5,3272.5,36350.5,17443.5,3719.25,34106.75
2025-05-30 14:00:00+00:00,49774.55,403.55,13816.5,3540.25,32014.25,17342.25,3746.25,29858.75
2025-05-30 15:00:00+00:00,51754.84,6473.34,13659.5,5707.25,25914.75,16251.0,4818.0,23283.25
2025-05-30 16:00:00+00:00,51749.85,16508.35,13324.5,5720.0,16197.0,13942.0,4905.0,14509.5
2025-05-30 17:00:00+00:00,52174.02,29680.02,10218.0,5344.5,6931.5,10872.25,4786.75,6474.0
2025-05-30 18:00:00+00:00,50548.43,36872.18,7253.75,4603.25,1819.25,8663.0,4626.5,1886.75
2025-05-30 19:00:00+00:00,49032.48,39157.73,5573.0,4171.75,130.0,7369.75,4446.75,99.0
2025-05-30 20:00:00+00:00,47102.78,38573.78,4755.5,3733.0,40.5,6400.0,4261.25,0.0
2025-05-30 21:00:00+00:00,43593.99,36260.74,4228.75,3081.0,23.5,5651.5,4054.0,0.0
2025-05-30 22:00:00+00:00,40700.66,34517.66,3606.75,2554.0,22.25,4816.5,2914.0,0.0
2025-05-30 23:00:00+00:00,38783.66,33630.91,3024.0,2116.5,12.25,4347.75,2593.0,0.0
2025-05-31 00:00:00+00:00,37262.83,33119.83,2705.0,1427.5,10.5,3979.0,2254.75,0.0
2025-05-31 01:00:00+00:00,36781.76,33084.51,2539.5,1147.5,10.25,3484.25,1885.0,0.0
2025-05-31 02:00:00+00:00,36963.88,33647.88,2452.75,844.25,19.0,2913.75,1491.0,3.75
2025-05-31 03:00:00+00:00,36985.09,33787.09,2063.5,531.25,603.25,2448.0,1154.75,569.75
2025-05-31 04:00:00+00:00,38677.31,32441.56,1618.0,491.5,4126.25,2032.5,946.0,3908.75
2025-05-31 05:00:00+00:00,41413.18,27830.68,1193.5,526.5,11862.5,1612.25,835.25,11259.75
2025-05-31 06:00:00+00:00,44335.46,20872.21,820.75,232.5,22410.0,1214.75,756.25,20764.25
2025-05-31 07:00:00+00:00,46255.73,13587.73,618.25,170.5,31879.25,1069.25,705.75,29892.75
2025-05-31 08:00:00+00:00,46501.76,6940.26,729.5,226.75,38605.25,1311.5,670.0,36460.0
2025-05-31 09:00:00+00:00,47010.96,4236.71,920.75,391.5,41462.0,1813.0,674.25,40151.75
2025-05-31 10:00:00+00:00,46688.24,1903.49,1375.5,511.0,42898.25,2035.25,695.75,41068.5
2025-05-31 11:00:00+00:00,45873.26,1421.51,1633.25,530.0,42288.5,2008.5,714.5,40120.25
2025-05-31 12:00:00+00:00,45530.05,4206.8,1761.25,528.75,39033.25,2032.25,683.25,37498.0
2025-05-31 13:00:00+00:00,45592.13,9238.13,1972.75,516.5,33864.75,1987.5,593.5,33750.75
2025-05-31 14:00:00+00:00,45481.55,14754.05,2451.5,403.25,27872.75,2078.5,471.0,27950.25
2025-05-31 15:00:00+00:00,46288.65,23158.9,2160.25,352.5,20617.0,1973.5,386.75,20526.25
2025-05-31 16:00:00+00:00,46695.65,32159.15,2897.5,134.25,11504.75,1545.75,291.75,12470.25
2025-05-31 17:00:00+00:00,46530.32,37373.07,4127.5,120.5,4909.25,1514.75,228.0,5736.75
2025-05-31 18:00:00+00:00,45177.59,38795.84,4837.0,122.0,1422.75,1938.75,207.5,1655.0
2025-05-31 19:00:00+00:00,43358.31,38038.06,4998.0,194.75,127.5,2738.75,242.0,91.25
2025-05-31 20:00:00+00:00,42196.65,35624.4,6114.5,424.75,33.0,3952.0,344.75,0.0
2025-05-31 21:00:00+00:00,39914.16,31874.41,7419.5,600.5,19.75,5426.0,504.0,0.0
2025-05-31 22:00:00+00:00,37447.45,28251.7,8375.75,803.25,16.75,7092.5,1070.25,0.0
2025-05-31 23:00:00+00:00,35546.63,24428.63,9930.25,1176.5,11.25,8347.0,1450.0,0.0
2025-06-01 00:00:00+00:00,34047.57,21477.82,11124.75,1437.25,7.75,9566.75,1684.75,0.0
2025-06-01 01:00:00+00:00,33962.16,20033.41,12520.0,1402.25,6.5,10273.0,1880.25,0.0
2025-06-01 02:00:00+00:00,34545.98,20990.73,11812.0,1730.0,13.25,10478.25,2070.0,3.25
2025-06-01 03:00:00+00:00,34761.66,20378.41,11832.75,2142.0,408.5,10397.5,2248.5,447.0
2025-06-01 04:00:00+00:00,35846.04,19064.29,11845.5,2298.25,2638.0,10289.0,2416.5,2811.0
2025-06-01 05:00:00+00:00,38000.27,17510.77,10755.75,2590.5,7143.25,9875.25,2547.5,7180.0
2025-06-01 06:00:00+00:00,41319.3,17647.8,8109.5,2294.5,13267.5,9009.0,2532.5,12737.25
2025-06-01 07:00:00+00:00,44109.45,16499.7,6516.5,1104.75,19988.5,8536.0,2004.75,18866.5
2025-06-01 08:00:00+00:00,46044.0,13059.75,6130.75,1024.0,25829.5,8888.75,2048.75,24013.25
2025-06-01 09:00:00+00:00,46614.66,9523.66,6053.0,815.0,30223.0,9774.75,2086.5,27887.75
2025-06-01 10:00:00+00:00,46203.37,5579.12,6875.75,1142.5,32606.0,10569.5,2138.0,30202.0
2025-06-01 11:00:00+00:00,44536.05,1360.8,8454.25,1195.0,33526.0,11490.75,2268.0,30602.75
2025-06-01 12:00:00+00:00,42547.0,-709.25,10024.75,1121.25,32110.25,12741.5,2405.75,29652.25
2025-06-01 13:00:00+00:00,42028.66,-147.09,12261.25,1315.5,28599.0,13632.5,2449.5,27418.5
2025-06-01 14:00:00+00:00,42658.1,3788.34,14690.25,1565.5,22614.0,14788.25,2421.0,23571.25
2025-06-01 15:00:00+00:00,45628.21,9314.71,17260.25,2058.25,16995.0,15797.25,2401.75,18194.5
2025-06-01 16:00:00+00:00,46856.59,14968.59,17137.75,3810.0,10940.25,15254.75,3151.25,11938.5
2025-06-01 17:00:00+00:00,47263.35,22476.1,15357.25,3831.0,5599.0,12838.25,3174.5,5803.0
2025-06-01 18:00:00+00:00,46270.39,28803.64,12464.25,3314.5,1688.0,10327.25,3471.75,1774.75
2025-06-01 19:00:00+00:00,46456.35,32484.1,10514.25,3350.25,107.75,8424.5,3928.25,117.5
2025-06-01 20:00:00+00:00,45975.86,33247.36,9020.75,3689.75,18.0,7168.25,4461.25,0.0
2025-06-01 21:00:00+00:00,43455.18,30936.68,8080.25,4429.25,9.0,6364.75,4824.25,0.0
2025-06-01 22:00:00+00:00,40840.83,29339.08,6976.75,4510.0,15.0,6544.0,4741.5,0.0
2025-06-01 23:00:00+00:00,39430.23,27984.23,6453.5,4983.5,9.0,6101.5,5139.0,0.0
2025-06-02 00:00:00+00:00,38813.79,27465.54,6076.25,5265.0,7.0,6306.0,5175.0,0.0
2025-06-02 01:00:00+00:00,38835.48,27328.98,6150.75,5349.25,6.5,6783.75,4899.75,0.0
2025-06-02 02:00:00+00:00,39819.48,28229.23,6800.0,4775.0,15.25,7320.0,4422.5,5.25
2025-06-02 03:00:00+00:00,43230.31,30673.31,7932.75,4139.75,484.5,7849.75,3838.0,537.75
2025-06-02 04:00:00+00:00,50840.84,36627.84,7814.5,3201.0,3197.5,7915.75,3236.5,3358.75
2025-06-02 05:00:00+00:00,56422.21,39278.71,6177.5,2618.0,8348.0,6701.5,2725.25,9167.0
2025-06-02 06:00:00+00:00,59409.4,37627.15,4845.75,2025.5,14911.0,5763.5,2390.0,16391.25
2025-06-02 07:00:00+00:00,60504.19,32392.19,4931.25,1986.75,21194.0,6288.5,2229.5,23143.0
2025-06-02 08:00:00+00:00,61390.85,26694.6,5933.0,2186.25,26577.0,7411.5,2210.25,27931.0
2025-06-02 09:00:00+00:00,61812.86,22541.61,7247.25,2293.5,29730.5,8612.5,2190.75,30570.25
2025-06-02 10:00:00+00:00,61525.95,20775.95,8396.5,2500.25,29853.25,9800.0,2086.5,31810.25
2025-06-02 11:00:00+00:00,60756.01,19274.75,9888.75,2370.75,29221.75,10964.25,2015.5,31589.25
2025-06-02 12:00:00+00:00,59923.08,19059.58,10540.75,2100.25,28222.5,11865.25,1924.75,29919.75
2025-06-02 13:00:00+00:00,59163.03,21154.28,10583.25,2193.0,25232.5,12142.0,1835.0,27275.5
2025-06-02 14:00:00+00:00,58227.79,24461.29,10357.25,2033.75,21375.5,11856.25,1654.25,23502.0
2025-06-02 15:00:00+00:00,58486.7,31611.2,8844.25,1877.0,16154.25,10848.5,1515.5,18117.5
2025-06-02 16:00:00+00:00,58159.98,39140.98,6909.75,1516.75,10592.5,9194.75,1411.5,11729.75
2025-06-02 17:00:00+00:00,58111.87,46158.87,5227.25,1393.5,5332.25,7329.25,1307.75,5736.0
2025-06-02 18:00:00+00:00,55818.63,48856.13,4002.25,1138.5,1821.75,5742.5,1187.25,1757.75
2025-06-02 19:00:00+00:00,53132.21,48380.21,3385.25,1193.5,173.25,4849.75,1062.5,127.5
2025-06-02 20:00:00+00:00,50629.42,46428.67,3075.75,1113.25,11.75,4356.25,981.75,0.0
2025-06-02 21:00:00+00:00,46941.07,43176.82,2905.0,852.25,7.0,3896.75,960.0,0.0
2025-06-02 22:00:00+00:00,43894.99,40690.74,2414.75,776.25,13.25,2257.0,667.75,0.0
2025-06-02 23:00:00+00:00,41745.05,38893.8,1996.25,846.25,8.75,1952.25,801.25,0.0
2025-06-03 00:00:00+00:00,40619.85,37998.85,1600.0,1013.75,7.25,1754.0,1030.75,0.0
2025-06-03 01:00:00+00:00,40507.25,37615.5,1489.0,1395.75,7.0,1743.25,1314.0,0.0
2025-06-03 02:00:00+00:00,41752.9,37923.15,1802.0,2014.75,13.0,2018.0,1670.0,6.5
2025-06-03 03:00:00+00:00,44918.11,39158.11,2744.5,2489.5,526.0,2627.75,2032.0,617.75
2025-06-03 04:00:00+00:00,51675.78,41424.53,3781.75,3056.0,3413.5,3429.5,2458.75,3808.25
2025-06-03 05:00:00+00:00,56990.24,38946.99,4076.75,3920.75,10045.75,3755.0,3094.25,11261.0
2025-06-03 06:00:00+00:00,59694.45,32712.2,3278.25,4241.25,19462.75,3491.75,3682.0,21043.0
2025-06-03 07:00:00+00:00,60060.11,21625.11,4127.5,4785.5,29522.0,4233.0,4079.25,29852.75
2025-06-03 08:00:00+00:00,60406.07,12498.57,6456.0,4419.0,37032.5,6380.25,4168.25,35821.75
2025-06-03 09:00:00+00:00,60066.58,8585.58,8202.25,3821.5,39457.25,8810.0,4107.25,38631.0
2025-06-03 10:00:00+00:00,59108.18,5631.68,9198.0,3760.5,40518.0,10592.5,3974.0,39152.25
2025-06-03 11:00:00+00:00,57937.64,4720.64,9431.75,3610.25,40175.0,11703.75,3880.25,38059.0
2025-06-03 12:00:00+00:00,56463.99,5690.49,8632.75,3581.25,38559.5,12319.0,3859.75,35653.75
2025-06-03 13:00:00+00:00,56382.51,8017.01,9660.5,3790.75,34914.25,12767.75,3979.0,32388.25
2025-06-03 14:00:00+00:00,57154.58,10771.33,12595.0,4162.5,29625.75,13094.75,4123.25,27517.75
2025-06-03 15:00:00+00:00,57567.18,17304.18,13038.5,4999.75,22224.75,12570.25,4325.0,20675.75
2025-06-03 16:00:00+00:00,58680.24,30146.74,10632.75,4533.0,13367.75,10914.25,4451.25,12920.0
2025-06-03 17:00:00+00:00,58582.82,40133.32,7779.0,4648.0,6022.5,8931.25,4661.5,6112.75
2025-06-03 18:00:00+00:00,56151.64,42254.89,7457.25,4631.25,1808.25,8532.75,4918.75,1880.0
2025-06-03 19:00:00+00:00,54425.58,40146.08,9157.5,5016.0,106.0,9496.75,5127.0,134.25
2025-06-03 20:00:00+00:00,52184.95,34975.7,11546.75,5654.0,8.5,10791.25,5231.5,0.0
2025-06-03 21:00:00+00:00,48344.04,28752.79,13450.25,6135.0,6.0,11782.0,5324.75,0.0
2025-06-03 22:00:00+00:00,46022.74,24820.74,14159.0,7036.5,6.5,12615.25,5733.5,0.0
2025-06-03 23:00:00+00:00,44319.5,23366.0,13340.0,7607.25,6.25,12628.0,5840.75,0.0
2025-06-04 00:00:00+00:00,43468.22,23083.97,12815.5,7562.5,6.25,12573.5,5830.5,0.0
2025-06-04 01:00:00+00:00,43328.66,23995.91,12891.75,6433.75,7.25,12538.75,5697.75,0.0
2025-06-04 02:00:00+00:00,43567.8,25218.05,13337.75,4994.5,17.5,12616.25,5465.75,8.75
2025-06-04 03:00:00+00:00,45789.94,26958.94,14008.0,4322.75,500.25,12812.0,5180.0,595.25
2025-06-04 04:00:00+00:00,52949.29,31445.79,14162.0,3993.25,3348.25,12713.5,4802.0,3451.5
2025-06-04 05:00:00+00:00,58760.0,33570.0,12231.0,4005.25,8953.75,11318.5,4320.5,9454.75
2025-06-04 06:00:00+00:00,62329.37,34642.37,9075.25,3652.5,14959.25,9397.0,3771.5,16357.25
2025-06-04 07:00:00+00:00,61773.89,29149.14,9260.75,3308.5,20055.5,9164.25,2979.75,21977.5
2025-06-04 08:00:00+00:00,61998.94,23673.69,11187.75,2921.75,24215.75,10689.25,2483.75,25493.25
2025-06-04 09:00:00+00:00,62591.09,19635.34,13989.75,2599.5,26366.5,12447.5,2068.5,27191.25
2025-06-04 10:00:00+00:00,62974.83,18019.33,15855.25,2558.0,26542.25,13614.75,1849.25,27939.25
2025-06-04 11:00:00+00:00,61956.35,17105.35,16155.75,3052.25,25643.0,14034.5,1779.0,27205.25
2025-06-04 12:00:00+00:00,60300.65,15483.9,15516.0,3414.5,25886.25,13754.5,1792.5,25036.5
2025-06-04 13:00:00+00:00,58934.15,17250.4,13832.0,3005.5,24846.25,12856.5,1898.0,21729.25
2025-06-04 14:00:00+00:00,58333.85,20536.6,13747.25,3282.5,20767.5,11860.5,2038.25,17251.25
2025-06-04 15:00:00+00:00,59664.74,29065.74,12263.75,3730.75,14604.5,11178.5,2111.25,12436.25
2025-06-04 16:00:00+00:00,60999.48,37369.73,10830.25,3704.75,9094.75,10420.75,1959.5,8171.25
2025-06-04 17:00:00+00:00,60042.43,42674.93,9849.75,3042.5,4475.25,9283.5,1745.25,4274.75
2025-06-04 18:00:00+00:00,57863.94,45344.19,8749.0,2425.5,1345.25,8190.25,1550.5,1330.0
2025-06-04 19:00:00+00:00,55065.01,44510.26,8543.25,1913.5,98.0,7523.75,1443.5,104.25
2025-06-04 20:00:00+00:00,51813.45,41980.95,8228.0,1593.25,11.25,7452.75,1482.0,0.0
2025-06-04 21:00:00+00:00,47731.72,38320.22,7833.75,1564.25,13.5,7706.5,1637.25,0.0
2025-06-04 22:00:00+00:00,43958.02,35557.02,6993.0,1388.0,20.0,6126.75,1910.0,0.0
2025-06-04 23:00:00+00:00,42176.31,33536.56,6835.25,1795.75,8.75,6076.0,1990.25,0.0
2025-06-05 00:00:00+00:00,41309.15,32262.4,6581.0,2457.5,8.25,6396.5,2202.5,0.0
2025-06-05 01:00:00+00:00,41425.42,31816.42,6774.0,2828.5,6.5,6867.25,2571.5,0.0
2025-06-05 02:00:00+00:00,42638.41,31879.16,7661.0,3082.5,15.75,7295.0,3010.0,7.0
2025-06-05 03:00:00+00:00,45234.49,31779.49,9225.5,3749.75,479.75,7559.75,3451.0,498.5
2025-06-05 04:00:00+00:00,52021.34,35202.34,10076.25,3685.5,3057.25,7700.75,3795.75,2978.5
2025-06-05 05:00:00+00:00,57066.27,36199.77,8836.0,4199.5,7831.0,7403.5,3878.75,7861.25
2025-06-05 06:00:00+00:00,60073.86,33238.11,8360.75,4394.0,14081.0,7253.75,3724.0,14042.75
2025-06-05 07:00:00+00:00,61207.74,25791.99,10677.75,4419.0,20319.0,8621.25,3511.25,20195.0
2025-06-05 08:00:00+00:00,61880.52,19566.77,13750.75,4276.5,24286.5,11178.75,3337.0,24794.75
2025-06-05 09:00:00+00:00,61440.48,13652.23,16593.0,4427.25,26768.0,13514.5,3195.5,27738.0
2025-06-05 10:00:00+00:00,60963.53,10204.53,18342.5,4120.5,28296.0,15324.25,3165.75,29116.75
2025-06-05 11:00:00+00:00,59799.82,8493.82,19523.0,3791.0,27992.0,16589.75,3228.25,28458.0
2025-06-05 12:00:00+00:00,59044.48,9937.98,20138.5,3126.0,25842.0,17568.25,3318.5,26661.25
2025-06-05 13:00:00+00:00,58597.99,13520.74,20088.5,2076.75,22912.0,17983.0,3385.75,23830.0
2025-06-05 14:00:00+00:00,57331.54,15159.04,20653.25,1654.75,19864.5,17957.0,3532.5,19651.75
2025-06-05 15:00:00+00:00,57587.9,20866.4,19362.75,1729.25,15629.5,17278.0,3818.5,14861.5
2025-06-05 16:00:00+00:00,57510.52,27514.02,18127.5,1785.5,10083.5,15939.75,4267.75,9739.5
2025-06-05 17:00:00+00:00,56936.81,33838.81,15907.25,2219.5,4971.25,14631.25,4665.5,4923.25
2025-06-05 18:00:00+00:00,55648.41,36859.41,14070.25,3251.0,1467.75,14359.75,5026.5,1504.5
2025-06-05 19:00:00+00:00,53446.03,35303.28,15119.75,2928.0,95.0,15259.25,5190.25,114.5
2025-06-05 20:00:00+00:00,50848.46,30652.46,16872.75,3306.5,16.75,16482.0,5233.25,0.0
2025-06-05 21:00:00+00:00,47711.93,24630.18,19200.5,3868.5,12.75,17884.75,5188.75,0.0
2025-06-05 22:00:00+00:00,44466.68,20165.18,20846.25,3438.0,17.25,20241.0,3606.0,0.0
2025-06-05 23:00:00+00:00,43334.93,16440.43,23116.5,3769.25,8.75,22011.0,3685.75,0.0
2025-06-06 00:00:00+00:00,42644.12,12683.37,25383.0,4571.25,6.5,23308.25,3797.25,0.0
2025-06-06 01:00:00+00:00,42870.56,10576.81,27071.5,5216.0,6.25,24721.25,3772.0,0.0
2025-06-06 02:00:00+00:00,43972.88,9594.63,29223.25,5147.0,8.0,26252.5,3707.0,4.75
2025-06-06 03:00:00+00:00,46938.85,9664.1,31783.5,5253.5,237.75,27710.75,3636.5,316.75
2025-06-06 04:00:00+00:00,53864.18,11471.68,34523.75,5993.0,1875.75,29617.25,3716.75,2176.25
2025-06-06 05:00:00+00:00,59000.75,12482.75,34618.25,6027.25,5872.5,30662.5,4065.0,6241.25
2025-06-06 06:00:00+00:00,62581.48,9497.23,34634.25,5891.5,12558.5,31454.5,4411.0,11929.5
2025-06-06 07:00:00+00:00,63727.18,3702.68,33918.25,5543.25,20563.0,32246.0,4486.25,18234.75
2025-06-06 08:00:00+00:00,62358.35,3199.85,30387.75,3378.25,25392.5,31898.5,3691.5,23617.25
2025-06-06 09:00:00+00:00,61326.04,384.79,29784.25,2447.75,28709.25,30265.25,3675.25,27756.25
2025-06-06 10:00:00+00:00,60402.75,-1099.75,28429.0,2607.75,30465.75,28956.0,3643.0,30492.75
2025-06-06 11:00:00+00:00,58805.42,-1119.08,27637.75,1607.75,30679.0,28027.25,3602.5,31284.75
2025-06-06 12:00:00+00:00,57653.03,-1155.47,26843.0,1946.5,30019.0,27854.5,3608.5,30698.5
2025-06-06 13:00:00+00:00,56510.64,1009.64,25720.0,2330.75,27450.25,27466.75,3679.5,28394.75
2025-06-06 14:00:00+00:00,55782.57,3819.82,25040.5,2379.75,24542.5,27206.5,3794.5,24523.75
2025-06-06 15:00:00+00:00,57253.98,7938.48,25301.25,4405.25,19609.0,26491.25,4838.5,19263.0
2025-06-06 16:00:00+00:00,56738.51,17984.26,21955.0,4900.0,11899.25,23225.5,5045.0,12347.5
2025-06-06 17:00:00+00:00,56012.84,29136.09,16756.5,4458.75,5661.5,19059.25,5103.75,5930.5
2025-06-06 18:00:00+00:00,54709.7,34574.95,14148.5,4181.75,1804.5,16122.25,4807.75,1823.75
2025-06-06 19:00:00+00:00,51918.15,34504.4,14119.5,3159.0,135.25,14868.5,4345.5,134.0
2025-06-06 20:00:00+00:00,48521.62,32456.62,13433.75,2596.25,35.0,14074.0,3760.5,0.75
2025-06-06 21:00:00+00:00,44969.41,29014.66,13859.5,2072.5,22.75,13742.0,3191.75,0.0
2025-06-06 22:00:00+00:00,41944.32,26227.57,13993.25,1707.25,16.25,13725.0,1708.25,0.0
2025-06-06 23:00:00+00:00,40544.16,25398.66,13373.25,1760.5,11.75,13609.25,1575.5,0.0
2025-06-07 00:00:00+00:00,39310.64,25557.14,12331.5,1413.75,8.25,13414.25,1455.25,0.0
2025-06-07 01:00:00+00:00,38648.91,25541.41,11672.5,1428.0,7.0,12948.75,1288.5,0.0
2025-06-07 02:00:00+00:00,38685.4,26626.65,10931.5,1113.5,13.75,12311.25,1120.25,8.25
2025-06-07 03:00:00+00:00,38397.44,26223.19,10869.25,802.75,502.25,11617.0,1006.75,501.5
2025-06-07 04:00:00+00:00,39980.29,25778.29,10656.25,618.5,2927.25,10788.5,958.25,2826.5
2025-06-07 05:00:00+00:00,42503.53,26125.28,9001.25,410.75,6966.25,9743.5,970.0,7163.75
2025-06-07 06:00:00+00:00,45432.17,24483.67,8685.5,461.5,11801.5,9573.75,991.75,12121.0
2025-06-07 07:00:00+00:00,47552.84,20043.84,10455.0,641.75,16412.25,10711.25,1055.5,16569.75
2025-06-07 08:00:00+00:00,49275.2,15271.2,13228.75,535.0,20240.25,12251.25,1123.25,20053.75
2025-06-07 09:00:00+00:00,49839.56,10357.06,15532.5,782.25,23167.75,13584.0,1102.0,22414.75
2025-06-07 10:00:00+00:00,49622.33,7580.08,15808.25,1097.5,25136.5,14966.0,1067.0,23740.75
2025-06-07 11:00:00+00:00,47573.83,5646.33,16902.75,642.25,24382.5,16418.75,992.75,24335.75
2025-06-07 12:00:00+00:00,46761.44,4727.94,17819.5,515.0,23699.0,17882.5,852.0,24266.0
2025-06-07 13:00:00+00:00,46362.53,6241.78,18449.5,710.75,20960.5,18921.75,659.25,23403.75
2025-06-07 14:00:00+00:00,45856.78,9500.28,17920.0,749.75,17686.75,19326.75,578.5,21134.0
2025-06-07 15:00:00+00:00,45867.59,14050.59,16432.75,627.0,14757.25,18865.75,584.75,17042.5
2025-06-07 16:00:00+00:00,46699.46,21056.21,14838.25,680.0,10125.0,17619.5,667.0,11540.75
2025-06-07 17:00:00+00:00,46380.2,26774.95,13479.75,715.0,5410.5,16016.0,850.5,5773.25
2025-06-07 18:00:00+00:00,45033.22,29788.97,12759.25,759.75,1725.25,15004.25,1032.5,1803.0
2025-06-07 19:00:00+00:00,43746.85,30426.35,12590.75,608.25,121.5,15229.0,1131.75,139.25
2025-06-07 20:00:00+00:00,42370.19,28592.94,13284.5,449.0,43.75,16060.5,1268.5,1.75
2025-06-07 21:00:00+00:00,40436.34,24472.09,15313.5,634.0,16.75,17073.5,1401.25,0.0
2025-06-07 22:00:00+00:00,38327.61,21597.36,15889.5,826.5,14.25,16147.25,685.0,0.0
2025-06-07 23:00:00+00:00,36509.51,18673.26,16916.5,905.25,14.5,16880.25,759.0,0.0
2025-06-08 00:00:00+00:00,35131.08,16327.08,18190.0,601.25,12.75,17536.75,803.5,0.0
2025-06-08 01:00:00+00:00,34207.36,14883.36,18954.0,361.75,8.25,18413.5,810.75,0.0
2025-06-08 02:00:00+00:00,33916.51,13808.26,19803.5,287.5,17.25,19221.75,793.0,6.0
2025-06-08 03:00:00+00:00,33862.72,12394.97,20620.5,475.25,372.0,19845.75,784.75,456.0
2025-06-08 04:00:00+00:00,34321.07,9331.57,22181.5,565.25,2242.75,20588.25,775.25,2752.25
2025-06-08 05:00:00+00:00,36510.33,6343.58,23605.75,842.5,5718.5,21268.5,778.0,7197.25
2025-06-08 06:00:00+00:00,39704.33,3915.08,24438.5,927.0,10423.75,21916.25,791.0,12553.25
2025-06-08 07:00:00+00:00,42947.75,5028.75,22436.25,437.0,15045.75,22552.25,655.75,17938.75
2025-06-08 08:00:00+00:00,45071.05,2393.3,23290.25,255.75,19131.75,22809.5,667.25,22768.25
2025-06-08 09:00:00+00:00,46358.72,202.72,22530.5,146.25,23479.25,22318.25,741.0,26454.5
2025-06-08 10:00:00+00:00,45649.03,-2563.47,21018.5,93.25,27100.75,21388.5,879.5,28698.25
2025-06-08 11:00:00+00:00,43740.38,-1736.37,17202.0,98.75,28176.0,21482.75,1061.0,29540.0
2025-06-08 12:00:00+00:00,42166.45,-729.06,15632.75,65.5,27197.25,22407.5,1282.5,29009.5
2025-06-08 13:00:00+00:00,41996.44,-636.06,16579.75,250.0,25802.75,23281.25,1555.75,27145.0
2025-06-08 14:00:00+00:00,42188.77,-342.23,19892.75,684.5,21953.75,24769.5,1842.75,23789.25
2025-06-08 15:00:00+00:00,43185.35,-1309.9,26319.75,902.25,17273.25,26739.0,2167.75,18903.5
2025-06-08 16:00:00+00:00,43934.72,2727.47,28316.0,1485.75,11405.5,28171.0,2422.5,12767.25
2025-06-08 17:00:00+00:00,45188.41,3801.66,30283.5,5094.75,6008.5,26496.75,3346.0,6402.5
2025-06-08 18:00:00+00:00,45252.6,9337.35,28183.75,5799.25,1932.25,24157.5,3678.0,2052.5
2025-06-08 19:00:00+00:00,44278.76,11977.51,26868.0,5298.0,135.25,22806.25,3754.5,170.75
2025-06-08 20:00:00+00:00,43368.06,12748.31,25570.5,5031.25,18.0,21805.5,3709.0,2.0
2025-06-08 21:00:00+00:00,40709.07,10711.32,24766.25,5220.25,11.25,21577.25,3849.25,0.0
2025-06-08 22:00:00+00:00,38705.65,9300.15,24338.25,5061.0,6.25,23245.75,4688.25,0.0
2025-06-08 23:00:00+00:00,37027.15,8190.65,23701.25,5128.75,6.5,22755.0,4727.0,0.0
2025-06-09 00:00:00+00:00,36092.1,8255.35,22776.25,5053.75,6.75,22022.25,4576.75,0.0
2025-06-09 01:00:00+00:00,35816.34,9348.34,21595.0,4865.75,7.25,20963.25,4238.75,0.0
2025-06-09 02:00:00+00:00,35990.17,11462.67,20305.0,4206.0,16.5,19576.75,3757.5,6.75
2025-06-09 03:00:00+00:00,36121.96,13261.46,18873.25,3419.25,568.0,17940.25,3204.0,610.0
2025-06-09 04:00:00+00:00,37060.36,13671.36,16675.0,2797.75,3916.25,15993.75,2680.25,3838.5
2025-06-09 05:00:00+00:00,39003.16,12047.16,13663.25,2458.0,10834.75,13461.5,2264.25,11384.75
2025-06-09 06:00:00+00:00,42321.78,8368.28,11203.5,2276.0,20474.0,11527.0,2009.0,20820.0
2025-06-09 07:00:00+00:00,43256.15,3797.65,9681.75,1274.0,28502.75,10932.75,1812.75,28055.5
2025-06-09 08:00:00+00:00,43586.19,-1541.31,9111.25,1097.75,34918.5,10510.5,1817.5,32530.5
2025-06-09 09:00:00+00:00,43984.8,-3697.95,8977.75,915.75,37789.25,9978.0,1904.25,34527.5
2025-06-09 10:00:00+00:00,44523.87,-3003.38,8814.5,901.5,37811.25,9156.0,2092.0,35285.75
2025-06-09 11:00:00+00:00,43057.16,-4322.34,8709.75,966.75,37703.0,8710.5,2340.25,35103.5
2025-06-09 12:00:00+00:00,41589.27,-4887.73,8642.75,1010.25,36824.0,8720.0,2581.5,34304.0
2025-06-09 13:00:00+00:00,40872.91,-3366.34,8579.25,1386.5,34273.5,9022.25,2729.0,32425.25
2025-06-09 14:00:00+00:00,41528.25,2599.75,7757.0,1500.75,29670.75,9373.5,2704.0,28864.75
2025-06-09 15:00:00+00:00,44126.05,10454.05,6934.25,3062.0,23675.75,8690.0,3063.0,23013.5
2025-06-09 16:00:00+00:00,45143.64,20803.14,6269.75,2758.0,15312.75,7071.5,2873.75,14720.75
2025-06-09 17:00:00+00:00,45071.56,31229.31,4367.75,2183.5,7291.0,5315.25,2500.5,6941.75
2025-06-09 18:00:00+00:00,44604.57,37593.32,2916.75,1780.0,2314.5,4052.75,2109.5,2222.25
2025-06-09 19:00:00+00:00,44063.98,39592.48,2343.75,1944.5,183.25,3494.75,1770.5,181.0
2025-06-09 20:00:00+00:00,43324.0,38839.25,2553.0,1903.25,28.5,3619.25,1516.25,1.25
2025-06-09 21:00:00+00:00,40796.75,34963.0,3934.5,1890.25,9.0,4134.0,1394.5,0.0
2025-06-09 22:00:00+00:00,38197.65,29871.15,5743.75,2569.75,13.0,5651.0,2319.75,0.0
2025-06-09 23:00:00+00:00,36940.4,25759.9,8076.75,3095.0,8.75,7470.5,2894.25,0.0
2025-06-10 00:00:00+00:00,36414.88,22048.63,10372.75,3985.5,8.0,9433.5,3506.0,0.0
2025-06-10 01:00:00+00:00,36500.21,19638.96,12059.75,4794.5,7.0,11107.0,4029.0,0.0
2025-06-10 02:00:00+00:00,38011.68,19449.93,13194.75,5353.75,13.25,12477.25,4410.0,6.25
2025-06-10 03:00:00+00:00,41094.05,20913.8,14297.75,5309.0,573.5,13552.0,4630.5,511.5
2025-06-10 04:00:00+00:00,48739.69,23731.19,15524.75,5720.25,3763.5,14342.25,4638.25,3186.5
2025-06-10 05:00:00+00:00,53843.5,23693.75,15082.5,5883.25,9184.0,14300.5,4600.0,8634.0
2025-06-10 06:00:00+00:00,56968.97,21203.22,13621.5,6300.0,15844.25,13828.25,4597.5,15032.25
2025-06-10 07:00:00+00:00,58243.4,15726.4,14006.25,6307.5,22203.25,14595.0,4547.25,20877.0
2025-06-10 08:00:00+00:00,59295.17,11112.67,16023.25,5777.0,26382.25,17215.0,4616.0,25339.75
2025-06-10 09:00:00+00:00,59965.88,6428.88,18764.25,5592.5,29180.25,20528.0,4590.75,27775.5
2025-06-10 10:00:00+00:00,59249.45,4263.45,20483.25,4934.0,29568.75,22765.0,4536.25,28593.25
2025-06-10 11:00:00+00:00,57696.34,217.84,23557.25,4894.25,29027.0,23767.75,4527.0,28053.25
2025-06-10 12:00:00+00:00,57177.79,544.04,24781.75,5376.0,26476.0,25211.75,4492.0,26603.5
2025-06-10 13:00:00+00:00,56938.17,2548.17,25629.5,5614.75,23145.75,26452.75,4369.0,24285.75
2025-06-10 14:00:00+00:00,56820.85,4130.85,26592.75,6079.25,20018.0,28113.25,4313.25,21217.75
2025-06-10 15:00:00+00:00,56869.69,7861.94,26940.0,6586.0,15481.75,29039.5,4277.0,16487.25
2025-06-10 16:00:00+00:00,56540.38,12632.88,27363.25,6207.75,10336.5,28555.25,4269.0,10823.0
2025-06-10 17:00:00+00:00,56423.21,18219.71,27330.75,5594.75,5278.0,27196.5,4304.25,5391.0
2025-06-10 18:00:00+00:00,55304.12,20379.87,27414.25,5813.25,1696.75,25711.75,4373.0,1779.5
2025-06-10 19:00:00+00:00,53074.81,21423.81,26333.25,5181.25,136.5,24650.0,4391.0,161.5
2025-06-10 20:00:00+00:00,50964.06,21955.31,23673.25,5307.75,27.75,23069.0,4343.0,2.75
2025-06-10 21:00:00+00:00,47890.4,19622.4,23408.0,4846.0,14.0,22013.5,4215.75,0.0
2025-06-10 22:00:00+00:00,44945.51,17434.76,23111.5,4390.75,8.5,24032.25,3878.75,0.0
2025-06-10 23:00:00+00:00,43253.6,17353.1,22238.5,3654.75,7.25,22539.5,3565.75,0.0
2025-06-11 00:00:00+00:00,42637.68,18278.68,20803.5,3548.0,7.5,20665.0,3506.25,0.0
2025-06-11 01:00:00+00:00,42996.81,20190.06,19424.0,3376.0,6.75,18895.0,3545.75,0.0
2025-06-11 02:00:00+00:00,44001.04,22857.54,17873.75,3216.0,53.75,17254.25,3522.25,7.0
2025-06-11 03:00:00+00:00,46230.46,27295.96,15797.25,2496.5,640.75,15404.25,3439.25,560.25
2025-06-11 04:00:00+00:00,52909.1,33505.85,13191.0,2424.25,3788.0,13574.0,3293.25,3474.0
2025-06-11 05:00:00+00:00,57439.84,33897.59,10887.0,2300.25,10355.0,12290.75,3032.5,9637.5
2025-06-11 06:00:00+00:00,59759.98,27866.48,10529.5,2185.0,19179.0,11196.25,2699.0,17499.75
2025-06-11 07:00:00+00:00,58851.12,19637.37,9927.75,1360.25,27925.75,9881.25,2312.0,25235.0
2025-06-11 08:00:00+00:00,59037.64,13086.89,8564.25,1809.25,35577.25,8725.25,1936.25,31759.25
2025-06-11 09:00:00+00:00,58812.33,8636.08,7293.5,1480.0,41402.75,7814.25,1713.25,36850.25
2025-06-11 10:00:00+00:00,56904.32,4165.32,6960.0,1132.25,44646.75,7125.5,1574.75,40128.5
2025-06-11 11:00:00+00:00,55729.92,2520.67,6400.0,904.5,45904.75,6713.5,1503.75,41535.5
2025-06-11 12:00:00+00:00,54460.06,2909.31,5767.5,855.5,44927.75,6506.25,1466.0,41220.5
2025-06-11 13:00:00+00:00,53935.73,5446.98,5242.75,850.5,42395.5,6395.75,1425.5,39028.5
2025-06-11 14:00:00+00:00,53494.95,10119.7,4939.75,772.0,37663.5,6359.0,1371.0,34248.25
2025-06-11 15:00:00+00:00,54762.21,17912.46,5370.75,946.5,30532.5,6237.25,1300.75,26426.0
2025-06-11 16:00:00+00:00,55677.62,30681.12,5154.0,758.25,19084.25,5835.0,1191.5,16309.75
2025-06-11 17:00:00+00:00,56405.79,42764.04,4440.5,736.0,8465.25,5619.75,1059.75,7225.0
2025-06-11 18:00:00+00:00,55283.12,47822.62,4145.75,699.25,2615.5,6008.75,968.25,2194.0
2025-06-11 19:00:00+00:00,53261.9,46588.4,5569.5,811.5,292.5,7252.0,891.25,208.0
2025-06-11 20:00:00+00:00,51186.78,42684.28,7490.25,955.0,57.25,8538.25,810.25,1.25
2025-06-11 21:00:00+00:00,47507.17,37324.42,9267.5,861.5,53.75,9125.0,732.25,0.0
2025-06-11 22:00:00+00:00,44012.11,33249.36,9920.5,785.75,56.5,9656.75,696.75,0.0
2025-06-11 23:00:00+00:00,42236.24,31084.49,10228.5,867.0,56.25,9573.25,689.0,0.0
2025-06-12 00:00:00+00:00,41196.68,29176.93,11010.25,955.0,54.5,9499.25,692.75,0.0
2025-06-12 01:00:00+00:00,40925.56,28612.06,11310.5,948.75,54.25,9517.0,716.75,0.0
2025-06-12 02:00:00+00:00,41889.73,29574.48,11241.5,1001.5,72.25,9701.5,769.5,14.25
2025-06-12 03:00:00+00:00,45005.41,31362.66,11702.5,1158.5,781.75,9983.0,859.75,769.5
2025-06-12 04:00:00+00:00,51522.79,34152.79,11160.0,1590.0,4620.0,9855.0,1016.0,4112.25
2025-06-12 05:00:00+00:00,56686.92,33077.42,8476.5,1772.25,13360.75,8149.0,1209.75,12445.5
2025-06-12 06:00:00+00:00,58200.04,26192.54,5192.75,1634.25,25180.5,6002.0,1316.0,23616.0
2025-06-12 07:00:00+00:00,57800.67,15276.92,4532.5,1586.75,36404.5,5076.5,1285.75,33709.25
2025-06-12 08:00:00+00:00,57511.11,6744.11,4771.75,1573.75,44421.5,5370.5,1318.75,41124.5
2025-06-12 09:00:00+00:00,56934.46,2942.21,4983.0,671.25,48338.0,5998.75,879.0,45414.0
2025-06-12 10:00:00+00:00,55646.03,395.78,5854.75,150.25,49245.25,6540.75,1028.5,46765.25
2025-06-12 11:00:00+00:00,54772.11,-159.39,6459.75,183.5,48288.25,7198.75,1268.25,46456.25
2025-06-12 12:00:00+00:00,54460.98,1060.23,6639.0,489.0,46272.75,8137.5,1544.5,44826.5
2025-06-12 13:00:00+00:00,54204.08,2279.33,8204.25,639.75,43080.75,9217.0,1780.5,41455.5
2025-06-12 14:00:00+00:00,53944.14,4240.39,10219.75,1472.0,38012.0,10642.75,1996.75,36164.25
2025-06-12 15:00:00+00:00,55395.63,7806.88,12504.0,4597.0,30487.75,12336.25,3671.75,27496.0
2025-06-12 16:00:00+00:00,55936.39,18195.14,13662.75,5336.75,18741.75,13290.25,4148.5,16434.75
2025-06-12 17:00:00+00:00,56633.3,28584.05,14086.0,5780.5,8182.75,14036.75,4559.0,6920.25
2025-06-12 18:00:00+00:00,55549.58,32670.08,14797.5,5512.5,2569.5,16417.75,4720.25,2190.75
2025-06-12 19:00:00+00:00,53898.75,28578.5,19575.25,5456.75,288.25,20134.25,4751.5,213.75
2025-06-12 20:00:00+00:00,51935.54,23455.04,23193.5,5227.5,59.5,22317.25,4607.75,2.25
2025-06-12 21:00:00+00:00,48512.52,18981.52,24671.5,4802.25,57.25,23201.0,4564.0,0.0
2025-06-12 22:00:00+00:00,45564.3,16494.3,24609.0,4404.5,56.5,25081.25,3834.5,0.0
2025-06-12 23:00:00+00:00,43387.39,15109.14,23481.5,4741.0,55.75,24550.25,3887.5,0.0
2025-06-13 00:00:00+00:00,42546.56,14966.81,22686.75,4834.25,58.75,23751.25,3913.25,0.0
2025-06-13 01:00:00+00:00,42519.01,16003.51,21723.25,4738.0,54.25,23011.0,3942.5,0.0
2025-06-13 02:00:00+00:00,42994.76,17643.01,20489.25,4790.5,72.0,22246.25,3978.25,14.75
2025-06-13 03:00:00+00:00,45728.27,20673.27,19478.5,4773.75,802.75,21333.25,4056.0,735.25
2025-06-13 04:00:00+00:00,52007.98,24723.23,17915.75,4857.25,4511.75,20234.5,4102.75,4165.75
2025-06-13 05:00:00+00:00,55983.38,23435.38,14574.25,5065.0,12908.75,17361.75,4087.0,12244.25
2025-06-13 06:00:00+00:00,58067.8,18153.3,10948.25,4699.0,24267.25,13962.75,4570.5,22710.25
2025-06-13 07:00:00+00:00,58170.21,10481.21,9492.0,2990.75,35206.25,11849.0,4256.5,32455.75
2025-06-13 08:00:00+00:00,58627.41,2958.41,9318.25,2796.75,43554.0,11128.5,3858.25,39613.75
2025-06-13 09:00:00+00:00,58406.99,-422.51,9032.25,1380.25,48417.0,10725.0,2288.5,43916.0
2025-06-13 10:00:00+00:00,57588.95,-2896.8,8968.0,1243.5,50274.25,10306.0,2169.5,45350.25
2025-06-13 11:00:00+00:00,55700.02,-4277.23,9020.25,1094.75,49862.25,9958.5,2125.75,45002.5
2025-06-13 12:00:00+00:00,54670.29,-3249.71,9052.0,1188.0,47680.0,9959.75,2154.25,43339.75
2025-06-13 13:00:00+00:00,54177.7,-1781.55,9864.75,1421.75,44672.75,10409.0,2275.75,39994.75
2025-06-13 14:00:00+00:00,53982.1,2445.35,10383.5,2002.5,39150.75,11550.75,2470.75,34865.25
2025-06-13 15:00:00+00:00,54043.86,9810.11,11070.25,3010.0,30153.5,12463.0,3841.75,26987.25
2025-06-13 16:00:00+00:00,54088.15,20657.15,11749.75,3211.25,18470.0,13360.75,4303.5,16368.0
2025-06-13 17:00:00+00:00,53854.35,29118.1,12823.25,3693.0,8220.0,14901.5,4631.25,7171.0
2025-06-13 18:00:00+00:00,53039.2,31421.7,14658.75,4334.0,2624.75,18041.75,4903.25,2262.5
2025-06-13 19:00:00+00:00,51350.86,26082.86,19768.5,5218.5,281.0,21910.0,5147.75,216.25
2025-06-13 20:00:00+00:00,49575.15,21157.4,23354.5,5005.0,58.25,23731.5,5280.0,2.0
2025-06-13 21:00:00+00:00,46779.48,17469.73,24347.75,4907.0,55.0,24339.5,5359.25,0.0
2025-06-13 22:00:00+00:00,44233.09,15807.34,23403.75,4961.25,60.75,23881.0,5112.75,0.0
2025-06-13 23:00:00+00:00,41943.98,14128.23,22622.25,5138.0,55.5,22966.0,5228.25,0.0
2025-06-14 00:00:00+00:00,40412.15,13401.14,21649.75,5306.75,54.5,22050.5,5361.25,0.0
2025-06-14 01:00:00+00:00,39956.36,14102.11,20611.25,5188.25,54.75,21349.5,5432.0,0.0
2025-06-14 02:00:00+00:00,39830.76,15541.76,19089.75,5131.0,68.25,20991.25,5385.5,15.25
2025-06-14 03:00:00+00:00,40082.18,15153.93,18724.0,5333.75,870.5,20741.25,5252.25,733.25
2025-06-14 04:00:00+00:00,41887.87,13998.87,17478.5,5714.5,4696.0,19978.25,5130.5,4147.5
2025-06-14 05:00:00+00:00,44699.66,11935.66,14360.25,5533.5,12870.25,17269.0,5011.25,12238.5
2025-06-14 06:00:00+00:00,47695.3,6805.8,11749.5,5248.5,23891.5,14373.75,4548.5,22806.0
2025-06-14 07:00:00+00:00,49154.2,-1123.55,10965.25,4846.0,34466.5,12695.0,4254.75,32178.25
2025-06-14 08:00:00+00:00,48825.43,-3879.07,9480.5,2391.25,40832.75,11873.5,2716.75,38982.25
2025-06-14 09:00:00+00:00,48735.84,-5120.66,8366.0,1367.5,44123.0,11208.25,2689.5,42861.0
2025-06-14 10:00:00+00:00,47992.39,-5334.11,6808.75,1123.0,45394.75,10216.0,2621.75,43826.75
2025-06-14 11:00:00+00:00,46766.06,-4851.19,5412.5,1046.0,45158.75,9154.0,2482.75,43227.75
2025-06-14 12:00:00+00:00,45862.31,-4579.44,6509.75,995.75,42936.25,8528.75,2289.5,41081.0
2025-06-14 13:00:00+00:00,46141.56,-1536.19,7345.5,889.75,39442.5,8296.0,1996.5,37399.5
2025-06-14 14:00:00+00:00,46740.93,4913.93,6904.5,994.25,33928.25,8235.0,1868.25,31877.5
2025-06-14 15:00:00+00:00,47936.59,12773.59,6970.75,1799.5,26392.75,8295.0,2447.75,24123.25
2025-06-14 16:00:00+00:00,48714.5,24517.25,6342.0,1735.0,16120.25,8060.75,2563.75,14548.0
2025-06-14 17:00:00+00:00,49144.56,33927.31,6201.25,1794.75,7221.25,8527.0,2818.25,6507.0
2025-06-14 18:00:00+00:00,48316.73,37805.48,6436.75,1692.75,2381.75,10326.5,2808.75,2162.25
2025-06-14 19:00:00+00:00,46960.16,37724.16,7280.5,1690.0,265.5,12566.75,2844.75,204.25
2025-06-14 20:00:00+00:00,46095.41,35584.66,8450.25,1999.0,61.5,13634.5,2889.25,2.0
2025-06-14 21:00:00+00:00,43586.18,31510.18,9651.5,2370.5,54.0,13475.5,2833.0,0.0
2025-06-14 22:00:00+00:00,40826.66,28240.66,9933.5,2588.5,64.0,11992.0,2501.75,0.0
2025-06-14 23:00:00+00:00,38983.3,26839.8,9563.5,2524.75,55.25,10869.25,2363.75,0.0
2025-06-15 00:00:00+00:00,37711.22,26998.72,8702.75,1956.75,53.0,9654.75,2117.75,0.0
2025-06-15 01:00:00+00:00,36608.76,27742.01,7156.25,1654.25,56.25,8503.25,1887.25,0.0
2025-06-15 02:00:00+00:00,35581.38,26887.88,6852.25,1774.75,66.5,7560.75,1761.75,13.75
2025-06-15 03:00:00+00:00,35382.21,25983.96,6597.25,1952.0,849.0,6774.0,1727.75,723.75
2025-06-15 04:00:00+00:00,36648.57,24788.07,5686.75,2115.25,4058.5,6010.0,1698.75,3785.5
2025-06-15 05:00:00+00:00,38561.31,22046.81,4719.75,1845.25,9949.5,4977.25,1697.75,10181.5
2025-06-15 06:00:00+00:00,41228.11,19453.11,4259.5,1206.75,16308.75,3944.0,1659.25,17940.5
2025-06-15 07:00:00+00:00,44046.0,16311.25,3334.5,1590.25,22810.0,3623.75,1574.75,24670.75
2025-06-15 08:00:00+00:00,45543.85,13407.6,3277.25,1244.0,27615.0,3780.5,1455.25,29262.5
2025-06-15 09:00:00+00:00,47010.58,12213.58,3926.25,985.75,29885.0,4092.5,910.5,31818.25
2025-06-15 10:00:00+00:00,47154.56,12070.06,4933.75,648.0,29502.75,4698.0,863.75,32331.75
2025-06-15 11:00:00+00:00,45871.42,13319.92,4408.0,370.0,27773.5,5653.5,876.5,30959.5
2025-06-15 12:00:00+00:00,44951.63,11365.88,5082.5,579.75,27923.5,7019.5,957.25,28787.25
2025-06-15 13:00:00+00:00,43778.88,11638.63,7009.5,613.25,24517.5,8507.75,1046.75,25329.75
2025-06-15 14:00:00+00:00,44207.42,12729.67,9931.75,1296.25,20249.75,10142.5,1079.25,20706.5
2025-06-15 15:00:00+00:00,46065.79,16708.04,12391.0,1923.5,15043.25,11803.0,1623.25,15000.75
2025-06-15 16:00:00+00:00,47177.32,22463.82,13714.5,2002.25,8996.75,12976.75,1774.25,9370.0
2025-06-15 17:00:00+00:00,46854.21,26340.46,14019.25,2086.75,4407.75,13598.25,1945.25,4687.5
2025-06-15 18:00:00+00:00,46402.56,29190.06,13370.5,2317.75,1524.25,13776.5,2114.25,1646.75
2025-06-15 19:00:00+00:00,45507.65,30931.9,12006.25,2333.0,236.5,13795.75,2275.5,249.25
2025-06-15 20:00:00+00:00,45294.23,31689.98,11148.0,2383.75,72.5,13592.25,2438.5,5.5
2025-06-15 21:00:00+00:00,43496.69,28136.19,12381.75,2921.0,57.75,13666.25,2580.0,0.0
2025-06-15 22:00:00+00:00,41549.73,25527.73,12994.25,2972.25,55.5,12982.75,2666.25,0.0
2025-06-15 23:00:00+00:00,40350.85,23792.6,13067.25,3438.0,53.0,12863.25,2769.5,0.0
2025-06-16 00:00:00+00:00,40011.27,23011.77,13517.25,3429.25,53.0,12929.0,2691.0,0.0
2025-06-16 01:00:00+00:00,39646.94,23026.19,13540.0,3027.0,53.75,13145.25,2535.0,0.0
2025-06-16 02:00:00+00:00,40412.48,24751.73,13315.75,2282.25,62.75,13069.75,2387.0,13.75
2025-06-16 03:00:00+00:00,43548.44,28183.94,13055.5,1828.25,480.75,12400.25,2186.25,624.5
2025-06-16 04:00:00+00:00,50776.26,34377.51,11631.75,1868.25,2898.75,11261.0,1978.25,3322.5
2025-06-16 05:00:00+00:00,56259.4,36117.15,10086.5,1989.0,8066.75,9878.5,1832.5,9417.75
2025-06-16 06:00:00+00:00,59591.99,32770.99,9021.0,1710.75,16089.25,8748.75,1760.75,17661.5
2025-06-16 07:00:00+00:00,59757.0,24698.75,8361.25,1691.25,25005.75,8225.75,1766.75,25525.25
2025-06-16 08:00:00+00:00,59431.23,17194.73,8541.75,1661.75,32033.0,8348.25,1859.25,31515.5
2025-06-16 09:00:00+00:00,59891.27,12711.77,9113.25,2469.5,35596.75,9086.75,2029.75,35142.75
2025-06-16 10:00:00+00:00,59876.47,11128.72,10174.25,2772.75,35800.75,9942.75,2185.75,36641.5
2025-06-16 11:00:00+00:00,59813.12,11288.62,10826.75,2647.75,35050.0,10469.5,2300.25,36291.0
2025-06-16 12:00:00+00:00,58966.58,11422.83,10759.25,2646.0,34138.5,11179.0,2438.25,34947.0
2025-06-16 13:00:00+00:00,58226.38,12542.88,10665.0,2812.5,32206.0,11672.75,2555.25,32496.0
2025-06-16 14:00:00+00:00,57619.81,15448.81,10420.25,2816.75,28934.0,11903.5,2616.0,28348.5
2025-06-16 15:00:00+00:00,57350.78,22149.03,9385.25,2396.75,23419.75,11440.0,2665.25,22379.0
2025-06-16 16:00:00+00:00,57387.8,30542.8,8387.75,2704.25,15753.0,10408.5,2640.5,14918.5
2025-06-16 17:00:00+00:00,57681.12,40064.62,7139.0,2488.5,7989.0,8956.25,2462.75,7403.75
2025-06-16 18:00:00+00:00,56231.2,45517.95,5813.5,2163.5,2736.25,7640.25,2245.75,2466.75
2025-06-16 19:00:00+00:00,54237.35,46636.35,5403.75,1896.5,300.75,7043.0,2092.0,267.5
2025-06-16 20:00:00+00:00,51831.2,44584.95,5360.25,1801.75,84.25,6933.75,1989.75,3.5
2025-06-16 21:00:00+00:00,48565.79,40838.54,5931.0,1736.5,59.75,6906.0,1957.75,0.0
2025-06-16 22:00:00+00:00,45869.46,38199.21,5703.25,1910.75,56.25,5956.75,2009.75,0.0
2025-06-16 23:00:00+00:00,43947.35,37052.85,5033.75,1807.75,53.0,5446.25,2134.75,0.0
2025-06-17 00:00:00+00:00,42409.32,36463.32,4245.25,1646.75,54.0,5015.75,2275.0,0.0
2025-06-17 01:00:00+00:00,42208.56,36913.81,3615.0,1626.75,53.0,4532.0,2385.5,0.0
2025-06-17 02:00:00+00:00,43064.03,38275.03,2933.5,1792.75,62.75,3972.5,2466.75,20.25
2025-06-17 03:00:00+00:00,45934.14,40566.64,2499.0,2076.75,791.75,3409.25,2529.25,808.0
2025-06-17 04:00:00+00:00,52415.0,43736.75,2009.0,2152.25,4517.0,2747.25,2588.25,4233.5
2025-06-17 05:00:00+00:00,57141.22,40848.47,1436.5,2288.25,12568.0,2108.25,2699.5,12433.75
2025-06-17 06:00:00+00:00,58731.84,31660.09,1038.75,2592.5,23440.5,1743.25,2871.75,23119.5
2025-06-17 07:00:00+00:00,58650.84,20211.84,1274.0,2949.5,34215.5,1752.75,2997.75,32713.0
2025-06-17 08:00:00+00:00,58590.44,11922.69,1840.25,3110.75,41716.75,2004.0,3089.75,39884.5
2025-06-17 09:00:00+00:00,58602.59,9991.09,1703.75,3256.25,43651.5,2195.0,3168.5,44138.5
2025-06-17 10:00:00+00:00,57562.12,4886.37,2289.75,3358.0,47028.0,2440.25,3186.75,46038.5
2025-06-17 11:00:00+00:00,56061.28,3717.53,2302.0,2400.75,47641.0,2792.25,3116.25,45984.25
2025-06-17 12:00:00+00:00,54884.02,4706.02,2237.25,2227.75,45713.0,3301.5,3056.75,44461.75
2025-06-17 13:00:00+00:00,55238.02,7476.02,2687.75,3027.25,42047.0,3710.0,3003.0,40904.75
2025-06-17 14:00:00+00:00,55553.23,11163.23,3408.75,3227.25,37754.0,4019.75,2929.75,35080.25
2025-06-17 15:00:00+00:00,56255.41,19994.16,3603.5,3470.5,29187.25,4110.0,2882.5,26723.0
2025-06-17 16:00:00+00:00,56794.96,32731.46,2875.0,3110.75,18077.75,3991.0,2800.75,16504.5
2025-06-17 17:00:00+00:00,57492.68,44263.18,2361.75,2601.0,8266.75,3826.75,2636.25,7533.0
2025-06-17 18:00:00+00:00,56757.44,49277.44,2337.25,2370.75,2772.0,3831.0,2440.25,2474.0
2025-06-17 19:00:00+00:00,54145.24,49444.99,2405.5,1943.25,351.5,3925.75,2216.75,266.75
2025-06-17 20:00:00+00:00,51572.67,47171.17,2619.75,1692.75,89.0,4029.75,2020.5,2.75
2025-06-17 21:00:00+00:00,48856.14,44104.39,3117.75,1577.75,56.25,4076.25,1873.0,0.0
2025-06-17 22:00:00+00:00,45612.53,40757.78,3213.75,1586.25,54.75,3631.25,2039.5,0.0
2025-06-17 23:00:00+00:00,43513.43,38108.18,3498.5,1851.0,55.75,3714.5,2039.25,0.0
2025-06-18 00:00:00+00:00,42442.42,36841.67,3801.5,1745.25,54.0,4000.75,2069.5,0.0
2025-06-18 01:00:00+00:00,42306.97,36374.47,4062.25,1816.25,54.0,4218.5,2076.75,0.0
2025-06-18 02:00:00+00:00,43223.69,37104.94,4291.25,1761.5,66.0,4383.25,2040.75,23.0
2025-06-18 03:00:00+00:00,45509.34,38701.34,4449.25,1534.5,824.25,4543.25,1961.75,807.5
2025-06-18 04:00:00+00:00,51756.7,41656.95,4338.25,1211.5,4550.0,4426.25,1844.5,4190.75
2025-06-18 05:00:00+00:00,56510.21,40032.96,3266.0,1027.0,12184.25,3526.5,1710.0,11905.25
2025-06-18 06:00:00+00:00,59262.15,33162.4,2430.0,889.75,22780.0,2803.25,1628.5,22022.5
2025-06-18 07:00:00+00:00,58469.9,22110.15,2849.5,360.75,33149.5,2961.25,1608.25,31586.25
2025-06-18 08:00:00+00:00,57581.76,13140.76,3364.0,388.25,40688.75,3713.25,1639.5,39168.0
2025-06-18 09:00:00+00:00,57477.85,7959.1,4116.5,615.5,44786.75,4758.5,1747.25,43505.5
2025-06-18 10:00:00+00:00,57125.89,5337.89,4953.5,660.0,46174.5,5963.0,1983.75,45074.0
2025-06-18 11:00:00+00:00,56715.84,4471.59,5868.25,776.25,45599.75,7271.75,2293.5,44488.75
2025-06-18 12:00:00+00:00,56560.05,5609.05,6627.5,1283.25,43040.25,8567.5,2583.25,42320.5
2025-06-18 13:00:00+00:00,55875.57,6577.07,8146.5,1484.5,39667.5,9689.75,2763.75,38508.25
2025-06-18 14:00:00+00:00,56189.13,9970.38,9324.0,1724.0,35170.75,10721.75,2895.0,32846.25
2025-06-18 15:00:00+00:00,57038.36,18621.36,9426.25,2295.5,26695.25,11586.75,2993.5,24930.5
2025-06-18 16:00:00+00:00,57462.75,29253.0,8674.0,2335.25,17200.5,11940.75,3124.75,15738.75
2025-06-18 17:00:00+00:00,57371.68,39013.93,7789.0,2357.25,8211.5,11754.25,3266.75,7448.5
2025-06-18 18:00:00+00:00,56133.08,44518.33,6513.75,2377.75,2723.25,11508.0,3274.0,2465.25
2025-06-18 19:00:00+00:00,53967.77,44980.52,6402.5,2246.5,338.25,11797.75,3169.75,267.5
2025-06-18 20:00:00+00:00,51696.72,43242.47,6189.0,2186.25,79.0,11849.25,2992.5,1.5
2025-06-18 21:00:00+00:00,48350.23,39261.73,6814.5,2217.25,56.75,11788.5,2808.0,0.0
2025-06-18 22:00:00+00:00,45401.55,35464.55,7271.0,2609.75,56.25,8714.5,2463.75,0.0
2025-06-18 23:00:00+00:00,43367.7,32174.7,8175.75,2963.25,54.0,8963.25,2593.5,0.0
2025-06-19 00:00:00+00:00,41809.5,29347.25,9137.5,3271.5,53.25,9511.0,2807.75,0.0
2025-06-19 01:00:00+00:00,41328.67,27937.42,9623.75,3713.25,54.25,10151.5,3060.75,0.0
2025-06-19 02:00:00+00:00,41356.97,27799.22,9806.5,3685.5,65.75,10560.0,3247.5,21.25
2025-06-19 03:00:00+00:00,42052.01,27077.76,10297.0,3928.75,748.5,10510.5,3312.0,776.25
2025-06-19 04:00:00+00:00,44592.58,26314.33,9960.5,3946.25,4371.5,9990.0,3269.25,4168.75
2025-06-19 05:00:00+00:00,47854.02,22114.27,9867.25,3487.75,12384.75,9590.25,3097.25,12102.5
2025-06-19 06:00:00+00:00,50615.33,13506.58,10796.75,2952.5,23359.5,9653.5,2806.0,22375.25
2025-06-19 07:00:00+00:00,50869.28,3876.53,11174.0,2156.0,33662.75,10121.5,2526.75,31852.5
2025-06-19 08:00:00+00:00,50318.57,-258.18,10254.75,842.75,39479.25,10621.5,1989.5,39002.75
2025-06-19 09:00:00+00:00,50390.38,-2361.87,9705.0,545.5,42501.75,10603.5,1805.5,43713.5
2025-06-19 10:00:00+00:00,49777.23,-3730.52,8899.5,314.75,44293.5,10858.5,1665.25,45962.75
2025-06-19 11:00:00+00:00,48595.91,-4179.34,8082.25,282.75,44410.25,11254.0,1571.0,46250.0
2025-06-19 12:00:00+00:00,47604.86,-3198.89,7541.0,281.75,42981.0,11998.75,1479.25,44666.75
2025-06-19 13:00:00+00:00,47170.64,-3307.11,9729.0,348.75,40400.0,12694.5,1395.0,41072.5
2025-06-19 14:00:00+00:00,47352.01,-488.49,12038.75,438.25,35363.5,13304.5,1346.75,35501.75
2025-06-19 15:00:00+00:00,49641.23,4442.98,14169.25,1437.75,29591.25,13788.25,1455.75,27629.75
2025-06-19 16:00:00+00:00,50301.81,16218.81,13357.75,1561.25,19164.0,13458.0,1469.5,17286.25
2025-06-19 17:00:00+00:00,49823.84,27732.59,11924.5,1363.5,8803.25,12303.0,1434.25,7786.0
2025-06-19 18:00:00+00:00,49911.75,35701.75,10131.5,1336.25,2742.25,11268.75,1362.75,2491.75
2025-06-19 19:00:00+00:00,48328.9,37268.65,9396.5,1304.75,359.0,11405.75,1297.25,310.75
2025-06-19 20:00:00+00:00,47120.39,35368.64,10398.75,1290.5,62.5,11644.0,1273.0,3.25
2025-06-19 21:00:00+00:00,44526.74,31517.49,11621.5,1331.25,56.5,11275.75,1283.25,0.0
2025-06-19 22:00:00+00:00,42247.26,29539.01,11302.0,1351.75,54.5,10199.25,1235.5,0.0
2025-06-19 23:00:00+00:00,40721.49,28822.74,10561.25,1283.75,53.75,9006.25,1207.75,0.0
2025-06-20 00:00:00+00:00,39090.15,28696.4,9190.75,1149.75,53.25,7927.0,1147.5,0.0
2025-06-20 01:00:00+00:00,38871.17,29702.67,8106.75,1008.25,53.5,6888.5,1047.5,0.0
2025-06-20 02:00:00+00:00,39466.3,31367.3,7198.0,833.75,67.25,5986.0,920.5,17.5
2025-06-20 03:00:00+00:00,41439.04,33521.29,6517.5,618.75,781.5,5242.5,807.75,772.5
2025-06-20 04:00:00+00:00,46238.69,35613.94,5608.75,420.25,4595.75,4164.75,719.5,4170.75
2025-06-20 05:00:00+00:00,50341.49,33375.24,3344.0,371.5,13250.75,2692.0,640.75,12679.5
2025-06-20 06:00:00+00:00,53086.63,25710.63,1912.0,374.75,25089.25,1689.0,550.25,23990.0
2025-06-20 07:00:00+00:00,52842.34,15508.34,1734.0,45.25,35554.75,1403.75,466.25,34203.75
2025-06-20 08:00:00+00:00,52539.97,6931.22,1736.75,7.25,43864.75,1359.5,399.5,42102.75
2025-06-20 09:00:00+00:00,52322.42,1137.17,1582.75,9.75,49592.75,1383.75,365.25,47353.75
2025-06-20 10:00:00+00:00,51841.08,-2190.67,1541.5,24.0,52466.25,1264.25,366.0,50090.5
2025-06-20 11:00:00+00:00,50595.73,-3199.77,1407.5,9.25,52378.75,1270.5,389.0,50411.0
2025-06-20 12:00:00+00:00,49482.27,-3455.73,1714.25,127.75,51096.0,1484.75,420.0,48650.5
2025-06-20 13:00:00+00:00,49368.82,-253.93,1807.0,255.25,47560.5,1840.0,449.0,44676.0
2025-06-20 14:00:00+00:00,49571.38,6546.38,1889.5,246.5,40889.0,2091.75,465.0,38399.5
2025-06-20 15:00:00+00:00,50120.8,16443.8,1979.5,221.0,31476.5,2270.5,454.75,28923.25
2025-06-20 16:00:00+00:00,51152.26,29144.76,2062.75,181.5,19763.25,2352.25,422.5,17437.25
2025-06-20 17:00:00+00:00,51439.24,40342.24,2217.0,145.25,8734.75,2471.25,400.5,7492.5
2025-06-20 18:00:00+00:00,50555.9,44795.15,2787.0,241.0,2732.75,3135.25,403.75,2425.5
2025-06-20 19:00:00+00:00,48274.19,43407.19,4167.5,373.0,326.5,4302.75,427.5,307.5
2025-06-20 20:00:00+00:00,46607.62,41080.87,5047.75,410.75,68.25,5165.75,449.25,2.75
2025-06-20 21:00:00+00:00,43508.46,37597.46,5485.25,348.75,77.0,5505.25,450.25,0.0
2025-06-20 22:00:00+00:00,40947.15,35075.4,5478.75,326.25,66.75,5411.0,508.25,0.0
2025-06-20 23:00:00+00:00,39057.28,33138.53,5498.75,365.0,55.0,5112.5,533.5,0.0
2025-06-21 00:00:00+00:00,38067.35,32371.35,5234.25,404.75,57.0,4944.5,581.0,0.0
2025-06-21 01:00:00+00:00,37626.1,32132.6,5015.0,425.0,53.5,4818.0,605.75,0.0
2025-06-21 02:00:00+00:00,37190.69,31813.94,4832.75,475.25,68.75,4760.0,622.0,19.0
2025-06-21 03:00:00+00:00,37162.81,30557.06,5140.5,634.25,831.0,4687.25,636.5,791.5
2025-06-21 04:00:00+00:00,39156.76,28676.26,5111.0,651.75,4717.75,4432.75,631.0,4213.25
2025-06-21 05:00:00+00:00,42353.45,24023.7,4400.75,658.5,13270.5,3604.25,599.75,12343.75
2025-06-21 06:00:00+00:00,45096.57,16984.57,2509.25,681.75,24921.0,2273.0,584.5,23209.5
2025-06-21 07:00:00+00:00,46768.47,10195.22,1273.75,316.5,34983.0,1252.5,623.0,33519.75
2025-06-21 08:00:00+00:00,46779.53,3794.53,869.0,338.25,41777.75,935.5,707.0,41525.75
2025-06-21 09:00:00+00:00,46867.09,1648.34,657.0,475.25,44086.5,929.5,810.0,46643.0
2025-06-21 10:00:00+00:00,45726.73,62.23,682.5,302.0,44680.0,942.5,898.0,49179.5
2025-06-21 11:00:00+00:00,44504.91,-2092.59,678.75,503.0,45415.75,958.75,979.5,49563.25
2025-06-21 12:00:00+00:00,43885.13,-2690.62,696.5,564.0,45315.25,1014.5,1062.25,47862.25
2025-06-21 13:00:00+00:00,43662.11,-898.39,806.0,642.5,43112.0,1060.25,1148.0,43931.25
2025-06-21 14:00:00+00:00,44755.23,3467.48,934.0,1076.5,39277.25,1109.75,1238.0,37811.5
2025-06-21 15:00:00+00:00,45477.77,12302.52,1003.75,1192.25,30979.25,1088.0,1320.0,28652.75
2025-06-21 16:00:00+00:00,46411.02,24635.27,1033.0,1167.75,19575.0,1114.0,1386.75,17416.75
2025-06-21 17:00:00+00:00,47059.58,36300.83,948.75,1015.0,8795.0,1320.0,1398.0,7464.5
2025-06-21 18:00:00+00:00,46570.96,41762.96,1199.75,798.5,2809.75,1962.75,1414.25,2387.0
2025-06-21 19:00:00+00:00,44932.1,41914.1,1901.75,775.5,340.75,3069.5,1487.75,289.0
2025-06-21 20:00:00+00:00,44011.23,40563.23,2465.5,905.0,77.5,4339.5,1646.25,3.5
2025-06-21 21:00:00+00:00,41756.97,36734.97,3637.25,1328.5,56.25,5516.75,1872.25,0.0
2025-06-21 22:00:00+00:00,38910.93,31956.93,5005.25,1889.25,59.5,6250.5,1728.0,0.0
2025-06-21 23:00:00+00:00,36798.1,28019.85,6417.5,2304.0,56.75,7210.75,1891.75,0.0
2025-06-22 00:00:00+00:00,35501.56,24906.81,8043.75,2495.25,55.75,8134.5,2097.75,0.0
2025-06-22 01:00:00+00:00,34906.28,23006.78,9326.5,2519.5,53.5,8820.5,2238.75,0.0
2025-06-22 02:00:00+00:00,34591.62,22250.62,9676.5,2597.5,67.0,9327.0,2297.0,13.5
2025-06-22 03:00:00+00:00,34157.72,20941.47,9867.5,2571.5,777.25,9684.0,2260.75,748.0
2025-06-22 04:00:00+00:00,35114.98,18564.48,9939.0,2075.0,4536.5,9713.0,2223.5,4139.5
2025-06-22 05:00:00+00:00,37324.71,13549.71,8718.0,1905.25,13151.75,8678.75,2155.0,12435.0
2025-06-22 06:00:00+00:00,40329.46,8730.46,5192.5,1983.75,24422.75,6490.5,2168.75,23565.25
2025-06-22 07:00:00+00:00,42204.07,6178.07,2347.5,820.0,32858.5,4405.75,1356.75,33437.25
2025-06-22 08:00:00+00:00,43100.15,1588.9,2171.0,738.75,38601.5,3463.25,1453.0,40290.25
2025-06-22 09:00:00+00:00,44033.24,-1564.26,2644.5,436.5,42516.5,3749.75,1627.5,44720.75
2025-06-22 10:00:00+00:00,43649.35,-4726.15,3004.25,821.75,44549.5,4327.0,1829.75,46711.0
2025-06-22 11:00:00+00:00,43121.35,-4795.65,3128.75,746.75,44041.5,5005.75,2054.0,46340.75
2025-06-22 12:00:00+00:00,42284.27,-3917.48,3345.25,869.0,41987.5,5826.25,2248.0,43797.75
2025-06-22 13:00:00+00:00,42436.65,-712.85,4357.25,1211.0,37581.25,6655.0,2451.5,39040.0
2025-06-22 14:00:00+00:00,42899.92,3918.42,5691.25,1840.25,31450.0,7522.25,2643.5,32537.5
2025-06-22 15:00:00+00:00,44788.83,10465.33,7305.75,3200.5,23817.25,8595.5,2785.75,24211.0
2025-06-22 16:00:00+00:00,48073.78,17714.28,8961.5,6008.25,15389.75,9241.75,3751.0,14740.25
2025-06-22 17:00:00+00:00,48582.59,26882.09,9631.25,4776.5,7292.75,9512.5,3368.25,6767.75
2025-06-22 18:00:00+00:00,47671.36,30871.36,10574.75,3782.25,2443.0,10149.25,3068.5,2305.5
2025-06-22 19:00:00+00:00,46971.75,31757.5,11093.5,3872.75,248.0,11288.5,3043.0,249.75
2025-06-22 20:00:00+00:00,46760.35,31155.6,11940.5,3586.25,78.0,12442.0,3358.0,5.75
2025-06-22 21:00:00+00:00,44715.86,25791.61,14603.75,4254.25,66.25,13412.75,3806.5,0.0
2025-06-22 22:00:00+00:00,42609.85,22401.6,15402.5,4749.0,56.75,16349.0,4945.5,0.0
2025-06-22 23:00:00+00:00,39987.48,19523.73,15681.25,4727.25,55.25,16460.0,4955.25,0.0
2025-06-23 00:00:00+00:00,40096.49,18292.74,16278.25,5472.0,53.5,16107.0,4723.75,0.0
2025-06-23 01:00:00+00:00,40345.3,17918.3,16941.5,5432.5,53.0,15405.5,4366.25,0.0
2025-06-23 02:00:00+00:00,41125.77,18737.02,17828.5,4497.25,63.0,14874.5,4186.25,10.25
2025-06-23 03:00:00+00:00,43988.14,20362.39,18460.75,4522.5,642.5,14895.0,4242.25,610.75
2025-06-23 04:00:00+00:00,51210.54,24413.79,19300.5,4178.5,3317.75,15701.5,4388.75,3491.25
2025-06-23 05:00:00+00:00,57094.92,24900.17,18472.75,5073.25,8648.75,16860.0,4374.5,9220.5
2025-06-23 06:00:00+00:00,60444.17,17943.92,20691.25,5061.25,16747.75,19432.0,4373.5,16024.25
2025-06-23 07:00:00+00:00,61885.33,7845.83,24925.5,4340.5,24773.5,23717.75,4490.25,21474.25
2025-06-23 08:00:00+00:00,62067.2,4426.2,26564.5,1802.25,29274.25,27667.0,2997.75,25084.75
2025-06-23 09:00:00+00:00,63263.38,2309.88,27916.0,1912.25,31125.25,29676.25,3097.75,27399.5
2025-06-23 10:00:00+00:00,62422.55,-112.7,29471.0,2278.25,30786.0,31346.5,3111.75,29223.5
2025-06-23 11:00:00+00:00,61352.08,-284.17,29377.5,1628.0,30630.75,32601.25,2994.25,30367.5
2025-06-23 12:00:00+00:00,60113.73,951.98,28921.25,939.5,29301.0,33660.25,2996.75,30728.0
2025-06-23 13:00:00+00:00,59418.3,298.55,31031.0,685.25,27403.5,34788.75,3061.0,29406.0
2025-06-23 14:00:00+00:00,58188.06,-184.94,32741.5,630.75,25000.75,36126.0,3079.0,26406.5
2025-06-23 15:00:00+00:00,58545.63,3239.63,34251.25,947.5,20107.25,37912.25,3148.5,21504.25
2025-06-23 16:00:00+00:00,58021.21,6091.46,36955.5,822.0,14152.25,38710.25,3216.5,14451.75
2025-06-23 17:00:00+00:00,59381.17,13861.42,35708.5,2144.0,7667.25,36328.25,4735.25,7269.0
2025-06-23 18:00:00+00:00,58875.53,22286.78,30748.5,3149.0,2691.25,31538.75,5018.75,2454.25
2025-06-23 19:00:00+00:00,56642.89,27102.39,25831.5,3402.75,306.25,27303.75,5197.5,268.25
2025-06-23 20:00:00+00:00,54204.29,28517.54,21472.0,4134.0,80.75,23939.0,5257.25,3.25
2025-06-23 21:00:00+00:00,50854.18,25454.68,21384.5,3946.0,69.0,22567.0,5269.25,0.0
2025-06-23 22:00:00+00:00,47059.1,21395.6,21062.25,4545.75,55.5,22053.75,5198.0,0.0
2025-06-23 23:00:00+00:00,45131.56,18712.81,20975.0,5391.0,52.75,21960.0,5258.75,0.0
2025-06-24 00:00:00+00:00,44216.07,17654.32,21213.25,5296.25,52.25,21999.0,5331.25,0.0
2025-06-24 01:00:00+00:00,43919.56,16735.06,21625.25,5507.25,52.0,22334.25,5397.0,0.0
2025-06-24 02:00:00+00:00,44587.46,16265.21,22546.25,5713.25,62.75,22779.75,5483.0,11.5
2025-06-24 03:00:00+00:00,47522.78,18290.53,23001.0,5559.5,671.75,22991.0,5544.75,655.0
2025-06-24 04:00:00+00:00,54572.8,22650.05,23053.0,4957.25,3912.5,22785.25,5527.75,3946.5
2025-06-24 05:00:00+00:00,58780.47,22353.97,21754.25,3773.25,10899.0,21238.75,5211.25,11436.75
2025-06-24 06:00:00+00:00,58975.19,14330.19,21749.0,2844.75,20051.25,21765.25,5005.5,21039.0
2025-06-24 07:00:00+00:00,58543.24,3792.99,23919.75,2829.25,28001.25,24431.25,3488.5,28934.25
2025-06-24 08:00:00+00:00,57615.83,-942.92,23267.0,2024.0,33267.75,25961.75,3346.75,33428.25
2025-06-24 09:00:00+00:00,57803.17,-2923.58,22422.5,2381.0,35923.25,25962.5,3071.25,36214.0
2025-06-24 10:00:00+00:00,57472.62,-5274.38,23479.0,2399.25,36868.75,25116.0,3053.25,37599.75
2025-06-24 11:00:00+00:00,57279.56,-5436.69,23743.0,2376.75,36596.5,25040.25,3057.75,37149.0
2025-06-24 12:00:00+00:00,56799.53,-3998.97,24250.25,2237.25,34311.0,25314.75,3046.75,35205.0
2025-06-24 13:00:00+00:00,57030.88,-3277.12,26761.0,2842.75,30704.25,26135.75,3155.75,31999.5
2025-06-24 14:00:00+00:00,56844.89,223.64,26893.5,3647.0,26080.75,27194.0,3635.75,27498.5
2025-06-24 15:00:00+00:00,58737.82,3791.32,29330.0,5221.75,20394.75,27389.75,5271.0,21375.5
2025-06-24 16:00:00+00:00,59833.93,13122.18,28219.5,5729.0,12763.25,25522.25,5476.25,13439.75
2025-06-24 17:00:00+00:00,60014.11,23139.86,25211.75,5384.75,6277.75,22834.0,5604.75,6323.5
2025-06-24 18:00:00+00:00,59209.36,28757.86,23664.5,4826.0,1961.0,21243.5,5676.25,2062.0
2025-06-24 19:00:00+00:00,57096.47,28782.72,23747.0,4347.25,219.5,21096.0,5730.75,193.75
2025-06-24 20:00:00+00:00,54180.34,25962.34,23634.0,4513.25,70.75,21168.5,5674.25,2.5
2025-06-24 21:00:00+00:00,50835.82,21640.32,24996.25,4132.25,67.0,21825.5,5600.25,0.0
2025-06-24 22:00:00+00:00,47781.21,19099.96,24757.75,3862.25,61.25,24822.75,4779.25,0.0
2025-06-24 23:00:00+00:00,45541.69,18099.19,23849.25,3538.5,54.75,24828.25,4607.75,0.0
2025-06-25 00:00:00+00:00,44151.21,18174.96,22383.25,3539.75,53.25,24440.5,4468.0,0.0
2025-06-25 01:00:00+00:00,43559.91,18585.16,21603.75,3318.0,53.0,23804.25,4370.5,0.0
2025-06-25 02:00:00+00:00,44623.34,18864.34,21931.25,3765.5,62.25,22935.25,4350.25,8.75
2025-06-25 03:00:00+00:00,47163.95,20964.7,21638.5,4003.0,557.75,21969.5,4216.5,581.0
2025-06-25 04:00:00+00:00,54572.37,25832.62,21088.5,4136.0,3515.25,21295.25,3947.25,3623.0
2025-06-25 05:00:00+00:00,59615.47,26588.22,18748.5,4059.0,10219.75,20438.75,3622.75,10323.75
2025-06-25 06:00:00+00:00,60855.56,20464.81,17636.0,2750.0,20004.75,20012.75,3309.0,18843.5
2025-06-25 07:00:00+00:00,60088.65,11667.65,17288.0,1975.5,29157.5,20121.0,3042.75,26938.0
2025-06-25 08:00:00+00:00,59309.86,4730.11,17439.0,1071.0,36069.75,20308.25,2779.25,33080.0
2025-06-25 09:00:00+00:00,59887.35,-834.9,18457.5,1287.75,40977.0,20182.0,2483.25,37323.5
2025-06-25 10:00:00+00:00,59149.27,-2897.98,18901.5,907.25,42238.5,20119.5,2216.0,39850.0
2025-06-25 11:00:00+00:00,58469.41,-3063.84,18991.0,690.25,41852.0,19978.75,1990.0,40552.5
2025-06-25 12:00:00+00:00,58671.61,-620.64,17931.0,589.25,40772.0,19659.5,1804.25,39685.25
2025-06-25 13:00:00+00:00,58627.61,3907.36,16674.0,535.0,37511.25,18939.0,1642.25,36878.75
2025-06-25 14:00:00+00:00,57940.57,10488.82,14497.5,322.25,32632.0,17151.75,1488.0,32091.75
2025-06-25 15:00:00+00:00,58418.71,20084.71,12050.5,628.5,25655.0,14604.5,1345.0,25147.75
2025-06-25 16:00:00+00:00,58876.29,31858.04,9582.25,589.5,16846.5,11089.5,1189.5,16010.25
2025-06-25 17:00:00+00:00,58918.85,43861.35,6492.75,437.75,8127.0,7436.5,990.25,7528.25
2025-06-25 18:00:00+00:00,57922.74,51235.99,3775.5,353.0,2558.25,4593.25,794.5,2501.25
2025-06-25 19:00:00+00:00,54892.55,51801.55,2457.0,272.5,361.5,3129.5,641.0,269.25
2025-06-25 20:00:00+00:00,52709.24,50137.24,2275.0,234.25,62.75,2538.5,532.25,3.0
2025-06-25 21:00:00+00:00,48981.19,46163.44,2476.0,284.75,57.0,2494.5,465.0,0.0
2025-06-25 22:00:00+00:00,46123.55,43048.3,2680.5,337.0,57.75,2633.75,366.75,0.0
2025-06-25 23:00:00+00:00,44227.75,40443.5,3306.25,424.75,53.25,3352.5,396.5,0.0
2025-06-26 00:00:00+00:00,42887.79,37595.04,4540.25,699.5,53.0,4281.5,433.25,0.0
2025-06-26 01:00:00+00:00,41569.12,33520.62,7269.25,726.25,53.0,5339.75,513.25,0.0
2025-06-26 02:00:00+00:00,43349.63,34745.88,7739.5,797.75,66.5,6295.75,660.5,12.25
2025-06-26 03:00:00+00:00,47019.81,36901.06,8516.0,861.25,741.5,7170.25,816.75,675.5
2025-06-26 04:00:00+00:00,53628.12,40257.62,8749.25,1080.0,3541.25,8015.75,931.25,3625.0
2025-06-26 05:00:00+00:00,58439.03,40649.03,7484.5,1419.75,8885.75,7867.25,936.0,9598.0
2025-06-26 06:00:00+00:00,61473.44,36997.19,6606.75,1959.5,15910.0,7317.0,871.5,16610.25
2025-06-26 07:00:00+00:00,62188.01,30279.0,7389.25,1615.75,22904.0,7462.75,794.5,23038.75
2025-06-26 08:00:00+00:00,62386.67,25191.42,8710.75,940.25,27544.25,8183.75,754.0,27669.0
2025-06-26 09:00:00+00:00,63143.27,21041.27,10010.0,686.75,31405.25,9149.5,678.0,29991.25
2025-06-26 10:00:00+00:00,62469.34,16825.84,10765.5,467.25,34410.75,10335.75,548.5,30464.75
2025-06-26 11:00:00+00:00,61508.49,14652.49,11776.5,521.75,34557.75,11807.75,458.0,29371.5
2025-06-26 12:00:00+00:00,59775.57,12023.32,14531.25,800.75,32420.25,13397.0,475.25,26912.0
2025-06-26 13:00:00+00:00,59460.95,11692.2,18350.75,1437.25,27980.75,14997.25,661.75,23892.5
2025-06-26 14:00:00+00:00,59619.74,14609.99,21451.5,1647.0,21911.25,16918.0,1109.25,20291.75
2025-06-26 15:00:00+00:00,59180.43,16207.68,23496.75,2874.0,16602.0,18554.25,1740.0,16083.75
2025-06-26 16:00:00+00:00,60450.34,19836.34,26170.25,4110.25,10333.5,19367.75,2296.0,11141.75
2025-06-26 17:00:00+00:00,59202.94,23218.19,25853.75,4450.0,5681.0,19755.5,2675.5,6088.5
2025-06-26 18:00:00+00:00,57616.42,25760.42,24865.5,4924.25,2066.25,19930.25,2906.0,2130.25
2025-06-26 19:00:00+00:00,54863.21,25640.71,23497.0,5505.75,219.75,20218.25,3149.75,202.5
2025-06-26 20:00:00+00:00,52686.2,23858.7,23066.0,5682.5,79.0,20615.5,3500.75,1.75
2025-06-26 21:00:00+00:00,49927.28,21360.28,22811.0,5699.0,57.0,21366.25,3792.75,0.0
2025-06-26 22:00:00+00:00,47349.06,18617.81,22283.0,6387.75,60.5,23292.25,4709.5,0.0
2025-06-26 23:00:00+00:00,45889.41,17580.41,22280.25,5975.75,53.0,23134.75,4846.5,0.0
2025-06-27 00:00:00+00:00,45751.12,17996.62,22169.25,5532.75,52.5,22473.25,4873.0,0.0
2025-06-27 01:00:00+00:00,45783.52,19182.02,21301.5,5247.25,52.75,21447.75,4737.75,0.0
2025-06-27 02:00:00+00:00,45980.51,20098.51,20483.0,5334.75,64.25,20272.75,4541.75,12.0
2025-06-27 03:00:00+00:00,48301.07,22653.32,20061.5,5021.5,564.75,19227.5,4351.0,553.5
2025-06-27 04:00:00+00:00,54139.06,26492.06,19900.5,4527.0,3219.5,18533.25,4122.25,3174.75
2025-06-27 05:00:00+00:00,59119.28,27555.03,20259.0,3498.25,7807.0,17671.75,3844.5,7969.75
2025-06-27 06:00:00+00:00,61302.74,25012.24,20574.75,2666.5,13049.25,16865.25,3616.25,13139.0
2025-06-27 07:00:00+00:00,61189.21,19954.96,20306.25,3242.0,17686.0,16712.5,3368.25,17962.0
2025-06-27 08:00:00+00:00,62173.39,18993.39,19696.25,2696.5,20787.25,16834.25,3258.25,21764.0
2025-06-27 09:00:00+00:00,64417.79,20097.54,19103.75,3014.25,22202.25,16524.25,3209.0,24763.25
2025-06-27 10:00:00+00:00,62541.64,18670.64,18716.5,2689.75,22464.75,16503.25,3214.75,26626.25
2025-06-27 11:00:00+00:00,60850.85,16999.35,16924.75,2639.5,24287.25,16845.25,3239.25,27204.25
2025-06-27 12:00:00+00:00,58321.85,15551.35,14508.0,2780.5,25482.0,17014.25,3268.25,27032.0
2025-06-27 13:00:00+00:00,58531.2,15483.95,14587.25,3401.75,25058.25,17119.0,3153.5,25671.0
2025-06-27 14:00:00+00:00,57249.19,16874.94,14283.75,3472.0,22618.5,16839.25,3241.75,22808.5
2025-06-27 15:00:00+00:00,56686.7,21496.2,13896.25,3619.25,17675.0,15836.75,3461.75,18442.75
2025-06-27 16:00:00+00:00,56825.65,28617.65,12441.5,3807.0,11959.5,13809.5,3715.5,12846.75
2025-06-27 17:00:00+00:00,56543.61,36571.11,9753.25,3830.0,6389.25,10941.5,3752.75,6848.25
2025-06-27 18:00:00+00:00,54405.81,40972.56,6900.5,4291.0,2241.75,8251.75,3830.5,2362.0
2025-06-27 19:00:00+00:00,51929.78,42143.53,5280.0,4196.25,310.0,6728.75,3901.75,236.0
2025-06-27 20:00:00+00:00,49898.0,39683.75,5716.25,4410.5,87.5,5981.0,4061.25,1.5
2025-06-27 21:00:00+00:00,47390.65,33933.15,8535.0,4862.75,59.75,5774.5,4357.5,0.0
2025-06-27 22:00:00+00:00,44713.87,28531.37,10494.5,5625.25,62.75,6722.25,4776.0,0.0
2025-06-27 23:00:00+00:00,42302.9,24630.9,11382.75,6221.25,68.0,7718.0,5206.25,0.0
2025-06-28 00:00:00+00:00,41007.4,22029.65,12322.5,6597.5,57.75,9073.75,5523.5,0.0
2025-06-28 01:00:00+00:00,40084.08,20212.33,13429.25,6390.0,52.5,10376.75,5526.0,0.0
2025-06-28 02:00:00+00:00,39535.79,19573.04,14133.75,5772.0,57.0,11441.5,5306.25,7.5
2025-06-28 03:00:00+00:00,39257.52,18813.52,14485.75,5338.5,619.75,12228.25,5068.75,600.5
2025-06-28 04:00:00+00:00,41426.7,18411.7,13702.5,5363.75,3948.75,12412.0,4853.75,3768.0
2025-06-28 05:00:00+00:00,44714.68,16277.68,11728.75,5416.25,11292.0,11013.25,4587.25,10804.75
2025-06-28 06:00:00+00:00,48048.49,10587.99,10749.75,5260.5,21450.25,10093.75,4189.0,19853.75
2025-06-28 07:00:00+00:00,50270.58,3125.58,11401.0,4776.75,30967.25,10736.0,3951.5,27855.25
2025-06-28 08:00:00+00:00,51506.41,-2052.59,11538.5,4268.5,37752.0,11631.75,3928.0,33044.75
2025-06-28 09:00:00+00:00,50296.15,-2901.85,11202.75,2171.5,39823.75,12008.0,2452.0,36252.75
2025-06-28 10:00:00+00:00,49158.03,-5451.72,11860.25,2018.0,40731.5,12126.25,2486.5,37728.75
2025-06-28 11:00:00+00:00,47968.78,-5572.47,11948.25,1750.0,39843.0,12312.0,2592.75,37694.25
2025-06-28 12:00:00+00:00,47307.8,-4446.95,11927.25,1925.75,37901.75,12749.25,2739.75,36276.25
2025-06-28 13:00:00+00:00,46872.78,-2535.72,12666.75,1929.25,34812.5,13331.5,2874.5,33384.75
2025-06-28 14:00:00+00:00,46810.54,1564.79,13455.0,2209.5,29581.25,14225.75,3209.0,28850.0
2025-06-28 15:00:00+00:00,48569.29,3858.04,14915.0,5385.75,24410.5,14610.0,4561.0,22661.75
2025-06-28 16:00:00+00:00,49664.52,11636.27,15702.25,6626.75,15699.25,13515.5,4629.75,14682.5
2025-06-28 17:00:00+00:00,49791.28,21436.78,14447.5,6576.25,7330.75,11936.0,4703.0,7204.75
2025-06-28 18:00:00+00:00,48624.3,27922.05,12257.75,6291.0,2153.5,10614.0,4779.0,2382.75
2025-06-28 19:00:00+00:00,47027.85,29872.1,10949.5,5969.0,237.25,10046.75,4818.75,223.0
2025-06-28 20:00:00+00:00,46217.42,30150.67,9850.5,6126.25,90.0,9670.0,4820.75,2.5
2025-06-28 21:00:00+00:00,44009.32,27617.07,10346.0,5989.75,56.5,9523.25,4738.0,0.0
2025-06-28 22:00:00+00:00,42169.64,24891.14,10668.5,6550.5,59.5,10829.25,4339.0,0.0
2025-06-28 23:00:00+00:00,40128.06,22878.31,11277.5,5917.5,54.75,10878.75,4301.75,0.0
2025-06-29 00:00:00+00:00,38580.17,20647.17,11763.75,6116.0,53.25,10909.0,4190.5,0.0
2025-06-29 01:00:00+00:00,37902.54,20507.54,12043.0,5300.0,52.0,10859.75,3984.75,0.0
2025-06-29 02:00:00+00:00,37437.37,20915.62,11826.0,4634.0,61.75,10606.0,3751.5,10.5
2025-06-29 03:00:00+00:00,37071.9,20982.9,11274.5,4258.75,555.75,9969.75,3426.75,623.75
2025-06-29 04:00:00+00:00,38337.97,21598.97,9503.75,3492.75,3742.5,8538.25,3061.0,3730.5
2025-06-29 05:00:00+00:00,40446.82,19727.57,6923.25,2722.0,11074.0,6803.0,2698.75,10836.5
2025-06-29 06:00:00+00:00,43581.39,13278.14,6724.25,2362.25,21216.75,6206.5,2398.25,20222.25
2025-06-29 07:00:00+00:00,44208.28,5293.78,7227.0,1110.5,30577.0,6563.25,2188.0,28895.25
2025-06-29 08:00:00+00:00,45882.13,316.63,6993.0,1179.75,37392.75,7170.25,1994.75,35225.75
2025-06-29 09:00:00+00:00,45172.74,-2948.01,7947.25,85.5,40088.0,7798.0,1699.0,39755.0
2025-06-29 10:00:00+00:00,45354.32,-5168.93,8993.75,389.25,41140.25,8364.5,1666.25,41771.0
2025-06-29 11:00:00+00:00,44784.0,-6780.0,10087.25,363.25,41113.5,8950.5,1660.5,41793.5
2025-06-29 12:00:00+00:00,43603.16,-8229.84,11170.5,375.75,40286.75,9640.75,1658.5,40623.25
2025-06-29 13:00:00+00:00,44052.79,-6585.71,12057.5,984.75,37596.25,10422.5,1628.5,37771.25
2025-06-29 14:00:00+00:00,44267.25,-2133.5,12336.0,1033.75,33031.0,11807.75,1645.5,32985.0
2025-06-29 15:00:00+00:00,47605.01,3255.01,13947.25,2229.5,28173.25,12900.75,1924.25,25774.25
2025-06-29 16:00:00+00:00,49374.21,11872.96,16696.0,2096.0,18709.25,12595.25,1941.25,16416.25
2025-06-29 17:00:00+00:00,49656.41,23105.41,15806.0,1968.0,8777.0,11601.25,1929.25,7693.5
2025-06-29 18:00:00+00:00,49497.32,31649.82,13298.5,1886.75,2662.25,10735.75,1856.75,2575.0
2025-06-29 19:00:00+00:00,48411.18,33935.18,12329.25,1806.0,340.75,10846.5,1752.75,298.25
2025-06-29 20:00:00+00:00,48309.04,34081.04,12300.0,1857.75,70.25,10685.75,1664.25,2.75
2025-06-29 21:00:00+00:00,45762.06,31764.81,12133.5,1808.25,55.5,10047.25,1631.5,0.0
2025-06-29 22:00:00+00:00,43267.45,30316.95,11085.5,1804.75,60.25,10284.75,1746.25,0.0
2025-06-29 23:00:00+00:00,41600.72,29817.97,9935.5,1795.0,52.25,9081.75,1723.75,0.0
2025-06-30 00:00:00+00:00,40837.52,30262.27,8823.5,1697.75,54.0,8175.5,1694.75,0.0
2025-06-30 01:00:00+00:00,40269.25,30460.0,8259.5,1497.0,52.75,7431.75,1640.0,0.0
2025-06-30 02:00:00+00:00,41039.59,31536.59,8051.75,1388.75,62.5,6784.75,1542.5,8.75
2025-06-30 03:00:00+00:00,44080.01,34622.76,7445.25,1344.5,667.5,6229.5,1440.25,677.5
2025-06-30 04:00:00+00:00,51483.64,39840.14,6196.5,1298.5,4148.5,5382.5,1362.0,3884.25
2025-06-30 05:00:00+00:00,56883.21,39608.21,3885.5,1165.0,12224.5,3836.0,1221.5,11877.25
2025-06-30 06:00:00+00:00,60516.03,33291.78,2542.75,1072.75,23608.75,2367.0,1030.25,22675.25
2025-06-30 07:00:00+00:00,60489.0,23201.75,1798.5,859.0,34629.75,1738.0,861.0,32800.75
2025-06-30 08:00:00+00:00,59601.6,15922.6,1522.75,433.25,41723.0,1488.0,724.0,40666.5
2025-06-30 09:00:00+00:00,59045.9,10580.4,1469.75,166.0,46829.75,1371.25,627.0,45947.0
2025-06-30 10:00:00+00:00,58289.26,6953.26,1482.0,176.5,49677.5,1283.5,587.0,49049.5
2025-06-30 11:00:00+00:00,57768.8,6054.3,1532.25,64.0,50118.25,1232.25,580.25,49543.0
2025-06-30 12:00:00+00:00,56760.68,6783.68,1570.25,103.5,48303.25,1214.25,571.0,47473.5
2025-06-30 13:00:00+00:00,57050.32,10446.57,1586.5,547.0,44470.25,1215.0,558.5,43173.25
2025-06-30 14:00:00+00:00,55943.63,15250.63,1586.0,414.0,38693.0,1244.75,608.0,36810.5
2025-06-30 15:00:00+00:00,56843.71,24351.71,1544.25,751.75,30196.0,1314.0,723.25,27678.25
2025-06-30 16:00:00+00:00,57679.19,36119.69,1630.75,849.75,19079.0,1474.25,829.0,16833.0
2025-06-30 17:00:00+00:00,57584.14,45756.64,2075.0,973.5,8779.0,1919.5,965.5,7353.25
2025-06-30 18:00:00+00:00,56769.99,50001.49,3044.75,1113.75,2610.0,3161.0,1133.25,2375.25
2025-06-30 19:00:00+00:00,54578.58,47848.33,5069.75,1344.25,316.25,5336.0,1306.0,282.75
2025-06-30 20:00:00+00:00,52289.04,43425.04,7174.25,1632.75,57.0,7600.75,1459.5,3.0
2025-06-30 21:00:00+00:00,48418.23,36732.73,9615.75,2013.5,56.25,9175.0,1577.75,0.0
2025-06-30 22:00:00+00:00,46038.45,32517.51,11126.47,2337.41,57.07,11223.0,2201.25,0.0
2025-06-30 23:00:00+00:00,44783.98,30694.49,11490.88,2545.53,53.08,11854.75,2413.25,0.0
2025-07-01 00:00:00+00:00,43570.53,29196.19,11539.25,2782.5,52.59,11979.25,2643.0,0.0
2025-07-01 01:00:00+00:00,43980.33,29618.32,11127.57,3181.85,52.58,11796.75,2849.75,0.0
2025-07-01 02:00:00+00:00,45033.67,30765.86,10828.31,3381.02,58.48,11475.5,2950.0,8.5
2025-07-01 03:00:00+00:00,47365.2,33457.32,10245.36,3039.67,622.84,10866.0,2831.0,675.5
2025-07-01 04:00:00+00:00,53849.13,38227.3,8853.17,2790.79,3977.87,9581.0,2546.75,3878.25
2025-07-01 05:00:00+00:00,58663.23,39123.38,5713.18,1915.07,11911.6,6910.5,2220.25,11959.0
2025-07-01 06:00:00+00:00,61387.26,34483.44,2148.82,1398.92,23356.08,3824.25,1830.25,22830.0
2025-07-01 07:00:00+00:00,61525.33,25798.12,919.64,990.65,33816.93,2031.75,1428.5,32873.5
2025-07-01 08:00:00+00:00,60390.19,18106.23,686.35,576.83,41020.78,1209.75,1051.0,40604.75
2025-07-01 09:00:00+00:00,60878.88,14018.14,709.79,235.89,45915.06,845.5,790.75,45715.25
2025-07-01 10:00:00+00:00,60119.14,11203.94,610.39,115.07,48189.75,638.75,607.25,48361.5
2025-07-01 11:00:00+00:00,59420.45,10983.83,566.51,60.98,47809.13,510.75,486.0,48417.0
2025-07-01 12:00:00+00:00,59008.78,12981.37,522.97,119.65,45384.79,443.75,419.75,45826.5
2025-07-01 13:00:00+00:00,58448.56,16639.59,532.88,99.85,41176.24,437.5,389.5,41365.5
2025-07-01 14:00:00+00:00,59235.84,22242.88,604.24,229.91,36158.81,472.75,399.5,35139.75
2025-07-01 15:00:00+00:00,59917.85,30216.15,862.46,490.76,28348.48,539.25,442.75,26701.25
2025-07-01 16:00:00+00:00,59513.63,39812.91,842.09,614.19,18244.43,744.5,521.0,16458.75
2025-07-01 17:00:00+00:00,59312.53,48918.48,1087.08,980.99,8325.98,1370.25,614.0,7278.0
2025-07-01 18:00:00+00:00,58183.19,52907.47,1530.07,1217.79,2527.85,2764.5,743.75,2413.25
2025-07-01 19:00:00+00:00,55854.07,51174.87,2745.05,1606.91,327.24,4899.0,917.5,291.0
2025-07-01 20:00:00+00:00,54289.65,47602.13,4421.51,2203.29,62.73,7530.75,1116.25,3.0
2025-07-01 21:00:00+00:00,50766.4,40866.56,6533.64,3312.75,53.45,9790.75,1282.75,0.0
2025-07-01 22:00:00+00:00,47864.65,35509.55,8409.87,3886.94,58.29,11273.5,3643.75,0.0
2025-07-01 23:00:00+00:00,46344.96,32692.37,9847.25,3750.56,54.78,12506.75,3572.75,0.0
2025-07-02 00:00:00+00:00,45505.07,31713.2,10509.14,3230.17,52.56,13078.25,3241.75,0.0
2025-07-02 01:00:00+00:00,45252.55,31809.98,10657.38,2732.53,52.67,12991.0,2815.5,0.0
2025-07-02 02:00:00+00:00,45564.63,32578.98,10357.19,2569.3,59.16,12385.0,2459.75,6.0
2025-07-02 03:00:00+00:00,48493.59,34912.97,10303.56,2666.84,610.23,11402.0,2189.5,647.5
2025-07-02 04:00:00+00:00,55349.1,39540.31,9751.17,2129.86,3927.76,10082.5,1893.0,3877.5
2025-07-02 05:00:00+00:00,60456.59,39694.44,7847.35,1321.87,11592.93,7396.25,1548.5,11760.25
2025-07-02 06:00:00+00:00,62641.2,35411.69,4021.66,708.42,22499.42,4451.75,1299.0,22604.0
2025-07-02 07:00:00+00:00,61935.91,27630.29,2032.5,711.36,31561.76,2435.5,1165.25,32818.5
2025-07-02 08:00:00+00:00,62410.64,20162.06,1780.13,1018.08,39450.36,1470.5,1100.75,40602.75
2025-07-02 09:00:00+00:00,61353.44,14332.56,1509.03,1174.42,44337.43,1289.5,1134.0,45654.5
2025-07-02 10:00:00+00:00,60683.93,12073.71,1734.31,487.66,46388.25,1380.0,1183.75,48128.5
2025-07-02 11:00:00+00:00,60513.39,11646.95,1725.9,479.47,46661.08,1462.25,1242.0,48241.75
2025-07-02 12:00:00+00:00,59133.47,12625.85,1429.43,297.54,44780.66,1502.25,1311.25,45959.75
2025-07-02 13:00:00+00:00,59412.14,17198.31,1546.28,487.91,40179.65,1849.5,1402.0,41538.5
2025-07-02 14:00:00+00:00,59781.94,22339.91,2704.77,1133.13,33604.12,2665.25,1524.25,34836.75
2025-07-02 15:00:00+00:00,60756.07,28827.05,5589.7,1721.45,24617.87,4186.0,1636.0,25853.75
2025-07-02 16:00:00+00:00,60057.12,34659.05,9284.3,1320.0,14793.77,6979.25,1751.25,15630.5
2025-07-02 17:00:00+00:00,59507.38,39248.47,12127.92,1826.67,6304.32,9704.5,1836.25,7009.25
2025-07-02 18:00:00+00:00,59592.28,41047.59,15000.99,1780.71,1762.98,11474.5,1864.5,2273.25
2025-07-02 19:00:00+00:00,58530.83,41804.06,14046.6,2524.55,155.62,13290.0,1771.5,268.5
2025-07-02 20:00:00+00:00,55871.18,38129.34,14535.05,3121.81,84.99,14090.0,1771.25,5.25
2025-07-02 21:00:00+00:00,52573.13,32183.62,16073.7,4260.29,55.52,14963.75,2039.75,0.0
2025-07-02 22:00:00+00:00,49444.9,26880.36,17312.32,5195.68,56.54,19149.5,3970.0,0.0
2025-07-02 23:00:00+00:00,47598.52,24352.87,18109.06,5083.38,53.21,19751.5,3819.25,0.0
2025-07-03 00:00:00+00:00,45464.46,25582.06,15981.13,3844.98,56.29,20220.75,3808.75,0.0
2025-07-03 01:00:00+00:00,44336.25,25204.96,15514.89,3563.17,53.24,20385.5,3868.5,0.0
2025-07-03 02:00:00+00:00,45375.21,26201.3,15968.36,3148.71,56.84,20136.25,3917.0,2.75
2025-07-03 03:00:00+00:00,49320.82,27279.34,17685.13,3987.85,368.51,19552.25,3992.5,505.5
2025-07-03 04:00:00+00:00,56610.25,32060.12,17815.14,4186.64,2548.35,18941.25,3953.5,3219.75
2025-07-03 05:00:00+00:00,60417.03,32692.04,16777.76,3887.89,7059.34,17919.0,3868.75,8627.25
2025-07-03 06:00:00+00:00,63377.53,29587.28,16564.72,3711.1,13514.42,16789.25,3609.25,15319.0
2025-07-03 07:00:00+00:00,64237.69,24352.04,16082.75,3600.44,20202.46,16026.5,3254.5,21615.75
2025-07-03 08:00:00+00:00,64637.0,21171.86,15517.96,2482.04,25465.14,15292.75,2949.75,26974.75
2025-07-03 09:00:00+00:00,64688.13,18791.84,14424.05,1775.36,29696.88,14564.5,2697.5,31284.75
2025-07-03 10:00:00+00:00,62602.49,15269.62,13608.67,1188.75,32535.44,14028.0,2498.75,34096.25
2025-07-03 11:00:00+00:00,61476.39,12797.46,13013.31,475.14,35190.49,13622.5,2375.0,35518.5
2025-07-03 12:00:00+00:00,60306.88,11127.37,13163.17,431.32,35585.01,13546.25,2326.75,35337.0
2025-07-03 13:00:00+00:00,58765.61,11019.82,12663.53,369.64,34712.62,13313.25,2339.5,33488.75
2025-07-03 14:00:00+00:00,57558.49,12158.66,12067.86,1172.13,32159.85,12759.0,2411.25,29469.25
2025-07-03 15:00:00+00:00,58963.88,19201.49,11777.32,2206.42,25778.64,11952.0,2478.5,23239.75
2025-07-03 16:00:00+00:00,60380.89,29144.18,11517.3,2593.9,17125.5,10841.0,2513.25,15233.5
2025-07-03 17:00:00+00:00,60071.67,39205.17,10171.2,2321.65,8373.64,9523.75,2465.0,7197.25
2025-07-03 18:00:00+00:00,58107.11,45625.97,7898.17,1994.19,2588.78,8436.5,2349.75,2326.25
2025-07-03 19:00:00+00:00,55376.31,46748.98,6676.32,1657.44,293.56,8227.75,2169.25,264.75
2025-07-03 20:00:00+00:00,52759.72,44829.2,6461.94,1388.56,80.02,8096.75,1971.5,0.25
2025-07-03 21:00:00+00:00,49523.05,41411.05,6753.02,1305.04,53.95,7654.25,1852.0,0.0
2025-07-03 22:00:00+00:00,47290.33,39434.33,6342.22,1460.5,53.28,7235.0,1561.0,0.0
2025-07-03 23:00:00+00:00,45046.06,37832.88,5610.38,1550.82,51.98,6454.0,1617.0,0.0
2025-07-04 00:00:00+00:00,43862.3,37399.84,4831.57,1578.97,51.92,5821.0,1760.0,0.0
2025-07-04 01:00:00+00:00,43738.97,37478.13,4280.9,1927.98,51.96,5239.0,1914.0,0.0
2025-07-04 02:00:00+00:00,44380.11,38449.69,3837.73,2036.3,56.38,4727.0,2074.25,7.25
2025-07-04 03:00:00+00:00,47295.04,41035.73,3533.32,2174.58,551.41,4339.25,2292.0,581.75
2025-07-04 04:00:00+00:00,53202.83,44376.76,3291.06,2086.91,3448.11,3905.25,2494.25,3381.25
2025-07-04 05:00:00+00:00,57862.72,43496.95,2518.99,2307.94,9538.84,3162.75,2648.25,9961.75
2025-07-04 06:00:00+00:00,60750.31,36950.49,1858.58,2792.5,19148.74,2684.0,2860.5,19445.5
2025-07-04 07:00:00+00:00,60081.01,24497.67,2612.47,3300.9,29669.97,3071.25,3133.75,28956.0
2025-07-04 08:00:00+00:00,59783.24,14581.12,3477.56,3472.35,38252.21,4078.0,3168.25,36537.5
2025-07-04 09:00:00+00:00,59600.63,8528.22,4646.36,3137.51,43288.54,5375.25,3028.5,41474.75
2025-07-04 10:00:00+00:00,58694.15,4865.92,5765.98,3036.77,45025.48,6349.25,2958.75,43853.0
2025-07-04 11:00:00+00:00,57133.82,4195.3,5959.38,2386.01,44593.14,7147.25,2965.25,44105.5
2025-07-04 12:00:00+00:00,56311.88,3410.18,6727.21,2723.42,43451.06,7733.25,3107.0,42812.0
2025-07-04 13:00:00+00:00,55837.13,3934.84,7333.21,3511.05,41058.03,8029.75,3321.5,39737.75
2025-07-04 14:00:00+00:00,55500.57,8496.32,6972.73,3713.9,36317.63,8044.5,3606.25,34273.25
2025-07-04 15:00:00+00:00,55492.06,17071.9,6050.89,3995.08,28374.19,7584.25,3912.75,26481.25
2025-07-04 16:00:00+00:00,55685.89,28147.6,5068.94,4275.89,18193.46,6781.25,4058.5,16793.75
2025-07-04 17:00:00+00:00,55614.71,38768.82,3757.22,4436.62,8652.04,5641.75,4072.25,7725.0
2025-07-04 18:00:00+00:00,54441.97,44291.02,2675.66,4756.14,2719.16,4561.0,3992.25,2564.5
2025-07-04 19:00:00+00:00,52059.87,44194.87,2688.57,4853.51,322.92,3857.75,3997.25,262.0
2025-07-04 20:00:00+00:00,50237.32,41338.11,3092.16,5725.24,81.82,3474.0,4198.5,1.0
2025-07-04 21:00:00+00:00,47720.6,37688.08,4153.04,5821.85,57.63,3385.5,4618.25,0.0
2025-07-04 22:00:00+00:00,44593.94,33838.95,6005.19,4687.88,61.91,5598.75,5164.5,0.0
2025-07-04 23:00:00+00:00,42010.37,29857.34,8318.7,3778.2,56.13,7307.25,4955.0,0.0
2025-07-05 00:00:00+00:00,40235.27,27033.38,10408.49,2735.65,57.74,9218.0,4735.5,0.0
2025-07-05 01:00:00+00:00,39866.98,24658.19,12366.19,2788.81,53.79,10812.5,4380.25,0.0
2025-07-05 02:00:00+00:00,39989.68,23078.13,13970.5,2884.42,56.63,12023.5,4167.0,5.0
2025-07-05 03:00:00+00:00,39947.57,21475.8,14598.14,3277.82,595.82,12829.5,4169.25,561.0
2025-07-05 04:00:00+00:00,42660.35,19804.1,14592.52,4234.37,4029.36,13223.75,4358.25,3521.25
2025-07-05 05:00:00+00:00,45049.65,16850.0,12384.96,4514.71,11299.98,12189.0,4693.0,10342.5
2025-07-05 06:00:00+00:00,47739.15,11723.98,9857.87,5134.55,21022.74,10483.75,4939.0,19037.75
2025-07-05 07:00:00+00:00,49756.84,5564.19,9283.02,5414.87,29494.76,10045.75,4962.75,26790.75
2025-07-05 08:00:00+00:00,50692.49,623.91,10881.11,4408.31,34779.15,11035.5,4720.75,32196.5
2025-07-05 09:00:00+00:00,50791.69,-1949.62,12546.52,3352.29,36842.5,12050.25,2954.25,35541.5
2025-07-05 10:00:00+00:00,49030.21,-5432.81,13073.76,2777.95,38611.31,12711.75,2881.25,37000.75
2025-07-05 11:00:00+00:00,47471.22,-7023.09,13370.4,2086.76,39037.15,14003.75,2818.75,37133.75
2025-07-05 12:00:00+00:00,46625.21,-8037.95,15245.14,2283.93,37134.09,15392.25,2757.75,36018.5
2025-07-05 13:00:00+00:00,46362.7,-5218.12,16307.07,2570.47,32703.29,16391.0,2783.25,33327.75
2025-07-05 14:00:00+00:00,46617.01,-744.23,16701.85,3178.91,27480.48,16922.75,2845.0,28835.75
2025-07-05 15:00:00+00:00,47942.02,3001.6,17530.17,4681.97,22728.28,17235.5,4682.5,22596.25
2025-07-05 16:00:00+00:00,49008.43,11566.01,17295.06,5161.16,14986.2,16328.75,4850.25,14527.5
2025-07-05 17:00:00+00:00,49385.09,20500.29,16267.48,5471.12,7146.19,13949.25,5086.0,6942.25
2025-07-05 18:00:00+00:00,47776.99,26909.21,13231.8,5537.03,2098.95,11267.0,5244.75,2330.75
2025-07-05 19:00:00+00:00,45793.71,29092.46,10975.72,5527.09,198.44,10011.75,5150.75,221.75
2025-07-05 20:00:00+00:00,44789.95,29517.58,9559.49,5626.93,85.95,9427.0,4982.25,2.0
2025-07-05 21:00:00+00:00,42601.21,27802.37,9518.7,5213.31,66.83,9177.5,4837.5,0.0
2025-07-05 22:00:00+00:00,40868.45,26725.87,8872.27,5187.13,83.18,9788.5,5061.5,0.0
2025-07-05 23:00:00+00:00,38981.71,24405.94,8773.55,5732.53,69.69,10271.75,4818.75,0.0
2025-07-06 00:00:00+00:00,37669.24,23601.1,8474.97,5532.76,60.42,10964.75,4546.5,0.0
2025-07-06 01:00:00+00:00,36837.13,23414.46,8999.29,4366.1,57.28,11650.25,4177.0,0.0
2025-07-06 02:00:00+00:00,36256.47,22624.98,10110.93,3463.39,57.17,12231.5,3677.5,3.5
2025-07-06 03:00:00+00:00,35956.2,21647.91,11276.84,2656.47,374.98,12589.25,3167.25,415.5
2025-07-06 04:00:00+00:00,36977.09,19730.22,11845.33,2448.39,2953.15,12773.25,2786.75,2792.25
2025-07-06 05:00:00+00:00,38672.21,17089.42,11218.09,2029.25,8335.45,12144.75,2452.75,7612.25
2025-07-06 06:00:00+00:00,41395.72,13574.59,10139.73,1929.7,15751.7,11464.5,2122.25,13782.25
2025-07-06 07:00:00+00:00,44230.6,8739.88,10297.97,1415.87,23776.89,11519.25,1818.25,19856.0
2025-07-06 08:00:00+00:00,46570.81,4967.96,11299.16,1268.18,29035.51,12028.0,1599.25,24167.0
2025-07-06 09:00:00+00:00,48040.16,4650.29,12122.83,624.01,30643.03,12499.75,1358.25,26553.5
2025-07-06 10:00:00+00:00,47716.95,3089.77,14578.41,480.28,29568.49,13054.75,1175.5,27312.75
2025-07-06 11:00:00+00:00,46987.58,4689.25,14739.28,603.36,26955.69,13594.0,997.75,26204.5
2025-07-06 12:00:00+00:00,45685.65,6708.48,15270.01,776.75,22930.41,14080.5,811.5,23541.25
2025-07-06 13:00:00+00:00,45880.93,11360.65,14775.05,754.04,18991.19,14304.25,639.0,19910.25
2025-07-06 14:00:00+00:00,46189.59,16101.27,14790.69,463.36,14834.27,13906.75,492.25,15582.75
2025-07-06 15:00:00+00:00,46368.17,22838.61,13332.11,235.67,9961.77,13041.25,387.25,11342.75
2025-07-06 16:00:00+00:00,47827.87,30104.3,11641.47,207.09,5875.01,11802.0,314.25,7273.0
2025-07-06 17:00:00+00:00,47959.69,34237.16,10566.67,241.76,2914.09,10431.25,276.25,3733.25
2025-07-06 18:00:00+00:00,46922.63,36234.86,9653.93,169.76,864.08,9520.5,250.75,1238.75
2025-07-06 19:00:00+00:00,46267.69,37112.98,8826.28,221.69,106.73,9375.0,229.25,139.75
2025-07-06 20:00:00+00:00,46352.79,37889.86,7868.22,533.61,61.1,9494.25,231.75,2.0
2025-07-06 21:00:00+00:00,43887.0,35963.03,7453.34,412.65,57.98,9804.0,286.75,0.0
2025-07-06 22:00:00+00:00,41940.94,34599.34,6661.04,622.7,57.86,8841.5,630.5,0.0
2025-07-06 23:00:00+00:00,40237.95,33389.87,6264.18,530.01,53.9,8483.5,673.25,0.0
2025-07-07 00:00:00+00:00,40028.58,33021.26,6387.7,566.9,52.71,8231.0,705.0,0.0
2025-07-07 01:00:00+00:00,40545.32,33505.84,5967.72,1019.01,52.75,7829.75,777.0,0.0
2025-07-07 02:00:00+00:00,41851.96,34850.36,5524.49,1422.39,54.72,7347.0,903.25,3.5
2025-07-07 03:00:00+00:00,44398.31,37549.18,5427.48,1179.34,242.32,6948.0,1066.0,319.5
2025-07-07 04:00:00+00:00,51579.95,43529.44,4848.81,1459.6,1742.11,6610.5,1255.25,2058.25
2025-07-07 05:00:00+00:00,56687.03,45991.18,4243.32,1766.48,4686.05,6328.0,1414.5,5483.5
2025-07-07 06:00:00+00:00,60039.08,44312.63,4068.84,2240.88,9416.74,5920.75,1524.0,10185.75
2025-07-07 07:00:00+00:00,61448.85,39448.35,4011.56,2470.69,15518.24,5741.0,1644.5,15290.0
2025-07-07 08:00:00+00:00,61675.38,32904.55,4292.12,2856.34,21622.37,5549.25,1800.5,20185.5
2025-07-07 09:00:00+00:00,61985.11,27537.56,4667.66,3224.57,26555.33,5553.0,2108.75,24006.75
2025-07-07 10:00:00+00:00,61920.04,23261.75,5497.36,3775.05,29385.89,6066.25,2496.0,26886.25
2025-07-07 11:00:00+00:00,60726.9,20061.1,7192.68,4205.92,29267.2,7045.0,2864.0,28492.5
2025-07-07 12:00:00+00:00,58870.4,18343.41,8842.76,4234.12,27450.1,8166.25,3259.5,28322.75
2025-07-07 13:00:00+00:00,58005.99,18316.92,10897.9,4441.76,24349.41,9423.25,3589.5,26251.25
2025-07-07 14:00:00+00:00,57755.63,20623.16,11721.13,5038.94,20372.4,10678.5,3915.5,22322.5
2025-07-07 15:00:00+00:00,59186.04,25117.79,12673.16,5540.96,15854.14,11743.0,4309.25,17135.0
2025-07-07 16:00:00+00:00,59335.51,29986.71,13282.16,5800.43,10266.22,12424.75,4491.5,11042.5
2025-07-07 17:00:00+00:00,58075.6,33794.15,13441.33,5684.52,5155.6,12571.75,4642.75,5543.0
2025-07-07 18:00:00+00:00,56092.69,35119.68,13687.3,5622.83,1662.88,12541.5,4747.5,1923.25
2025-07-07 19:00:00+00:00,54157.41,35518.2,13394.14,5061.54,183.52,12971.75,4765.5,223.5
2025-07-07 20:00:00+00:00,51152.36,33588.09,13068.36,4415.09,80.81,13447.25,4626.0,3.0
2025-07-07 21:00:00+00:00,47742.53,30357.91,13210.84,4114.12,59.66,14195.5,4429.75,0.0
2025-07-07 22:00:00+00:00,45247.35,28483.53,12547.77,4162.39,53.66,13007.0,2986.25,0.0
2025-07-07 23:00:00+00:00,43613.61,27350.22,11942.43,4267.8,53.17,12750.0,3002.0,0.0
2025-07-08 00:00:00+00:00,42624.14,26455.66,11725.27,4389.72,53.49,12869.75,3133.25,0.0
2025-07-08 01:00:00+00:00,42552.16,26114.59,11892.49,4481.8,63.28,13033.5,3259.25,0.0
2025-07-08 02:00:00+00:00,43608.91,27028.31,11975.9,4549.16,55.54,13140.5,3310.5,3.0
2025-07-08 03:00:00+00:00,46705.68,29422.7,12171.0,4819.14,292.84,12734.5,3279.75,381.5
2025-07-08 04:00:00+00:00,52773.0,34376.45,11883.16,4248.23,2265.15,11739.75,3183.25,2483.75
2025-07-08 05:00:00+00:00,57435.74,36216.92,10371.22,4149.68,6697.91,10199.5,3056.0,6877.5
2025-07-08 06:00:00+00:00,59846.36,33333.04,9676.93,3799.29,13037.11,8904.25,2872.75,12864.0
2025-07-08 07:00:00+00:00,60631.19,27524.48,9980.81,3840.78,19285.13,8398.25,2738.0,19047.75
2025-07-08 08:00:00+00:00,61121.73,22964.24,10518.3,3634.27,24004.91,8365.0,2627.0,24190.25
2025-07-08 09:00:00+00:00,61288.93,19756.31,11425.26,3382.61,26724.75,8642.75,2539.75,27594.5
2025-07-08 10:00:00+00:00,60463.81,17398.86,11702.82,3360.11,28002.02,9261.25,2435.25,29468.25
2025-07-08 11:00:00+00:00,59734.47,15110.16,12597.18,3148.98,28878.15,10055.25,2300.0,30160.75
2025-07-08 12:00:00+00:00,58301.89,12903.34,13734.09,2540.53,29123.93,10888.0,2149.0,29485.0
2025-07-08 13:00:00+00:00,57035.38,13469.7,13210.77,2271.19,28083.72,11647.5,2056.0,27644.0
2025-07-08 14:00:00+00:00,56279.78,13627.44,14711.97,2730.98,25209.38,12307.75,2086.75,24273.0
2025-07-08 15:00:00+00:00,57250.01,17573.03,16212.88,3586.47,19877.62,12703.0,2173.5,19383.25
2025-07-08 16:00:00+00:00,57711.34,24635.32,15843.97,3865.28,13366.77,12586.0,2324.75,13127.25
2025-07-08 17:00:00+00:00,57146.64,31558.25,14989.18,3869.16,6730.05,11849.75,2400.25,6835.0
2025-07-08 18:00:00+00:00,55161.13,35886.94,13384.58,3801.3,2088.32,11008.5,2421.0,2385.5
2025-07-08 19:00:00+00:00,52454.77,36275.67,12360.87,3604.11,214.13,11278.75,2399.75,234.75
2025-07-08 20:00:00+00:00,50280.53,35237.14,11784.87,3195.48,63.04,11819.25,2361.75,2.0
2025-07-08 21:00:00+00:00,46816.49,31936.99,12058.04,2760.56,60.9,12293.25,2246.0,0.0
2025-07-08 22:00:00+00:00,44388.97,29921.84,12008.35,2403.32,55.46,12921.25,1829.75,0.0
2025-07-08 23:00:00+00:00,42653.74,28682.13,12005.59,1913.76,52.26,12925.75,1475.5,0.0
2025-07-09 00:00:00+00:00,41083.15,27771.17,11810.59,1449.32,52.07,12781.75,1148.0,0.0
2025-07-09 01:00:00+00:00,41057.83,28137.66,11782.6,1084.15,53.42,12471.0,924.0,0.0
2025-07-09 02:00:00+00:00,42158.54,29207.82,11902.39,993.46,54.87,12036.75,790.25,2.25
2025-07-09 03:00:00+00:00,45462.79,32146.17,12115.94,901.3,299.37,11397.75,717.75,409.5
2025-07-09 04:00:00+00:00,51746.29,36891.07,11296.31,1050.44,2508.47,10529.25,683.0,2938.25
2025-07-09 05:00:00+00:00,56655.53,38268.18,10011.19,1060.23,7315.92,9558.5,691.5,8195.25
2025-07-09 06:00:00+00:00,59378.71,33629.62,10373.47,1084.59,14291.03,9035.5,758.25,14934.0
2025-07-09 07:00:00+00:00,60078.31,26755.39,11111.38,1076.84,21134.71,9254.25,815.75,21271.75
2025-07-09 08:00:00+00:00,60362.35,22491.91,11631.21,1048.1,25191.14,9620.75,821.0,26312.5
2025-07-09 09:00:00+00:00,60498.28,20495.32,11876.86,994.88,27131.22,9901.25,790.75,29730.0
2025-07-09 10:00:00+00:00,60549.26,18974.37,12216.34,914.24,28444.31,10260.75,741.25,31598.25
2025-07-09 11:00:00+00:00,59066.47,16641.95,12335.56,926.97,29161.99,10727.0,703.0,32327.75
2025-07-09 12:00:00+00:00,57599.87,14537.7,12432.65,954.84,29674.68,11251.25,671.0,31924.75
2025-07-09 13:00:00+00:00,57052.41,15924.6,12283.59,899.13,27945.1,11620.25,666.75,29970.75
2025-07-09 14:00:00+00:00,55712.56,18342.44,11997.28,787.57,24585.27,11759.25,672.5,26424.25
2025-07-09 15:00:00+00:00,56004.49,23453.08,11673.31,818.32,20059.77,11397.75,666.25,21198.75
2025-07-09 16:00:00+00:00,56924.76,31376.08,11004.83,849.61,13694.25,10455.75,645.5,14338.75
2025-07-09 17:00:00+00:00,56129.16,39161.82,9346.47,658.92,6961.94,9016.25,619.75,7225.5
2025-07-09 18:00:00+00:00,54855.5,44688.85,7341.41,536.16,2227.1,7650.5,596.75,2456.5
2025-07-09 19:00:00+00:00,52850.81,46050.57,5966.84,569.62,263.78,7300.5,573.0,230.25
2025-07-09 20:00:00+00:00,50505.43,44437.71,5509.45,489.94,68.34,7307.25,551.75,0.25
2025-07-09 21:00:00+00:00,46943.9,40616.73,5822.65,449.05,55.46,7104.75,537.75,0.0
2025-07-09 22:00:00+00:00,43799.75,37901.3,5450.4,391.6,56.44,5841.0,408.75,0.0
2025-07-09 23:00:00+00:00,42198.09,36722.94,4907.96,513.79,53.4,5370.25,476.75,0.0
2025-07-10 00:00:00+00:00,41236.69,36271.02,4300.48,612.3,52.89,4965.25,535.0,0.0
2025-07-10 01:00:00+00:00,41262.1,36809.67,3706.78,692.89,52.76,4626.25,588.25,0.0
2025-07-10 02:00:00+00:00,42171.11,37900.82,3365.66,850.29,54.34,4293.0,629.75,3.0
2025-07-10 03:00:00+00:00,44986.64,40443.43,3186.73,988.32,368.17,3911.75,648.5,458.75
2025-07-10 04:00:00+00:00,51596.85,44649.57,2837.0,1064.56,3045.72,3276.5,638.5,3350.0
2025-07-10 05:00:00+00:00,56146.49,44001.82,1876.12,1006.58,9261.97,2323.0,594.25,9705.5
2025-07-10 06:00:00+00:00,58568.78,37729.24,1430.43,895.2,18513.89,1685.5,525.75,18568.25
2025-07-10 07:00:00+00:00,58302.71,27670.68,1706.19,733.42,28192.44,1604.75,463.5,27049.0
2025-07-10 08:00:00+00:00,58702.03,20564.55,2221.89,695.01,35220.58,1879.25,429.0,33081.75
2025-07-10 09:00:00+00:00,58354.13,16542.24,2793.5,522.03,38496.36,2349.0,434.75,36884.25
2025-07-10 10:00:00+00:00,57435.43,13654.36,3495.93,565.23,39719.9,2917.5,484.75,38674.5
2025-07-10 11:00:00+00:00,56474.85,12226.25,4680.36,544.56,39023.68,3664.0,586.5,38211.5
2025-07-10 12:00:00+00:00,55745.02,11983.43,5917.28,581.01,37263.3,4565.0,704.25,36033.25
2025-07-10 13:00:00+00:00,55354.78,13450.78,7237.23,671.69,33995.08,5586.25,828.5,32890.25
2025-07-10 14:00:00+00:00,55601.31,18005.41,7877.16,825.34,28893.4,6615.0,939.25,28146.5
2025-07-10 15:00:00+00:00,56045.33,24674.76,8142.22,861.78,22366.57,7324.25,1000.5,21911.0
2025-07-10 16:00:00+00:00,56300.02,32792.93,8141.66,735.03,14630.41,7408.5,1006.5,14412.25
2025-07-10 17:00:00+00:00,55754.8,40432.74,7355.69,689.66,7276.72,6900.5,979.0,7121.5
2025-07-10 18:00:00+00:00,54634.78,45450.93,5926.38,1018.48,2238.99,6324.75,959.75,2411.25
2025-07-10 19:00:00+00:00,52777.26,46420.14,4858.17,1253.42,245.53,6249.0,978.5,212.75
2025-07-10 20:00:00+00:00,50969.83,44992.9,4424.2,1486.85,65.88,6233.0,1024.75,0.25
2025-07-10 21:00:00+00:00,47459.91,40702.35,5223.08,1474.51,59.98,6076.5,1049.25,0.0
2025-07-10 22:00:00+00:00,45187.02,38095.51,5721.31,1315.9,54.31,6268.0,1370.25,0.0
2025-07-10 23:00:00+00:00,43365.8,36424.76,5666.63,1220.25,54.16,6056.5,1333.25,0.0
2025-07-11 00:00:00+00:00,42078.84,35294.15,5450.95,1279.19,54.56,5957.0,1330.25,0.0
2025-07-11 01:00:00+00:00,42336.77,35254.54,5574.72,1452.04,55.46,5884.5,1346.5,0.0
2025-07-11 02:00:00+00:00,43173.77,35970.02,5587.57,1558.45,57.74,5879.5,1356.5,1.75
2025-07-11 03:00:00+00:00,45768.55,37903.31,5969.73,1538.92,356.59,6005.25,1347.0,441.0
2025-07-11 04:00:00+00:00,52353.51,42091.45,5837.43,1671.95,2752.67,5809.75,1314.25,3109.25
2025-07-11 05:00:00+00:00,57548.22,43433.19,4378.77,1805.79,7930.46,4668.25,1285.75,8744.0
2025-07-11 06:00:00+00:00,60900.54,39764.43,3855.35,1806.26,15474.51,3814.0,1250.75,16289.0
2025-07-11 07:00:00+00:00,61228.14,31588.69,4930.33,1654.29,23054.83,4316.0,1202.0,23528.5
2025-07-11 08:00:00+00:00,60273.84,24720.41,6475.8,970.41,28107.22,5433.5,1128.75,29103.5
2025-07-11 09:00:00+00:00,60496.61,19296.91,7527.25,1002.52,32669.93,6423.75,1053.0,32698.25
2025-07-11 10:00:00+00:00,59402.42,13898.16,8671.13,996.45,35836.69,7209.25,1012.5,34924.25
2025-07-11 11:00:00+00:00,57399.78,9589.79,9775.86,969.78,37064.36,8010.0,1023.25,35436.5
2025-07-11 12:00:00+00:00,56159.05,8109.86,10678.53,1342.35,36028.31,9079.25,1075.5,34376.25
2025-07-11 13:00:00+00:00,55961.86,9068.01,12202.88,2127.01,32563.97,10253.25,1220.25,31737.75
2025-07-11 14:00:00+00:00,56068.05,12135.06,13686.79,2477.88,27768.32,11292.5,1495.25,27323.0
2025-07-11 15:00:00+00:00,56511.58,17752.55,14669.14,2690.78,21399.11,12020.0,1796.25,21243.75
2025-07-11 16:00:00+00:00,56389.43,24915.45,14996.29,2700.28,13777.41,12211.25,2082.5,13725.25
2025-07-11 17:00:00+00:00,55029.26,32082.08,13397.93,2748.53,6800.72,11780.0,2342.0,6625.75
2025-07-11 18:00:00+00:00,53337.2,37378.33,11115.83,2737.75,2105.29,11326.0,2580.5,2230.0
2025-07-11 19:00:00+00:00,50957.25,38160.83,9698.77,2833.66,264.0,11568.5,2739.25,225.5
2025-07-11 20:00:00+00:00,48498.21,37001.52,8569.25,2839.02,88.41,11614.5,2820.25,2.0
2025-07-11 21:00:00+00:00,45044.26,33879.23,8189.51,2912.72,62.8,11571.0,2856.75,0.0
2025-07-11 22:00:00+00:00,42955.72,32839.84,7456.45,2592.01,67.4,8742.0,2533.0,0.0
2025-07-11 23:00:00+00:00,40737.77,31802.9,6854.69,2022.31,57.87,8641.25,2492.25,0.0
2025-07-12 00:00:00+00:00,39739.54,31384.98,6586.38,1713.6,54.59,8923.75,2530.25,0.0
2025-07-12 01:00:00+00:00,39383.82,30749.39,6684.36,1895.25,54.82,9219.75,2639.0,0.0
2025-07-12 02:00:00+00:00,38863.49,29533.03,7400.67,1874.32,55.47,9448.5,2919.25,0.0
2025-07-12 03:00:00+00:00,38874.13,27981.0,8597.7,2093.35,202.07,9695.75,3262.75,292.0
2025-07-12 04:00:00+00:00,40637.24,27026.47,8943.86,2523.6,2143.31,9885.0,3567.0,2330.75
2025-07-12 05:00:00+00:00,43593.01,25613.35,8292.48,3298.43,6388.75,9394.25,3701.5,6518.25
2025-07-12 06:00:00+00:00,47363.9,22730.87,8163.49,3897.49,12572.05,8531.75,3676.25,12280.75
2025-07-12 07:00:00+00:00,49693.62,17561.24,8780.75,4132.67,19218.96,8419.5,3542.75,18396.75
2025-07-12 08:00:00+00:00,50991.8,12298.1,9653.78,3901.67,25138.25,8864.75,3340.5,23496.0
2025-07-12 09:00:00+00:00,50702.51,9323.64,9619.1,3581.48,28178.3,9268.75,3093.75,26935.75
2025-07-12 10:00:00+00:00,49088.02,8257.98,8730.02,3138.42,28961.59,9555.5,2989.5,28487.0
2025-07-12 11:00:00+00:00,47669.53,9065.62,7985.1,2722.27,27896.55,9697.5,3055.25,28254.75
2025-07-12 12:00:00+00:00,47190.6,10180.57,7829.56,2839.77,26340.7,9789.0,3204.5,26847.0
2025-07-12 13:00:00+00:00,46750.36,11332.2,8679.16,3518.97,23220.03,9710.25,3309.0,24158.5
2025-07-12 14:00:00+00:00,47221.8,16052.66,8467.12,3359.8,19342.23,9532.25,3382.25,20325.5
2025-07-12 15:00:00+00:00,47616.56,22305.11,7823.38,2888.41,14599.66,9218.0,3443.75,15854.0
2025-07-12 16:00:00+00:00,48819.84,29651.37,7190.96,2344.58,9632.94,8608.5,3530.25,10624.0
2025-07-12 17:00:00+00:00,48691.16,34554.46,6753.31,2438.93,4944.46,7687.0,3593.75,5536.0
2025-07-12 18:00:00+00:00,47689.38,37366.61,6132.5,2605.9,1584.39,6857.5,3627.25,1861.0
2025-07-12 19:00:00+00:00,46003.49,37571.23,5801.0,2458.65,172.61,6539.0,3576.75,165.25
2025-07-12 20:00:00+00:00,44751.34,36722.67,5208.77,2725.82,94.08,6226.5,3366.75,0.0
2025-07-12 21:00:00+00:00,42312.29,34566.5,4964.8,2716.71,64.28,5898.75,3052.0,0.0
2025-07-12 22:00:00+00:00,39710.56,32651.95,4626.65,2365.29,66.66,5284.75,2817.75,0.0
2025-07-12 23:00:00+00:00,37962.05,31414.18,4381.49,2107.78,58.6,4906.75,2607.75,0.0
2025-07-13 00:00:00+00:00,36912.79,30841.1,3945.26,2072.01,54.42,4732.0,2268.25,0.0
2025-07-13 01:00:00+00:00,36199.31,30611.01,3851.0,1681.68,55.61,4488.0,1818.0,0.0
2025-07-13 02:00:00+00:00,36030.82,30598.52,3828.73,1548.14,55.43,4228.75,1460.0,0.0
2025-07-13 03:00:00+00:00,36061.15,30051.33,4278.94,1529.05,201.83,4008.0,1239.5,287.0
2025-07-13 04:00:00+00:00,36692.85,28452.48,4140.18,1990.89,2109.3,3732.25,1127.75,2468.25
2025-07-13 05:00:00+00:00,38346.42,26471.64,3381.17,1906.64,6586.97,3342.25,1100.5,7447.25
2025-07-13 06:00:00+00:00,41391.69,24289.17,2669.6,1748.28,12684.64,3001.5,1166.75,14516.75
2025-07-13 07:00:00+00:00,43783.43,20394.11,2426.09,1550.61,19412.63,2877.75,1281.0,21682.75
2025-07-13 08:00:00+00:00,45777.92,14803.71,2518.92,1446.45,27008.84,2887.75,1359.0,27773.25
2025-07-13 09:00:00+00:00,46905.12,10051.55,2746.74,1620.03,32486.8,3040.75,1356.0,32036.0
2025-07-13 10:00:00+00:00,46362.45,6441.62,3419.43,1506.97,34994.44,3232.5,1292.75,34599.25
2025-07-13 11:00:00+00:00,44692.47,3913.99,3546.52,1432.14,35799.82,3411.75,1245.75,35597.25
2025-07-13 12:00:00+00:00,43311.35,3088.59,3471.14,1359.99,35391.63,3542.75,1213.5,35211.25
2025-07-13 13:00:00+00:00,42274.32,3367.95,3815.79,1145.78,33944.8,3621.25,1216.25,33116.25
2025-07-13 14:00:00+00:00,42655.29,7897.65,3597.99,886.24,30273.41,3605.75,1257.0,28922.5
2025-07-13 15:00:00+00:00,43419.88,14397.53,3587.4,953.17,24481.79,3443.5,1320.75,22764.5
2025-07-13 16:00:00+00:00,45274.52,25506.21,2950.33,948.14,15869.84,3184.0,1346.0,14789.5
2025-07-13 17:00:00+00:00,46361.37,35855.54,2047.93,1110.64,7347.26,2738.5,1345.75,7027.5
2025-07-13 18:00:00+00:00,45931.62,41202.78,1578.82,995.96,2154.06,2271.5,1320.75,2314.75
2025-07-13 19:00:00+00:00,45489.91,42714.01,1498.57,1071.05,206.28,2088.75,1261.5,189.5
2025-07-13 20:00:00+00:00,45303.89,42816.8,1279.54,1129.62,77.92,1954.25,1162.25,0.0
2025-07-13 21:00:00+00:00,42595.51,40347.81,1240.27,948.45,59.0,1837.75,1045.5,0.0
2025-07-13 22:00:00+00:00,40355.52,38237.74,1199.55,854.12,64.12,1973.0,968.5,0.0
2025-07-13 23:00:00+00:00,38555.67,36241.68,1309.1,939.96,64.93,2083.75,772.0,0.0
2025-07-14 00:00:00+00:00,37823.27,35296.23,1622.61,850.57,53.86,2402.75,552.5,0.0
2025-07-14 01:00:00+00:00,37664.61,34923.86,2188.85,498.92,52.99,2771.75,390.75,0.0
2025-07-14 02:00:00+00:00,38571.09,34978.21,3294.98,244.01,53.9,3155.75,288.5,0.0
2025-07-14 03:00:00+00:00,41371.75,36479.84,4358.67,186.8,346.45,3535.5,229.0,377.0
2025-07-14 04:00:00+00:00,48505.74,40409.46,4805.78,226.78,3063.73,3762.75,192.0,3036.75
2025-07-14 05:00:00+00:00,54177.5,40726.45,4467.81,238.64,8744.61,3636.25,151.0,8989.5
2025-07-14 06:00:00+00:00,57947.76,38138.23,3384.02,149.39,16276.14,3058.0,110.5,16399.75
2025-07-14 07:00:00+00:00,59145.63,32113.06,3339.54,99.4,23593.62,2783.5,79.75,22980.25
2025-07-14 08:00:00+00:00,59951.77,28203.3,3888.45,51.6,27808.42,3255.0,55.75,27671.5
2025-07-14 09:00:00+00:00,60023.83,26808.15,4741.81,42.86,28431.02,4063.25,41.75,30166.5
2025-07-14 10:00:00+00:00,59926.61,25328.25,5969.92,44.66,28583.78,5096.75,33.25,31061.75
2025-07-14 11:00:00+00:00,59165.74,23046.93,6848.97,9.53,29260.31,6189.5,28.25,31266.25
2025-07-14 12:00:00+00:00,57955.32,21080.3,7922.32,14.64,28938.06,7064.25,28.5,30108.0
2025-07-14 13:00:00+00:00,56756.78,20589.38,8625.72,44.69,27496.99,7657.5,30.75,28080.25
2025-07-14 14:00:00+00:00,55844.16,23274.79,9065.39,23.65,23480.33,7862.0,33.25,24616.25
2025-07-14 15:00:00+00:00,56212.64,29080.06,9061.05,58.99,18012.54,7500.0,38.5,19493.25
2025-07-14 16:00:00+00:00,56564.24,36760.38,7967.66,28.34,11807.87,6521.0,42.5,13022.5
2025-07-14 17:00:00+00:00,56260.57,43353.27,6765.38,3.5,6138.43,5194.25,45.5,6555.75
2025-07-14 18:00:00+00:00,54495.94,47205.77,5356.76,0.86,1932.55,4304.25,47.25,2164.0
2025-07-14 19:00:00+00:00,52190.98,47297.76,4756.14,4.78,132.29,4187.75,61.0,176.25
2025-07-14 20:00:00+00:00,49779.43,45645.82,4050.31,41.54,41.76,4155.25,101.75,0.0
2025-07-14 21:00:00+00:00,46483.8,42130.49,4149.65,192.52,11.14,4116.0,181.75,0.0
2025-07-14 22:00:00+00:00,44178.14,39270.4,4266.67,632.8,8.27,5257.75,338.0,0.0
2025-07-14 23:00:00+00:00,41802.91,36075.9,4490.3,1229.31,7.4,5650.0,667.75,0.0
2025-07-15 00:00:00+00:00,40303.66,33725.26,4984.66,1587.95,5.79,6368.5,1092.5,0.0
2025-07-15 01:00:00+00:00,40411.4,32483.52,5574.54,2347.53,5.82,7150.0,1515.75,0.0
2025-07-15 02:00:00+00:00,41377.13,31819.02,6530.25,3020.79,7.07,7870.0,1840.5,0.0
2025-07-15 03:00:00+00:00,43692.95,32786.98,7521.09,3137.71,247.17,8387.0,2036.75,332.25
2025-07-15 04:00:00+00:00,49570.83,35575.7,9235.26,2341.19,2418.69,8673.25,2079.25,2745.0
2025-07-15 05:00:00+00:00,54766.75,36906.7,8409.06,2194.09,7256.91,8414.5,2072.75,7986.0
2025-07-15 06:00:00+00:00,57499.16,33939.52,7305.32,2089.22,14165.09,7809.0,2102.75,14974.25
2025-07-15 07:00:00+00:00,58185.51,27745.99,7639.09,2052.07,20748.36,7830.0,1958.5,21749.5
2025-07-15 08:00:00+00:00,59286.25,23530.21,8661.0,1813.93,25281.11,8262.75,1764.0,27062.25
2025-07-15 09:00:00+00:00,59822.87,20147.64,9322.42,1867.83,28484.99,8817.25,1686.75,30554.25
2025-07-15 10:00:00+00:00,57677.51,14600.6,11181.0,2018.5,29877.41,9694.75,1666.25,32359.75
2025-07-15 11:00:00+00:00,56883.94,13818.79,12718.07,1929.43,28417.64,10958.0,1650.0,32893.5
2025-07-15 12:00:00+00:00,55149.93,12979.94,13448.21,1689.3,27032.49,12203.0,1571.25,31926.0
2025-07-15 13:00:00+00:00,56422.65,14500.72,13960.61,1384.68,26576.64,12890.75,1521.25,29838.5
2025-07-15 14:00:00+00:00,54945.69,16819.37,13084.71,1103.33,23938.28,12721.25,1439.25,25952.5
2025-07-15 15:00:00+00:00,55563.35,22788.25,12493.8,1282.56,18998.74,11721.0,1314.25,20612.5
2025-07-15 16:00:00+00:00,55977.91,31310.93,11246.87,1010.68,12409.43,9720.25,1200.0,13576.25
2025-07-15 17:00:00+00:00,56581.26,40191.23,8970.52,1246.22,6173.3,7222.5,1109.25,6649.5
2025-07-15 18:00:00+00:00,54629.66,44989.49,6430.9,1414.95,1794.32,5245.5,1001.25,2145.75
2025-07-15 19:00:00+00:00,52463.9,45950.23,5204.18,1193.29,116.19,4207.0,906.25,173.0
2025-07-15 20:00:00+00:00,49734.77,43236.86,5348.71,1129.87,19.34,3674.25,853.5,0.0
2025-07-15 21:00:00+00:00,46456.77,39090.52,6196.25,1164.39,5.62,3586.5,893.0,0.0
2025-07-15 22:00:00+00:00,44002.37,36257.39,6590.61,1146.49,7.89,5465.0,1087.25,0.0
2025-07-15 23:00:00+00:00,42783.55,34463.38,6789.04,1525.93,5.2,6194.25,1239.25,0.0
2025-07-16 00:00:00+00:00,41708.64,32088.11,7746.17,1868.92,5.45,7236.75,1383.5,0.0
2025-07-16 01:00:00+00:00,41425.76,30946.06,8627.37,1846.63,5.71,8146.25,1488.75,0.0
2025-07-16 02:00:00+00:00,42023.13,30707.66,9423.1,1885.2,7.17,8829.25,1597.75,0.0
2025-07-16 03:00:00+00:00,45329.44,33213.11,9983.36,1858.59,274.39,9222.25,1624.0,278.75
2025-07-16 04:00:00+00:00,52119.24,37727.59,10184.1,1742.47,2465.08,9406.0,1538.5,2370.5
2025-07-16 05:00:00+00:00,57098.24,39477.51,9220.07,1601.51,6799.16,8725.25,1415.25,7013.75
2025-07-16 06:00:00+00:00,60110.36,39095.91,7343.28,1302.78,12368.39,8006.75,1267.5,12810.25
2025-07-16 07:00:00+00:00,61161.71,35648.09,6963.43,921.77,17628.43,8340.0,1095.5,18103.75
2025-07-16 08:00:00+00:00,61829.87,31062.21,7009.88,870.3,22887.48,9179.5,925.25,21941.5
2025-07-16 09:00:00+00:00,61528.32,26614.25,8065.43,762.36,26086.28,9624.0,785.75,24372.75
2025-07-16 10:00:00+00:00,60325.52,22496.62,9031.57,676.53,28120.81,9917.0,698.5,25972.25
2025-07-16 11:00:00+00:00,59185.27,19361.33,9878.01,610.92,29335.01,10290.25,661.0,26823.75
2025-07-16 12:00:00+00:00,58021.94,18160.37,10381.39,560.63,28919.56,10791.25,650.0,26437.25
2025-07-16 13:00:00+00:00,56835.25,18950.73,10602.89,576.82,26704.81,11257.5,672.25,24953.0
2025-07-16 14:00:00+00:00,56301.33,21905.02,10893.17,646.34,22856.8,11505.0,740.0,21958.5
2025-07-16 15:00:00+00:00,56785.86,27713.24,11029.39,580.94,17462.3,11508.5,857.25,17526.0
2025-07-16 16:00:00+00:00,56934.53,34607.67,10617.7,712.82,10996.34,10885.5,1006.75,11796.5
2025-07-16 17:00:00+00:00,55479.44,39747.99,9541.34,725.33,5464.79,9586.25,1164.5,5973.25
2025-07-16 18:00:00+00:00,53370.67,42624.21,8221.98,844.23,1680.24,8364.25,1347.25,1945.75
2025-07-16 19:00:00+00:00,51423.61,42378.81,7694.2,1213.24,137.36,7955.25,1520.75,151.0
2025-07-16 20:00:00+00:00,49063.84,39418.89,7892.97,1715.14,36.83,8128.25,1663.75,0.0
2025-07-16 21:00:00+00:00,45971.63,35086.3,8639.47,2225.65,20.21,8466.0,1810.5,0.0
2025-07-16 22:00:00+00:00,43538.58,31827.61,9200.52,2496.9,13.55,8324.75,2138.5,0.0
2025-07-16 23:00:00+00:00,41880.13,29772.28,9514.69,2585.83,7.34,8592.0,2301.0,0.0
2025-07-17 00:00:00+00:00,41197.89,29462.78,9208.54,2520.6,5.98,9112.0,2357.75,0.0
2025-07-17 01:00:00+00:00,41448.35,29967.44,9247.36,2225.87,7.68,9539.5,2341.0,0.0
2025-07-17 02:00:00+00:00,42441.14,30251.76,9689.58,2493.02,6.78,9846.5,2327.75,0.0
2025-07-17 03:00:00+00:00,45463.73,31447.07,10808.29,3044.99,163.38,10116.5,2451.75,254.75
2025-07-17 04:00:00+00:00,51592.13,34758.91,11233.65,3488.81,2110.75,10147.25,2664.5,2486.0
2025-07-17 05:00:00+00:00,56170.38,36037.29,9835.38,3608.15,6689.56,9635.75,2787.75,7324.75
2025-07-17 06:00:00+00:00,59345.13,33294.42,9872.04,3367.11,12811.56,9573.25,2647.5,13883.5
2025-07-17 07:00:00+00:00,59779.97,26630.58,11316.29,3152.43,18680.68,10458.75,2383.75,20527.5
2025-07-17 08:00:00+00:00,60147.28,21021.88,12541.18,3106.76,23477.47,11548.5,2193.25,25882.0
2025-07-17 09:00:00+00:00,60672.62,17942.74,13020.03,3114.42,26595.43,12212.5,2030.0,29251.25
2025-07-17 10:00:00+00:00,59775.11,15195.43,13423.32,3349.18,27807.18,12661.25,1975.5,31019.5
2025-07-17 11:00:00+00:00,58768.78,12817.47,14141.45,3155.14,28654.73,13059.5,1977.25,31171.25
2025-07-17 12:00:00+00:00,56905.28,11700.63,13849.4,2956.43,28398.83,13538.25,2015.25,29920.75
2025-07-17 13:00:00+00:00,56098.05,12187.69,14281.93,3446.89,26181.54,13703.0,2034.75,27443.5
2025-07-17 14:00:00+00:00,55007.08,15091.3,14264.22,3462.65,22188.9,13442.25,2003.75,23457.25
2025-07-17 15:00:00+00:00,55462.84,21402.2,13772.32,3185.13,17103.18,12805.5,1940.0,18241.5
2025-07-17 16:00:00+00:00,55968.91,29257.98,13110.7,2543.29,11056.94,11720.5,1824.5,11950.75
2025-07-17 17:00:00+00:00,55481.71,36676.58,11305.0,2124.13,5376.0,10251.75,1669.5,5878.75
2025-07-17 18:00:00+00:00,53772.21,41274.25,9475.37,1520.73,1501.85,9051.0,1470.75,1900.0
2025-07-17 19:00:00+00:00,51696.09,42268.79,8103.88,1199.3,124.12,8378.5,1222.25,166.75
2025-07-17 20:00:00+00:00,49156.36,41182.85,6965.22,988.57,19.71,7730.0,964.5,0.0
2025-07-17 21:00:00+00:00,45658.7,38568.45,6192.44,888.09,9.73,6922.25,758.75,0.0
2025-07-17 22:00:00+00:00,43141.99,37115.78,5211.74,805.25,9.23,5658.0,767.5,0.0
2025-07-17 23:00:00+00:00,41361.8,36423.35,4223.26,710.0,5.19,4768.75,599.25,0.0
2025-07-18 00:00:00+00:00,40273.35,36403.63,3316.34,547.62,5.77,3989.75,465.25,0.0
2025-07-18 01:00:00+00:00,40071.62,36884.3,2824.05,357.38,5.9,3237.0,364.5,0.0
2025-07-18 02:00:00+00:00,40919.33,38376.68,2306.72,229.62,6.31,2538.75,294.5,0.0
2025-07-18 03:00:00+00:00,43856.37,41760.64,1814.64,176.18,104.91,1978.75,242.0,207.75
2025-07-18 04:00:00+00:00,49705.54,46208.72,1382.91,110.65,2003.25,1496.5,194.25,2280.25
2025-07-18 05:00:00+00:00,54455.75,46529.06,927.01,101.22,6898.46,1063.5,142.5,7497.75
2025-07-18 06:00:00+00:00,57296.87,42049.47,546.9,80.93,14619.57,777.25,100.75,15116.0
2025-07-18 07:00:00+00:00,57712.7,34953.52,375.62,30.65,22352.91,633.75,62.25,22901.25
2025-07-18 08:00:00+00:00,57817.58,28662.97,396.43,12.73,28745.44,580.75,37.25,29286.75
2025-07-18 09:00:00+00:00,57621.37,24154.61,480.08,4.97,32981.72,585.5,26.5,33728.75
2025-07-18 10:00:00+00:00,56667.86,20333.23,587.53,1.92,35745.18,601.25,21.0,36268.75
2025-07-18 11:00:00+00:00,55436.33,17607.44,634.01,3.16,37191.72,621.25,19.5,37283.25
2025-07-18 12:00:00+00:00,53565.86,15538.47,722.0,6.57,37298.83,635.75,21.5,36622.5
2025-07-18 13:00:00+00:00,52724.47,17329.84,1044.94,12.21,34337.48,654.75,24.0,34177.5
2025-07-18 14:00:00+00:00,52579.31,21115.85,1534.52,5.93,29923.0,663.75,27.25,29679.0
2025-07-18 15:00:00+00:00,52727.84,27240.72,1294.85,18.02,24174.25,680.75,30.25,23202.75
2025-07-18 16:00:00+00:00,52553.46,35451.72,950.38,17.23,16134.13,710.75,29.75,14907.5
2025-07-18 17:00:00+00:00,52302.95,43746.55,884.4,11.52,7660.48,767.25,31.75,6888.5
2025-07-18 18:00:00+00:00,50882.12,47829.64,931.8,7.89,2112.79,932.5,36.75,2136.0
2025-07-18 19:00:00+00:00,48995.49,47880.2,976.09,6.55,132.66,1216.25,42.0,140.5
2025-07-18 20:00:00+00:00,46684.33,45592.45,1038.33,30.55,23.0,1494.25,54.25,0.0
2025-07-18 21:00:00+00:00,43705.44,42292.41,1323.53,69.64,19.86,1708.5,66.0,0.0
2025-07-18 22:00:00+00:00,41516.38,39884.91,1554.06,60.67,16.74,1620.75,71.5,0.0
2025-07-18 23:00:00+00:00,39600.91,37689.66,1817.54,83.5,10.21,1809.5,96.0,0.0
2025-07-19 00:00:00+00:00,38241.52,35893.37,2125.39,213.97,8.8,2103.5,106.5,0.0
2025-07-19 01:00:00+00:00,37674.43,35111.51,2368.07,189.54,5.31,2319.5,106.25,0.0
2025-07-19 02:00:00+00:00,37549.97,34787.63,2603.31,152.75,6.28,2544.5,104.25,0.0
2025-07-19 03:00:00+00:00,37704.6,34072.13,3273.98,144.73,213.76,2845.5,115.25,299.25
2025-07-19 04:00:00+00:00,39203.71,32342.98,3734.59,164.69,2961.45,3099.5,135.75,2860.5
2025-07-19 05:00:00+00:00,41642.07,27627.02,3610.8,218.91,10185.34,3038.0,154.75,9902.75
2025-07-19 06:00:00+00:00,44999.03,21266.35,2258.19,261.15,21213.34,2445.75,183.5,20441.5
2025-07-19 07:00:00+00:00,46993.57,12630.28,1684.66,341.99,32336.65,1846.0,216.5,30641.0
2025-07-19 08:00:00+00:00,47686.04,4732.28,2031.28,362.03,40560.45,1826.0,259.25,38203.0
2025-07-19 09:00:00+00:00,47848.91,-358.96,2475.69,417.56,45314.62,2218.5,348.75,42912.25
2025-07-19 10:00:00+00:00,46982.7,-3293.88,2971.08,370.8,46934.71,2591.25,472.75,45204.5
2025-07-19 11:00:00+00:00,46157.91,-3846.4,3599.23,405.08,46000.0,2859.25,597.75,44984.0
2025-07-19 12:00:00+00:00,45889.26,-2565.09,4449.96,889.38,43115.02,3133.0,737.25,42357.75
2025-07-19 13:00:00+00:00,45577.57,1005.8,5635.45,1414.15,37522.17,3581.0,893.25,37608.25
2025-07-19 14:00:00+00:00,45403.1,6878.61,6973.42,1867.26,29683.81,4150.75,1216.0,30790.0
2025-07-19 15:00:00+00:00,46470.89,16418.12,7120.08,1781.23,21151.46,4524.5,1459.75,22256.75
2025-07-19 16:00:00+00:00,46993.94,25861.76,6769.18,1739.09,12623.91,4844.75,1788.5,13245.75
2025-07-19 17:00:00+00:00,47070.11,32538.03,6694.22,2160.06,5677.79,5686.0,2146.75,5834.0
2025-07-19 18:00:00+00:00,45958.39,34254.49,7484.39,2624.68,1594.82,7673.5,2534.5,1743.25
2025-07-19 19:00:00+00:00,44595.94,31317.12,9898.1,3288.9,91.82,10306.0,2951.75,114.25
2025-07-19 20:00:00+00:00,44015.48,27766.97,11978.0,4255.23,15.29,11903.25,3363.75,0.0
2025-07-19 21:00:00+00:00,41596.44,24346.74,12551.86,4688.65,9.19,12214.25,3702.75,0.0
2025-07-19 22:00:00+00:00,38903.92,21172.28,12350.34,5365.96,15.34,12638.0,4195.0,0.0
2025-07-19 23:00:00+00:00,36836.95,20373.45,11114.41,5343.68,5.42,11556.0,4126.0,0.0
2025-07-20 00:00:00+00:00,35987.69,21066.87,9693.28,5221.82,5.72,10486.25,3880.75,0.0
2025-07-20 01:00:00+00:00,35238.49,22242.53,8364.11,4625.16,6.7,9549.75,3527.25,0.0
2025-07-20 02:00:00+00:00,34998.08,24111.12,7317.29,3562.9,6.77,8770.0,3126.75,0.0
2025-07-20 03:00:00+00:00,34870.92,24802.69,7119.0,2718.62,230.61,8089.75,2732.0,272.5
2025-07-20 04:00:00+00:00,35383.95,24258.82,6607.77,1762.45,2754.91,7233.0,2313.75,2705.25
2025-07-20 05:00:00+00:00,37400.89,22039.88,4620.56,1379.08,9361.39,5586.75,2017.5,8695.75
2025-07-20 06:00:00+00:00,40438.94,17269.39,2481.16,1169.36,19519.03,3874.5,1772.0,17224.75
2025-07-20 07:00:00+00:00,43136.39,11696.87,1699.11,1352.48,28387.93,2946.75,1524.25,25598.25
2025-07-20 08:00:00+00:00,44100.56,6878.0,1723.04,851.89,34647.63,2782.25,1368.75,32154.5
2025-07-20 09:00:00+00:00,44985.16,3791.31,2108.72,554.86,38530.28,2957.0,1201.5,36376.5
2025-07-20 10:00:00+00:00,44197.9,725.69,2756.72,378.65,40336.84,3107.75,1029.5,38388.0
2025-07-20 11:00:00+00:00,42693.94,-851.67,3438.1,311.96,39795.55,3028.25,847.75,37924.75
2025-07-20 12:00:00+00:00,42388.48,491.19,3558.66,450.29,37888.34,2771.75,741.25,35699.5
2025-07-20 13:00:00+00:00,42794.17,5411.59,3821.31,904.15,32657.12,2566.25,674.0,31744.25
2025-07-20 14:00:00+00:00,42714.89,10017.29,4856.27,1188.38,26652.95,2655.25,641.5,26031.75
2025-07-20 15:00:00+00:00,44147.74,17642.77,5095.31,1656.7,19752.96,3027.75,710.0,19077.0
2025-07-20 16:00:00+00:00,46468.76,28108.36,5156.53,1807.97,11395.9,3200.5,830.75,11702.0
2025-07-20 17:00:00+00:00,47345.57,34240.01,6229.09,2052.02,4824.45,3689.75,988.75,5539.0
2025-07-20 18:00:00+00:00,46980.26,36200.45,7528.39,1944.03,1307.38,4668.25,1118.75,1704.0
2025-07-20 19:00:00+00:00,46872.27,35547.65,9628.34,1616.56,79.72,5910.75,1150.5,212.25
2025-07-20 20:00:00+00:00,45845.47,33613.69,10675.19,1545.15,11.44,7153.0,1160.0,0.0
2025-07-20 21:00:00+00:00,42731.67,28926.79,12366.38,1431.69,6.81,7911.75,1125.5,0.0
2025-07-20 22:00:00+00:00,40908.61,28074.38,11352.52,1474.97,6.74,10286.0,1503.5,0.0
2025-07-20 23:00:00+00:00,40050.74,28097.55,10608.23,1334.97,9.99,9950.75,1360.0,0.0
2025-07-21 00:00:00+00:00,39122.88,28335.09,9736.84,1042.18,8.77,9636.25,1285.0,0.0
2025-07-21 01:00:00+00:00,38983.01,29376.19,8623.36,977.87,5.59,9180.5,1286.5,0.0
2025-07-21 02:00:00+00:00,40005.25,30905.37,8041.25,1052.3,6.34,8546.5,1335.75,0.0
2025-07-21 03:00:00+00:00,43070.96,34974.37,7068.01,951.22,77.36,7810.5,1345.75,197.5
2025-07-21 04:00:00+00:00,50160.04,41714.89,6499.66,858.99,1086.5,6911.5,1281.5,1543.5
2025-07-21 05:00:00+00:00,55420.56,46181.86,5153.85,710.43,3374.42,5610.75,1189.25,4332.75
2025-07-21 06:00:00+00:00,58801.39,47683.8,4058.25,806.34,6252.99,4465.5,1096.75,7758.25
2025-07-21 07:00:00+00:00,60691.16,47778.94,3060.65,997.68,8853.89,3882.75,1024.25,11329.0
2025-07-21 08:00:00+00:00,61343.77,46019.51,2772.75,1189.7,11361.81,3853.0,928.75,14400.0
2025-07-21 09:00:00+00:00,61703.97,43974.93,3337.15,1260.44,13131.46,4215.0,802.75,16799.25
2025-07-21 10:00:00+00:00,61623.19,42070.98,3670.18,930.78,14951.24,4884.25,679.0,18597.5
2025-07-21 11:00:00+00:00,60808.49,38817.07,3962.8,634.17,17394.45,5724.5,598.5,19867.5
2025-07-21 12:00:00+00:00,59439.03,34154.9,5275.84,716.37,19291.92,6646.25,598.25,20368.75
2025-07-21 13:00:00+00:00,58187.47,30899.8,6813.96,1126.67,19347.04,7466.25,654.5,19829.0
2025-07-21 14:00:00+00:00,56928.15,29190.64,8990.62,1602.48,17144.41,8018.0,790.75,17770.25
2025-07-21 15:00:00+00:00,57453.7,30148.25,10369.87,1823.38,15112.2,8151.0,987.0,14611.25
2025-07-21 16:00:00+00:00,57434.0,34618.09,10511.75,1869.51,10434.65,8171.0,1184.75,10020.25
2025-07-21 17:00:00+00:00,56186.89,39120.03,9872.58,2065.72,5128.56,8269.5,1359.75,5037.0
2025-07-21 18:00:00+00:00,54503.37,43034.62,8438.5,1666.9,1363.35,8698.25,1431.5,1619.75
2025-07-21 19:00:00+00:00,52163.0,43676.86,7470.87,903.92,111.35,9411.25,1428.5,153.25
2025-07-21 20:00:00+00:00,49309.93,40543.73,8160.61,588.18,17.41,10129.0,1367.0,0.0
2025-07-21 21:00:00+00:00,45469.34,35576.65,9383.04,501.51,8.15,10838.5,1244.5,0.0
2025-07-21 22:00:00+00:00,42651.54,32121.2,10153.8,368.53,8.01,11507.0,871.75,0.0
2025-07-21 23:00:00+00:00,41010.06,29514.72,11221.17,266.63,7.54,11895.75,765.0,0.0
2025-07-22 00:00:00+00:00,40260.62,28083.67,11804.15,367.16,5.64,12434.5,660.25,0.0
2025-07-22 01:00:00+00:00,40672.61,28038.77,12128.17,499.59,6.08,12795.25,575.5,0.0
2025-07-22 02:00:00+00:00,41397.52,28568.82,12316.57,504.45,7.68,12998.25,539.25,0.0
2025-07-22 03:00:00+00:00,44504.31,31450.6,12471.31,493.57,88.84,13171.5,522.75,172.0
2025-07-22 04:00:00+00:00,50441.81,35551.82,12766.28,424.1,1699.61,13449.75,540.5,2030.75
2025-07-22 05:00:00+00:00,55429.02,37457.69,11935.76,305.33,5730.24,13432.0,580.25,6555.5
2025-07-22 06:00:00+00:00,58683.51,35857.17,11399.77,217.01,11209.56,13895.5,629.0,12510.0
2025-07-22 07:00:00+00:00,59209.15,31611.29,11975.04,117.35,15505.47,14748.75,657.75,18098.25
2025-07-22 08:00:00+00:00,59474.92,26190.44,12556.47,113.67,20614.34,15414.75,657.0,22944.0
2025-07-22 09:00:00+00:00,60278.28,19934.58,13930.2,287.93,26125.57,16101.0,656.5,26911.25
2025-07-22 10:00:00+00:00,59519.54,13124.5,15775.11,951.97,29667.96,16995.25,682.25,29833.75
2025-07-22 11:00:00+00:00,58065.06,9244.83,16774.26,1395.4,30650.57,18052.25,781.5,30931.75
2025-07-22 12:00:00+00:00,57550.78,8543.78,16886.41,2015.25,30105.34,19260.25,920.75,30799.75
2025-07-22 13:00:00+00:00,57344.84,9545.32,17596.48,2218.17,27984.87,19687.75,1005.5,28914.25
2025-07-22 14:00:00+00:00,57648.12,13698.84,18515.75,2188.46,23245.07,19226.5,1077.75,25070.0
2025-07-22 15:00:00+00:00,57485.33,19492.8,18274.7,2047.43,17670.41,18017.5,1196.5,19711.5
2025-07-22 16:00:00+00:00,57184.47,27071.87,16880.37,1981.91,11250.32,16214.75,1317.25,12692.25
2025-07-22 17:00:00+00:00,56700.28,33491.85,16124.47,1976.3,5107.66,14434.5,1429.25,5880.5
2025-07-22 18:00:00+00:00,54813.75,35480.54,16049.22,2032.6,1251.39,13613.25,1510.5,1743.25
2025-07-22 19:00:00+00:00,52679.38,33064.56,16998.98,2551.42,64.43,13889.25,1586.5,99.5
2025-07-22 20:00:00+00:00,49504.02,27517.99,18915.89,3041.97,28.17,14698.5,1752.25,0.0
2025-07-22 21:00:00+00:00,46941.77,21733.38,21652.12,3548.75,7.53,15823.5,1990.75,0.0
2025-07-22 22:00:00+00:00,44121.15,17770.19,22947.64,3390.77,12.55,19987.25,2710.5,0.0
2025-07-22 23:00:00+00:00,42884.78,15455.15,24123.22,3297.42,9.0,20682.5,2864.75,0.0
2025-07-23 00:00:00+00:00,41648.96,14262.68,24244.24,3136.42,5.62,20887.5,3005.0,0.0
2025-07-23 01:00:00+00:00,41592.42,14617.89,23851.75,3116.94,5.84,20749.25,3036.5,0.0
2025-07-23 02:00:00+00:00,42503.54,15833.73,23729.38,2933.87,6.56,20403.75,2952.75,0.0
2025-07-23 03:00:00+00:00,45209.69,18865.58,23317.72,2956.0,70.38,20005.25,2857.25,131.5
2025-07-23 04:00:00+00:00,51357.79,22695.58,23141.74,3877.5,1642.98,20027.0,2819.5,1942.0
2025-07-23 05:00:00+00:00,56124.05,23020.26,22430.63,4596.49,6076.66,19421.5,2736.25,7011.25
2025-07-23 06:00:00+00:00,59104.23,18871.25,21953.92,5097.9,13181.16,19179.75,2795.25,14632.25
2025-07-23 07:00:00+00:00,59702.64,11949.9,21628.06,4839.51,21285.16,19622.5,2816.25,22035.25
2025-07-23 08:00:00+00:00,60464.37,7182.95,21113.16,4797.67,27370.59,20154.5,2740.5,27462.25
2025-07-23 09:00:00+00:00,60088.7,3822.14,21133.46,4478.51,30654.6,20387.5,2647.25,31069.0
2025-07-23 10:00:00+00:00,59535.98,2216.03,21339.19,4350.15,31630.61,20306.0,2611.0,33123.0
2025-07-23 11:00:00+00:00,58901.79,2117.15,20719.98,4288.42,31776.24,19934.25,2610.75,33472.5
2025-07-23 12:00:00+00:00,57183.51,1422.93,20241.07,4276.75,31242.76,19737.25,2612.5,32532.75
2025-07-23 13:00:00+00:00,56186.46,2873.78,19340.43,4409.73,29562.52,18919.25,2638.5,30358.75
2025-07-23 14:00:00+00:00,55881.38,8500.19,18241.36,3859.61,25280.22,17406.75,2654.25,26228.25
2025-07-23 15:00:00+00:00,56130.52,16250.76,17279.22,3345.53,19255.02,15442.75,2719.75,20437.0
2025-07-23 16:00:00+00:00,56914.54,26454.97,15393.68,3036.23,12029.66,13348.0,2754.5,12934.5
2025-07-23 17:00:00+00:00,56946.29,36189.53,12456.56,2653.37,5646.83,11369.25,2848.25,5730.25
2025-07-23 18:00:00+00:00,54846.39,41215.25,9713.47,2504.25,1413.42,9819.75,2703.25,1629.0
2025-07-23 19:00:00+00:00,53012.02,42718.91,8040.98,2164.03,88.1,8855.5,2481.0,77.0
2025-07-23 20:00:00+00:00,50104.84,41009.92,6988.06,2094.54,12.33,8099.25,2263.25,0.0
2025-07-23 21:00:00+00:00,46896.37,38512.45,6375.33,1995.71,12.88,7533.5,2043.0,0.0
2025-07-23 22:00:00+00:00,43929.7,36394.23,5888.08,1639.86,7.53,6528.5,1405.25,0.0
2025-07-23 23:00:00+00:00,42252.44,35748.96,5170.41,1326.24,6.83,6028.25,1125.25,0.0
2025-07-24 00:00:00+00:00,41077.78,35536.41,4404.28,1131.76,5.33,5703.75,943.25,0.0
2025-07-24 01:00:00+00:00,40885.67,36046.9,3942.86,888.34,7.58,5234.25,836.5,0.0
2025-07-24 02:00:00+00:00,41486.19,36787.58,3739.84,953.11,5.66,4671.0,752.75,0.0
2025-07-24 03:00:00+00:00,44397.64,39700.13,3751.61,829.51,116.38,4153.25,653.75,145.0
2025-07-24 04:00:00+00:00,49991.26,44014.0,3799.12,633.61,1544.53,3621.5,554.5,1798.5
2025-07-24 05:00:00+00:00,55010.39,46636.2,2854.09,580.23,4939.87,2936.5,478.0,5978.25
2025-07-24 06:00:00+00:00,58312.35,45895.63,1936.93,590.4,9889.38,2452.0,442.75,11840.75
2025-07-24 07:00:00+00:00,59457.24,41225.9,1485.35,753.49,15992.51,2266.0,419.5,18003.75
2025-07-24 08:00:00+00:00,60291.12,36469.37,1511.41,675.88,21634.46,2263.5,383.25,23264.75
2025-07-24 09:00:00+00:00,60615.86,33261.91,1738.05,529.89,25086.01,2376.25,356.5,27078.5
2025-07-24 10:00:00+00:00,59338.45,29413.44,2089.34,457.33,27378.34,2533.25,338.0,29329.5
2025-07-24 11:00:00+00:00,58386.57,27510.27,2368.74,491.71,28015.85,2688.0,337.75,29668.75
2025-07-24 12:00:00+00:00,57326.03,26944.02,2692.6,395.58,27293.81,2903.75,377.0,28867.5
2025-07-24 13:00:00+00:00,56251.63,28299.38,2996.42,551.7,24404.14,2984.75,491.5,26467.75
2025-07-24 14:00:00+00:00,55656.44,29915.95,3622.57,770.7,21347.23,2973.5,698.75,22322.75
2025-07-24 15:00:00+00:00,56231.08,34631.93,3757.35,983.94,16857.86,2921.0,990.75,17064.25
2025-07-24 16:00:00+00:00,56563.99,41270.76,3408.86,1096.58,10787.79,2788.25,1274.75,11010.0
2025-07-24 17:00:00+00:00,55792.19,46470.56,2847.09,1169.6,5304.95,2548.0,1465.5,5316.75
2025-07-24 18:00:00+00:00,54622.45,49604.66,2249.99,1393.93,1373.87,2404.25,1549.25,1476.75
2025-07-24 19:00:00+00:00,52957.16,49204.09,2037.29,1633.38,82.4,2330.75,1590.5,69.5
2025-07-24 20:00:00+00:00,50252.12,46016.27,2085.47,2130.39,19.99,2413.0,1648.0,0.0
2025-07-24 21:00:00+00:00,46495.25,42302.4,2153.49,2031.02,8.34,2562.25,1721.0,0.0
2025-07-24 22:00:00+00:00,43508.03,39679.81,2049.59,1770.03,8.6,2283.5,1603.5,0.0
2025-07-24 23:00:00+00:00,41860.58,38299.78,2118.7,1431.7,10.41,2443.5,1609.5,0.0
2025-07-25 00:00:00+00:00,40998.43,37479.54,2113.64,1397.1,8.16,2725.25,1615.0,0.0
2025-07-25 01:00:00+00:00,40993.07,36817.62,2207.95,1961.39,6.11,2814.25,1668.25,0.0
2025-07-25 02:00:00+00:00,42115.02,37266.27,2579.98,2262.7,6.08,2815.75,1721.0,0.0
2025-07-25 03:00:00+00:00,44664.96,39572.01,3219.43,1804.37,69.14,2893.25,1600.5,121.5
2025-07-25 04:00:00+00:00,50028.95,43613.42,3364.35,1555.86,1495.33,2872.75,1375.0,1761.0
2025-07-25 05:00:00+00:00,54897.43,44896.16,2872.85,1559.61,5568.81,2575.0,1252.25,6031.5
2025-07-25 06:00:00+00:00,58099.06,42316.16,2560.61,1445.94,11776.35,2404.75,1108.75,12471.0
2025-07-25 07:00:00+00:00,59055.61,36127.42,2611.63,1301.38,19015.18,2581.0,961.0,19168.0
2025-07-25 08:00:00+00:00,59598.99,30811.26,2924.53,1396.65,24466.55,2933.0,881.0,24582.0
2025-07-25 09:00:00+00:00,59784.23,28680.14,3351.33,1113.41,26639.34,3222.0,848.5,28208.0
2025-07-25 10:00:00+00:00,59053.38,26977.3,3622.0,915.86,27538.23,3499.5,823.0,30363.5
2025-07-25 11:00:00+00:00,57186.92,22668.19,4184.48,809.56,29524.68,3847.5,791.5,31277.25
2025-07-25 12:00:00+00:00,55589.98,19772.59,5348.34,935.62,29533.43,4356.25,764.75,30211.0
2025-07-25 13:00:00+00:00,54596.17,19797.18,6571.14,1155.43,27072.41,4890.75,808.25,28211.5
2025-07-25 14:00:00+00:00,53214.57,21847.25,6894.71,1338.14,23134.47,5382.75,900.75,24522.0
2025-07-25 15:00:00+00:00,54029.77,28891.6,7311.92,1610.88,16215.37,5696.75,997.5,18910.25
2025-07-25 16:00:00+00:00,54121.01,35688.65,7115.94,1593.86,9722.55,5756.75,1045.0,12089.75
2025-07-25 17:00:00+00:00,53745.6,41400.44,6296.56,1503.82,4544.78,5554.75,1025.75,5681.75
2025-07-25 18:00:00+00:00,52143.82,44507.09,5003.83,1459.86,1173.05,5240.0,938.0,1579.25
2025-07-25 19:00:00+00:00,50239.07,44953.26,3990.88,1226.5,68.43,4954.5,798.75,75.0
2025-07-25 20:00:00+00:00,47725.42,43007.09,3554.12,1142.33,21.88,4874.25,664.25,0.0
2025-07-25 21:00:00+00:00,44500.59,40185.99,3378.58,927.38,8.64,4887.75,607.75,0.0
2025-07-25 22:00:00+00:00,41963.45,37697.22,3204.56,1049.29,12.38,4402.75,700.0,0.0
2025-07-25 23:00:00+00:00,40007.03,35782.47,2991.22,1223.98,9.35,4025.5,899.75,0.0
2025-07-26 00:00:00+00:00,38645.04,34461.81,2802.22,1373.32,7.69,3723.5,1144.5,0.0
2025-07-26 01:00:00+00:00,38054.32,34383.55,2346.53,1318.28,5.97,3472.75,1302.5,0.0
2025-07-26 02:00:00+00:00,38072.58,34424.63,2215.04,1426.53,6.37,3227.25,1353.5,0.0
2025-07-26 03:00:00+00:00,38581.86,34648.73,2377.97,1504.01,51.16,2935.5,1271.75,114.75
2025-07-26 04:00:00+00:00,39900.26,34861.05,2529.59,1069.11,1440.51,2558.75,1078.75,1789.25
2025-07-26 05:00:00+00:00,41839.85,33541.24,2341.95,723.06,5233.6,2025.75,823.5,6345.0
2025-07-26 06:00:00+00:00,44325.85,31121.41,2076.46,463.31,10664.67,1638.5,592.5,13008.5
2025-07-26 07:00:00+00:00,47003.08,28544.92,1907.58,316.54,16234.05,1479.5,432.25,19544.25
2025-07-26 08:00:00+00:00,48190.71,24940.85,1716.12,270.3,21263.45,1358.75,343.5,24580.25
2025-07-26 09:00:00+00:00,48923.88,22280.82,1508.2,249.6,24885.26,1286.0,322.75,28110.25
2025-07-26 10:00:00+00:00,48091.41,18756.43,1488.98,246.44,27599.56,1391.75,366.0,30498.0
2025-07-26 11:00:00+00:00,47092.92,15930.51,1821.94,312.24,29028.23,1654.75,465.0,31258.75
2025-07-26 12:00:00+00:00,45637.59,13733.6,2286.56,471.34,29146.09,2008.25,592.75,30366.75
2025-07-26 13:00:00+00:00,45379.25,15421.14,2616.11,617.26,26724.75,2297.25,709.25,27841.25
2025-07-26 14:00:00+00:00,45141.04,19253.89,2832.67,754.44,22300.05,2547.5,781.0,23606.75
2025-07-26 15:00:00+00:00,46163.88,26174.14,2740.56,777.62,16471.56,2643.0,800.0,17905.25
2025-07-26 16:00:00+00:00,47204.9,34343.59,2386.73,676.74,9797.83,2441.75,779.25,11062.75
2025-07-26 17:00:00+00:00,47412.9,40847.78,1542.55,622.05,4400.52,2085.5,742.0,5021.5
2025-07-26 18:00:00+00:00,45963.4,43173.16,989.34,692.1,1108.8,1770.75,680.25,1341.25
2025-07-26 19:00:00+00:00,44722.76,43156.97,761.61,744.1,60.08,1536.0,651.5,59.25
2025-07-26 20:00:00+00:00,43367.72,41619.0,666.72,1062.57,19.43,1440.75,656.25,0.0
2025-07-26 21:00:00+00:00,40754.68,38876.67,759.8,1110.96,7.25,1431.5,683.75,0.0
2025-07-26 22:00:00+00:00,38393.08,36122.49,1078.75,1170.72,21.11,1147.0,578.75,0.0
2025-07-26 23:00:00+00:00,36540.32,33869.88,1424.3,1240.76,5.38,1258.0,708.75,0.0
2025-07-27 00:00:00+00:00,35195.88,31925.16,1817.15,1447.68,5.88,1532.25,882.0,0.0
2025-07-27 01:00:00+00:00,34539.24,30890.79,1935.67,1706.83,5.96,1722.5,1096.0,0.0
2025-07-27 02:00:00+00:00,34384.28,30470.53,1926.85,1971.28,15.62,1830.25,1346.75,0.0
2025-07-27 03:00:00+00:00,34479.22,30397.32,2033.31,1976.94,71.66,1927.5,1517.75,104.75
2025-07-27 04:00:00+00:00,34967.95,29381.95,2461.24,1865.53,1259.22,2082.5,1493.0,1531.5
2025-07-27 05:00:00+00:00,36718.87,28056.09,2585.63,1492.79,4584.35,2159.0,1302.25,5327.75
2025-07-27 06:00:00+00:00,39894.29,26594.76,2271.11,1262.8,9765.63,2034.0,1081.75,11075.75
2025-07-27 07:00:00+00:00,43189.94,23813.32,1954.32,885.9,16536.4,1906.0,887.5,17304.25
2025-07-27 08:00:00+00:00,45231.26,19748.93,1874.24,572.39,23035.7,1965.0,724.25,22437.0
2025-07-27 09:00:00+00:00,46107.95,16346.54,1876.98,461.15,27423.29,2247.25,617.75,25835.0
2025-07-27 10:00:00+00:00,45571.75,13135.25,2304.02,434.25,29698.23,2728.75,555.25,28225.75
2025-07-27 11:00:00+00:00,44141.58,11363.24,3090.92,417.14,29270.29,3382.25,536.0,29078.5
2025-07-27 12:00:00+00:00,43046.31,10958.3,4460.21,536.3,27091.5,4216.0,571.0,27995.0
2025-07-27 13:00:00+00:00,42404.15,11398.67,5828.05,720.12,24457.31,5064.75,677.75,25547.0
2025-07-27 14:00:00+00:00,42394.86,14590.7,6327.94,729.35,20746.88,5868.5,801.5,21121.5
2025-07-27 15:00:00+00:00,43649.93,19941.45,7346.94,934.0,15427.55,6452.75,920.25,15798.25
2025-07-27 16:00:00+00:00,45395.09,27768.05,7190.07,933.67,9503.3,6685.75,1006.75,9813.5
2025-07-27 17:00:00+00:00,45303.6,33902.11,6576.93,832.69,3991.87,6615.25,1023.25,4596.0
2025-07-27 18:00:00+00:00,44424.76,37086.68,5588.41,822.67,926.99,6381.75,1020.75,1196.5
2025-07-27 19:00:00+00:00,43963.8,38280.12,4768.3,870.67,44.7,6096.25,1024.75,59.0
2025-07-27 20:00:00+00:00,42722.57,37175.14,4640.43,885.99,21.01,6124.0,1039.5,0.0
2025-07-27 21:00:00+00:00,39870.53,33844.11,5146.08,873.68,6.65,6335.0,1118.25,0.0
2025-07-27 22:00:00+00:00,38291.04,31520.56,5593.0,1172.23,5.25,5832.5,867.0,0.0
2025-07-27 23:00:00+00:00,37359.83,29723.28,6275.07,1353.05,8.43,6467.5,1029.0,0.0
2025-07-28 00:00:00+00:00,36482.78,28236.31,6858.53,1382.63,5.31,7350.0,1181.0,0.0
2025-07-28 01:00:00+00:00,36729.23,27929.32,7165.43,1628.75,5.72,8078.75,1343.75,0.0
2025-07-28 02:00:00+00:00,38094.54,28748.21,7464.71,1875.92,5.71,8505.0,1489.5,0.0
2025-07-28 03:00:00+00:00,41307.38,31413.23,8014.04,1843.58,36.53,8633.0,1577.5,99.25
2025-07-28 04:00:00+00:00,47949.34,36575.55,8800.17,1498.11,1075.52,8619.25,1604.25,1250.75
2025-07-28 05:00:00+00:00,53413.2,39486.71,8372.13,1419.68,4134.69,8242.75,1537.0,4269.0
2025-07-28 06:00:00+00:00,56819.06,39039.58,7437.82,1470.66,8871.0,7909.5,1355.0,8974.75
2025-07-28 07:00:00+00:00,57603.64,33662.93,8244.2,1027.09,14669.41,8180.25,1143.5,14278.75
2025-07-28 08:00:00+00:00,58708.73,27994.5,9561.62,904.75,20247.86,8779.0,1002.25,19068.0
2025-07-28 09:00:00+00:00,59693.3,23169.77,11240.57,1084.52,24198.44,9443.75,1011.5,22649.75
2025-07-28 10:00:00+00:00,59502.76,20075.11,12567.53,1240.59,25619.53,10445.5,1120.75,24748.0
2025-07-28 11:00:00+00:00,58447.36,16724.37,13891.55,1326.41,26505.03,11774.75,1243.25,25476.25
2025-07-28 12:00:00+00:00,56956.77,14015.96,15043.52,1430.07,26467.23,13164.75,1409.5,25158.5
2025-07-28 13:00:00+00:00,55824.2,13208.91,16157.21,1488.6,24969.47,14151.0,1639.25,23918.75
2025-07-28 14:00:00+00:00,55542.13,14625.76,16540.63,1935.79,22439.96,14724.25,1898.75,21008.25
2025-07-28 15:00:00+00:00,56105.17,19102.97,17092.37,2409.51,17500.31,14800.0,2171.75,16657.0
2025-07-28 16:00:00+00:00,56432.66,25959.48,16609.6,2682.44,11181.14,14078.25,2484.5,10683.5
2025-07-28 17:00:00+00:00,55833.74,32850.35,14938.16,3017.26,5027.96,12611.5,2735.5,5016.25
2025-07-28 18:00:00+00:00,53756.35,36104.83,13202.77,3266.29,1182.46,11722.25,2855.25,1339.5
2025-07-28 19:00:00+00:00,52600.19,35772.43,13290.46,3485.77,51.54,11620.5,2951.0,77.5
2025-07-28 20:00:00+00:00,50065.41,31288.11,14419.04,4346.72,11.55,11788.0,3030.25,0.0
2025-07-28 21:00:00+00:00,46861.89,26710.53,15718.38,4425.57,7.4,12152.25,3141.75,0.0
2025-07-28 22:00:00+00:00,44679.29,23830.03,16165.53,4677.82,5.92,13254.25,3677.25,0.0
2025-07-28 23:00:00+00:00,42542.97,21402.58,16322.81,4811.82,5.75,13340.5,3723.0,0.0
2025-07-29 00:00:00+00:00,41450.03,21036.65,15789.18,4618.61,5.59,13340.5,3768.25,0.0
2025-07-29 01:00:00+00:00,41423.51,21795.76,14972.53,4648.94,6.28,12922.5,3941.25,0.0
2025-07-29 02:00:00+00:00,42312.8,23598.72,13968.84,4733.52,11.72,12196.75,4218.0,0.0
2025-07-29 03:00:00+00:00,45487.0,27006.43,13544.11,4860.2,76.27,11417.0,4514.25,104.25
2025-07-29 04:00:00+00:00,51639.48,32272.6,12598.8,5233.73,1534.35,10554.25,4727.0,1729.5
2025-07-29 05:00:00+00:00,55895.86,34126.49,10745.28,5037.05,5987.04,9385.75,4786.5,6357.0
2025-07-29 06:00:00+00:00,59663.58,31326.08,10231.56,5406.54,12699.4,8904.0,4624.75,13417.0
2025-07-29 07:00:00+00:00,59988.92,24214.94,11243.81,4385.57,20144.6,8993.75,4181.0,20974.0
2025-07-29 08:00:00+00:00,59712.93,16444.57,12259.97,3674.3,27334.1,9356.25,3827.0,27729.75
2025-07-29 09:00:00+00:00,59777.05,11372.38,12958.48,3297.02,32149.18,9914.5,3574.25,32525.25
2025-07-29 10:00:00+00:00,59243.03,7686.64,13340.38,3821.65,34394.36,10577.0,3455.5,35349.75
2025-07-29 11:00:00+00:00,57845.3,5464.27,13748.89,3924.65,34707.49,11263.25,3396.75,36255.0
2025-07-29 12:00:00+00:00,56508.75,4562.22,13608.89,3856.61,34481.02,12054.25,3388.25,35452.25
2025-07-29 13:00:00+00:00,55939.47,5915.43,13855.96,4071.59,32096.49,12225.75,3401.75,32930.0
2025-07-29 14:00:00+00:00,56235.78,11411.18,13448.55,4396.04,26980.0,11898.25,3622.25,28174.75
2025-07-29 15:00:00+00:00,56088.98,19188.35,12667.77,5033.62,19199.24,11187.5,3862.0,21409.5
2025-07-29 16:00:00+00:00,56361.03,27615.21,11544.78,5375.09,11825.95,9932.25,4128.5,13066.25
2025-07-29 17:00:00+00:00,55598.96,35893.08,9455.63,5366.2,4884.06,8314.75,4305.0,5462.0
2025-07-29 18:00:00+00:00,54028.16,40519.23,7155.14,5296.56,1057.23,7043.5,4307.0,1334.25
2025-07-29 19:00:00+00:00,52416.37,40208.46,7122.21,5006.15,79.55,6517.25,4278.25,43.75
2025-07-29 20:00:00+00:00,49551.07,36843.17,7690.3,4987.56,30.03,6527.0,4223.5,0.0
2025-07-29 21:00:00+00:00,46374.09,32126.07,9059.92,5181.43,6.67,6833.5,4210.0,0.0
2025-07-29 22:00:00+00:00,43184.95,28448.16,9821.12,4909.18,6.49,7648.75,4482.75,0.0
2025-07-29 23:00:00+00:00,41584.41,26905.41,9613.18,5060.12,5.69,8020.0,4512.0,0.0
2025-07-30 00:00:00+00:00,40252.61,25062.1,10370.56,4813.67,6.29,8559.25,4627.0,0.0
2025-07-30 01:00:00+00:00,40628.5,24756.23,10805.47,5060.44,6.36,9014.0,4811.25,0.0
2025-07-30 02:00:00+00:00,41248.04,25675.06,10220.15,5345.02,7.8,9324.0,4878.25,0.0
2025-07-30 03:00:00+00:00,44383.63,28856.83,10309.62,5145.7,71.48,9530.75,4894.5,108.0
2025-07-30 04:00:00+00:00,50306.71,32567.2,10803.85,5502.49,1433.16,9732.0,4890.25,1688.5
2025-07-30 05:00:00+00:00,54668.37,33487.0,9606.47,5911.82,5663.08,9215.75,4857.0,6498.25
2025-07-30 06:00:00+00:00,57388.86,31141.05,8113.33,5985.47,12149.0,8771.0,4728.0,13638.0
2025-07-30 07:00:00+00:00,58595.03,25720.79,8614.49,6073.31,18186.44,9329.25,4483.0,20478.0
2025-07-30 08:00:00+00:00,59514.97,20920.81,9726.9,6000.57,22866.69,10355.75,4301.5,24939.25
2025-07-30 09:00:00+00:00,60715.38,18067.81,11142.1,5754.19,25751.27,11324.5,4072.0,27281.25
2025-07-30 10:00:00+00:00,60196.33,13131.14,12938.46,5943.9,28182.82,12464.25,3930.75,28472.25
2025-07-30 11:00:00+00:00,59426.58,11942.68,13778.41,5467.94,28237.54,13664.0,3834.25,28577.25
2025-07-30 12:00:00+00:00,58310.28,10639.03,14877.41,5485.19,27308.65,15074.5,3741.25,27676.25
2025-07-30 13:00:00+00:00,56223.52,9453.38,16039.42,5031.75,25698.98,16113.0,3680.25,25580.25
2025-07-30 14:00:00+00:00,55101.3,11901.01,16093.84,4935.95,22170.49,16544.75,3789.5,21879.25
2025-07-30 15:00:00+00:00,55435.86,16397.21,16858.98,5290.13,16889.54,16206.5,3953.5,16856.5
2025-07-30 16:00:00+00:00,55122.06,23282.46,15461.49,5749.07,10629.03,15320.0,4086.25,10651.0
2025-07-30 17:00:00+00:00,54815.87,30751.04,13651.82,5734.28,4678.74,14059.25,4188.0,4799.5
2025-07-30 18:00:00+00:00,53154.56,33475.68,12455.29,6219.92,1003.67,13242.5,4318.75,1150.5
2025-07-30 19:00:00+00:00,51787.96,33481.01,11985.3,6260.91,60.75,12977.5,4521.0,38.25
2025-07-30 20:00:00+00:00,48670.09,30428.81,11847.78,6359.17,34.32,13003.5,4580.25,0.0
2025-07-30 21:00:00+00:00,45049.51,25703.24,12951.4,6388.46,6.41,13591.0,4588.75,0.0
2025-07-30 22:00:00+00:00,42759.51,22614.11,13804.93,6334.75,5.71,13922.5,4991.25,0.0
2025-07-30 23:00:00+00:00,41404.34,21230.39,14191.23,5976.27,6.45,14525.5,5018.25,0.0
2025-07-31 00:00:00+00:00,40657.22,20317.3,14562.69,5771.63,5.59,15050.25,5064.75,0.0
2025-07-31 01:00:00+00:00,40380.61,19914.09,14937.16,5524.08,5.29,15407.5,5059.75,0.0
2025-07-31 02:00:00+00:00,41288.29,20746.22,15166.58,5370.06,5.44,15519.25,5066.25,0.0
2025-07-31 03:00:00+00:00,43835.24,23776.85,14865.35,5156.11,36.92,15419.25,5039.5,57.75
2025-07-31 04:00:00+00:00,49577.41,28237.61,15093.42,4985.02,1261.36,15327.5,4923.5,1324.75
2025-07-31 05:00:00+00:00,54527.93,29929.43,14491.55,5075.47,5031.47,14534.0,4722.75,5135.5
2025-07-31 06:00:00+00:00,57560.11,28356.5,13322.41,4671.31,11209.89,13833.25,4460.75,10700.0
2025-07-31 07:00:00+00:00,58659.42,23137.81,13427.13,4338.22,17756.26,13934.25,4190.0,16130.75
2025-07-31 08:00:00+00:00,60026.48,18927.53,14620.83,4000.89,22477.23,14442.5,3839.5,20444.5
2025-07-31 09:00:00+00:00,59975.82,15518.66,16341.34,3782.27,24333.55,15031.75,3593.25,23460.25
2025-07-31 10:00:00+00:00,58985.05,12856.1,17488.24,3991.5,24649.21,15689.75,3395.75,25119.25
2025-07-31 11:00:00+00:00,57407.84,10518.81,18151.67,3754.71,24982.65,16528.5,3226.75,25583.5
2025-07-31 12:00:00+00:00,56170.48,9696.98,18060.12,3525.01,24888.38,17590.75,3040.0,24875.75
2025-07-31 13:00:00+00:00,56039.29,12187.53,17754.71,3133.49,22963.55,17911.25,2767.0,23209.75
2025-07-31 14:00:00+00:00,55113.01,15446.77,17242.48,2727.25,19696.51,17418.25,2530.25,20102.25
2025-07-31 15:00:00+00:00,55090.22,22066.14,15684.14,2106.43,15233.52,16229.75,2376.25,15387.25
2025-07-31 16:00:00+00:00,55465.1,31117.38,13191.22,1958.28,9198.22,14381.75,2252.75,9686.75
2025-07-31 17:00:00+00:00,55498.7,39100.47,10557.98,1726.86,4113.39,12377.0,2083.0,4341.5
2025-07-31 18:00:00+00:00,53441.5,41973.61,9219.99,1406.76,841.13,11290.0,1959.75,980.0
2025-07-31 19:00:00+00:00,51917.0,42072.55,8534.97,1237.89,71.59,10850.0,1850.75,24.25
2025-07-31 20:00:00+00:00,48647.97,38644.22,8737.21,1247.48,19.06,10628.75,1725.5,0.0
2025-07-31 21:00:00+00:00,45415.3,35103.99,9031.35,1274.24,5.73,10529.25,1664.75,0.0
2025-07-31 22:00:00+00:00,43036.49,32663.09,9105.71,1256.99,10.7,8114.25,1360.0,0.0
2025-07-31 23:00:00+00:00,41632.37,32093.14,8376.73,1150.0,12.5,8046.5,1376.0,0.0
2025-08-01 00:00:00+00:00,40467.82,31602.6,7868.82,989.97,6.43,8180.25,1412.25,0.0
2025-08-01 01:00:00+00:00,40328.61,31988.09,7333.42,1000.54,6.55,8080.75,1462.5,0.0
2025-08-01 02:00:00+00:00,41286.47,32944.24,7278.41,1057.94,5.88,7924.0,1493.75,0.0
2025-08-01 03:00:00+00:00,44270.03,35380.05,7567.09,1286.8,36.09,7841.5,1500.0,55.0
2025-08-01 04:00:00+00:00,49403.85,39149.92,7925.13,1227.1,1101.7,7619.25,1482.5,1147.5
2025-08-01 05:00:00+00:00,53959.89,41569.53,6921.82,1067.51,4401.03,6971.5,1417.25,4315.75
2025-08-01 06:00:00+00:00,57492.85,41348.93,6018.76,920.07,9205.09,6374.25,1362.25,8899.5
2025-08-01 07:00:00+00:00,58596.94,36334.7,5996.8,1038.41,15227.03,6122.5,1284.25,14200.5
2025-08-01 08:00:00+00:00,58830.37,29572.71,6586.71,974.38,21696.57,6175.5,1206.25,19294.75
2025-08-01 09:00:00+00:00,57658.47,22356.05,7363.75,978.96,26959.72,6432.75,1171.5,23682.0
2025-08-01 10:00:00+00:00,56965.36,17690.75,8091.04,1294.96,29888.62,6849.0,1195.0,26863.0
2025-08-01 11:00:00+00:00,55177.32,14766.94,8682.43,1379.14,30348.8,7461.75,1301.25,28281.75
2025-08-01 12:00:00+00:00,53434.16,11804.67,9311.59,1577.6,30740.3,8372.75,1490.0,28508.5
2025-08-01 13:00:00+00:00,52269.04,11086.04,9216.99,2200.9,29765.1,9080.5,1656.0,26987.75
2025-08-01 14:00:00+00:00,51821.41,13172.72,9966.39,2366.87,26315.44,9397.5,1812.5,23325.0
2025-08-01 15:00:00+00:00,52501.41,20958.75,9343.56,2224.43,19974.67,9165.0,1895.25,18085.25
2025-08-01 16:00:00+00:00,52600.58,30233.22,8256.91,2006.63,12103.83,8561.5,1778.0,11263.0
2025-08-01 17:00:00+00:00,51848.74,37908.41,7129.21,1665.13,5145.99,7567.25,1521.75,4843.0
2025-08-01 18:00:00+00:00,50314.12,42343.88,5496.61,1353.33,1120.29,6860.75,1271.0,1095.25
2025-08-01 19:00:00+00:00,48343.05,41983.94,5100.85,1173.29,84.97,6605.5,1079.25,35.5
2025-08-01 20:00:00+00:00,45388.18,38380.28,5850.62,1128.95,28.33,6917.75,972.25,0.0
2025-08-01 21:00:00+00:00,42353.16,34306.22,6934.95,1096.37,15.62,7494.75,1021.25,0.0
2025-08-01 22:00:00+00:00,39827.81,31244.98,7521.08,1048.11,13.63,7103.75,1284.75,0.0
2025-08-01 23:00:00+00:00,38222.6,28765.7,7242.62,2197.79,16.49,7154.0,1507.5,0.0
2025-08-02 00:00:00+00:00,36755.2,27656.47,6844.38,2246.05,8.3,7251.0,1889.0,0.0
2025-08-02 01:00:00+00:00,36300.32,27210.89,6403.69,2677.46,8.29,7176.0,2348.75,0.0
2025-08-02 02:00:00+00:00,36488.42,26772.64,6246.15,3455.41,14.23,6959.0,2752.0,0.0
2025-08-02 03:00:00+00:00,37371.73,27366.91,6127.12,3824.58,53.11,6650.75,3092.0,48.25
2025-08-02 04:00:00+00:00,38981.56,27535.8,6177.96,4056.55,1211.25,6176.5,3379.5,1202.0
2025-08-02 05:00:00+00:00,41012.7,26627.13,5288.14,4333.11,4764.32,5376.25,3491.5,4662.0
2025-08-02 06:00:00+00:00,44330.92,24700.94,4429.75,5186.73,10013.5,4840.75,3518.25,9718.5
2025-08-02 07:00:00+00:00,46648.51,20521.04,4627.6,5391.35,16108.52,4666.5,3521.75,15347.25
2025-08-02 08:00:00+00:00,48607.39,16999.36,4895.16,5024.78,21688.09,4626.75,3583.25,20565.0
2025-08-02 09:00:00+00:00,49435.03,13658.14,5500.41,4380.69,25895.8,4656.75,3685.0,24800.75
2025-08-02 10:00:00+00:00,48478.04,9382.08,6401.35,4337.02,28357.58,5022.75,3811.0,27463.5
2025-08-02 11:00:00+00:00,46552.47,5345.8,7214.38,4292.39,29699.9,5839.5,3925.0,28452.75
2025-08-02 12:00:00+00:00,45633.79,4073.49,7521.81,4363.34,29675.15,7115.75,4128.25,27687.5
2025-08-02 13:00:00+00:00,44736.85,3835.04,8825.49,4317.3,27759.02,8201.5,4301.5,25393.0
2025-08-02 14:00:00+00:00,44696.11,6537.81,10013.34,4269.12,23875.84,8986.25,4425.75,21673.0
2025-08-02 15:00:00+00:00,45479.58,11203.19,11093.35,5489.3,17693.74,9496.5,4623.0,16409.0
2025-08-02 16:00:00+00:00,46143.13,18415.95,11218.86,5626.67,10881.65,9639.0,4734.75,10125.0
2025-08-02 17:00:00+00:00,45898.82,24934.92,10878.81,5593.25,4491.84,9371.25,4793.75,4365.25
2025-08-02 18:00:00+00:00,44492.93,28437.6,9779.33,5419.94,856.06,9087.0,4741.5,937.0
2025-08-02 19:00:00+00:00,43445.5,29017.91,9132.42,5210.23,84.94,9135.0,4668.25,21.25
2025-08-02 20:00:00+00:00,41841.75,27191.95,9615.56,5004.72,29.51,9480.0,4588.25,0.0
2025-08-02 21:00:00+00:00,39271.95,23517.74,10615.18,5131.4,7.62,9989.75,4526.25,0.0
2025-08-02 22:00:00+00:00,37069.41,20767.49,11189.47,5098.89,13.56,11320.75,4633.25,0.0
2025-08-02 23:00:00+00:00,35853.94,19353.44,11356.44,5132.74,11.31,11820.0,4684.25,0.0
2025-08-03 00:00:00+00:00,34570.95,17317.72,11899.66,5347.04,6.54,12205.75,4719.75,0.0
2025-08-03 01:00:00+00:00,34272.37,16743.69,12133.24,5388.94,6.51,12497.75,4736.5,0.0
2025-08-03 02:00:00+00:00,34212.38,16373.4,12613.65,5212.25,13.08,12585.5,4763.0,0.0
2025-08-03 03:00:00+00:00,34592.32,16651.2,12584.84,5324.06,32.22,12424.5,4761.5,34.5
2025-08-03 04:00:00+00:00,34955.87,15947.7,12857.76,5223.79,926.62,12422.5,4781.25,1036.25
2025-08-03 05:00:00+00:00,37148.39,15692.91,12384.71,5008.9,4061.86,12158.25,4694.75,4293.0
2025-08-03 06:00:00+00:00,40195.4,14921.35,11921.72,4747.91,8604.43,12028.75,4497.75,9345.5
2025-08-03 07:00:00+00:00,42936.97,14099.71,11031.93,3900.41,13904.91,11983.25,4223.5,15177.25
2025-08-03 08:00:00+00:00,44323.18,10826.62,10319.55,3763.05,19413.96,11818.25,2551.25,20616.75
2025-08-03 09:00:00+00:00,45737.76,9407.89,9902.9,2897.16,23529.81,12033.0,2320.25,24808.75
2025-08-03 10:00:00+00:00,45767.44,7140.17,10632.1,2793.71,25201.46,12648.25,2196.0,26841.25
2025-08-03 11:00:00+00:00,44608.76,5961.18,10930.75,2531.1,25185.73,13274.25,2241.25,27068.25
2025-08-03 12:00:00+00:00,43513.11,7081.8,10600.45,2005.37,23825.48,13795.75,2358.75,26555.75
2025-08-03 13:00:00+00:00,42586.27,5825.05,11446.59,2962.36,22352.27,14698.5,2495.75,24991.0
2025-08-03 14:00:00+00:00,41845.39,6452.75,12950.73,3569.85,18872.06,15196.5,2651.75,21533.25
2025-08-03 15:00:00+00:00,43379.08,9809.65,14433.33,4628.22,14507.88,15117.0,4315.0,16451.0
2025-08-03 16:00:00+00:00,44642.56,16204.96,14276.33,4836.91,9324.36,13920.5,4585.25,10201.25
2025-08-03 17:00:00+00:00,45312.66,22763.54,13091.82,5403.31,4054.0,12323.0,4671.25,4194.5
2025-08-03 18:00:00+00:00,44855.96,27015.95,11849.39,5263.45,727.17,11706.25,4713.0,780.25
2025-08-03 19:00:00+00:00,44242.65,26055.65,13516.19,4639.97,30.84,12060.75,4749.75,23.0
2025-08-03 20:00:00+00:00,42184.04,22833.63,14981.29,4361.56,7.55,12910.25,4765.25,0.0
2025-08-03 21:00:00+00:00,40048.65,19366.12,16361.16,4314.79,6.58,14249.5,4794.0,0.0
2025-08-03 22:00:00+00:00,38303.21,15634.97,17445.71,5215.63,6.9,16760.5,5295.25,0.0
2025-08-03 23:00:00+00:00,37566.09,14488.81,17825.21,5246.56,5.51,18272.25,5368.75,0.0
2025-08-04 00:00:00+00:00,37383.22,14494.24,17478.66,5404.5,5.81,18968.5,5308.5,0.0
2025-08-04 01:00:00+00:00,37533.2,15631.29,16920.99,4974.82,6.09,18796.5,5129.5,0.0
2025-08-04 02:00:00+00:00,38323.35,17450.14,16692.12,4168.27,12.82,18191.25,4878.25,0.0
2025-08-04 03:00:00+00:00,41401.93,22219.52,16019.71,3144.88,17.81,17413.75,4466.25,20.25
2025-08-04 04:00:00+00:00,47515.61,29625.19,15264.13,1870.93,755.36,16966.5,3888.75,692.0
2025-08-04 05:00:00+00:00,52482.99,34624.65,13463.22,1158.51,3236.61,16074.0,3163.25,2848.5
2025-08-04 06:00:00+00:00,56167.42,36345.08,11509.28,1150.41,7162.66,14436.25,2378.5,6418.5
2025-08-04 07:00:00+00:00,58267.41,33785.64,10966.99,1059.79,12454.99,13188.75,1720.5,10928.0
2025-08-04 08:00:00+00:00,58902.98,28560.28,10981.19,974.58,18386.94,12454.5,1325.5,15989.75
2025-08-04 09:00:00+00:00,58499.13,23321.04,10665.42,438.28,24074.4,12183.0,1326.0,20733.5
2025-08-04 10:00:00+00:00,56914.75,17029.43,10656.44,1487.0,27741.88,12291.0,1889.25,24197.0
2025-08-04 11:00:00+00:00,55491.24,10762.95,11986.8,2783.54,29957.96,12963.25,2988.0,25999.25
2025-08-04 12:00:00+00:00,53873.5,7449.14,12400.31,3683.25,30340.8,14130.75,4085.75,26418.5
2025-08-04 13:00:00+00:00,53116.48,7103.18,12744.34,4223.07,29045.89,14844.75,4880.25,24640.75
2025-08-04 14:00:00+00:00,53457.05,11249.49,12522.56,4985.66,24699.34,15041.0,5279.5,20581.25
2025-08-04 15:00:00+00:00,53998.02,17892.56,12055.62,5917.15,18132.69,14927.75,5467.25,15025.5
2025-08-04 16:00:00+00:00,54921.0,25230.52,13184.39,6150.62,10355.46,14873.25,5529.5,8815.0
2025-08-04 17:00:00+00:00,54459.5,30451.14,14488.77,5546.93,3972.66,15340.25,5318.25,3490.75
2025-08-04 18:00:00+00:00,52187.2,29388.67,16545.36,5620.32,632.85,17083.25,4924.25,601.0
2025-08-04 19:00:00+00:00,51379.71,25089.27,20870.53,5388.35,31.57,19967.25,4422.0,13.5
2025-08-04 20:00:00+00:00,48182.53,19366.41,23414.3,5393.97,7.86,22246.25,4290.75,0.0
2025-08-04 21:00:00+00:00,45388.4,14259.84,25559.93,5560.32,8.31,23978.5,4499.0,0.0
2025-08-04 22:00:00+00:00,42404.44,10396.66,26093.44,5906.98,7.36,24144.0,4988.75,0.0
2025-08-04 23:00:00+00:00,41660.16,10748.29,24686.04,6218.93,6.9,23455.25,5487.5,0.0
2025-08-05 00:00:00+00:00,41549.33,12044.28,22880.44,6617.73,6.87,22195.75,5740.5,0.0
2025-08-05 01:00:00+00:00,41631.66,14089.1,20500.22,7036.15,6.18,20632.25,5782.25,0.0
2025-08-05 02:00:00+00:00,42087.03,17077.3,17939.14,7055.84,14.75,18909.0,5754.75,0.0
2025-08-05 03:00:00+00:00,44555.45,21852.01,15588.54,7088.08,26.82,17252.75,5699.5,21.0
2025-08-05 04:00:00+00:00,49499.55,27181.11,14713.95,6674.26,930.24,16063.25,5608.25,1125.0
2025-08-05 05:00:00+00:00,53749.42,29103.81,13440.48,6631.11,4574.02,14634.25,5487.25,5206.5
2025-08-05 06:00:00+00:00,56909.19,27687.12,12120.98,6605.1,10495.98,13339.25,5249.25,11791.25
2025-08-05 07:00:00+00:00,58324.34,22790.97,12413.42,5926.69,17193.26,13615.5,4904.0,18723.75
2025-08-05 08:00:00+00:00,58978.14,18463.0,13924.78,5119.18,21471.18,14692.0,3001.5,23990.25
2025-08-05 09:00:00+00:00,59838.0,15297.35,14931.71,5164.14,24444.81,15918.0,2962.75,27361.25
2025-08-05 10:00:00+00:00,58804.25,11350.09,15963.27,5190.88,26300.01,17610.0,2983.5,28759.75
2025-08-05 11:00:00+00:00,56929.64,8754.03,16389.16,4194.15,27592.31,19046.5,3019.75,28673.25
2025-08-05 12:00:00+00:00,56463.57,8301.1,17013.02,3344.52,27804.93,20981.75,3044.5,27996.0
2025-08-05 13:00:00+00:00,54332.39,5344.24,18097.43,3348.81,27541.92,22494.75,3081.5,26734.5
2025-08-05 14:00:00+00:00,53754.07,6389.57,19049.14,3534.79,24780.57,23750.0,3138.25,23821.25
2025-08-05 15:00:00+00:00,54934.78,8154.46,22596.97,4843.64,19339.71,24553.25,3267.0,19071.5
2025-08-05 16:00:00+00:00,56264.34,12402.22,24667.49,6579.21,12615.41,24402.5,5293.0,12066.0
2025-08-05 17:00:00+00:00,55658.66,20630.66,22892.56,6986.27,5149.17,22710.5,5570.5,4845.5
2025-08-05 18:00:00+00:00,53778.41,25222.24,20765.89,6865.94,924.34,20876.25,5730.25,925.75
2025-08-05 19:00:00+00:00,52192.73,24571.29,20405.74,7168.99,46.72,19637.25,5862.25,15.75
2025-08-05 20:00:00+00:00,48357.26,21391.75,19895.14,7052.25,18.11,18726.5,5948.25,0.0
2025-08-05 21:00:00+00:00,45415.3,17623.38,20623.1,7157.81,11.01,18579.0,5950.25,0.0
2025-08-05 22:00:00+00:00,43195.61,16173.37,20052.79,6956.34,13.11,18605.25,6207.0,0.0
2025-08-05 23:00:00+00:00,42302.46,15937.99,19784.82,6568.26,11.39,18405.5,6168.25,0.0
2025-08-06 00:00:00+00:00,41371.23,16161.34,19291.46,5907.1,11.33,18061.0,6052.75,0.0
2025-08-06 01:00:00+00:00,40938.32,16093.13,18951.63,5880.95,12.61,17708.75,5965.75,0.0
2025-08-06 02:00:00+00:00,42060.31,18212.22,18183.11,5656.03,8.94,17352.5,5980.0,0.0
2025-08-06 03:00:00+00:00,45055.51,21674.73,17767.46,5573.69,39.64,16846.0,5952.25,40.25
2025-08-06 04:00:00+00:00,50882.58,26783.15,16314.67,6009.72,1775.03,16032.0,5957.25,1690.0
2025-08-06 05:00:00+00:00,55106.31,28215.06,13025.61,5674.43,8191.22,14102.25,5898.25,8189.75
2025-08-06 06:00:00+00:00,57781.15,23836.19,9652.04,5374.5,18918.42,12715.75,5688.0,19183.75
2025-08-06 07:00:00+00:00,57030.5,13635.09,9201.07,3862.65,30331.69,12989.75,5315.25,29805.75
2025-08-06 08:00:00+00:00,56973.27,7343.89,10165.64,3716.25,35747.49,13970.75,3616.5,36844.25
2025-08-06 09:00:00+00:00,56451.79,4828.12,10484.21,3097.9,38041.56,14105.5,3459.5,41235.25
2025-08-06 10:00:00+00:00,55859.86,2464.48,11453.12,2449.55,39492.71,13622.75,3412.0,42828.75
2025-08-06 11:00:00+00:00,54788.33,1418.23,11779.39,2439.71,39151.01,13463.25,3424.25,42202.0
2025-08-06 12:00:00+00:00,53118.95,2465.52,11040.45,2360.22,37252.76,13443.5,3414.25,40139.0
2025-08-06 13:00:00+00:00,52490.89,4161.83,10609.77,2950.14,34769.15,13132.75,3378.5,36269.75
2025-08-06 14:00:00+00:00,51880.18,9688.65,9266.15,2906.48,30018.89,12669.25,3390.25,30548.5
2025-08-06 15:00:00+00:00,53458.39,16747.03,9217.18,3781.35,23712.84,11436.0,4646.5,22910.5
2025-08-06 16:00:00+00:00,54635.49,28412.41,7822.01,4343.04,14058.03,9354.0,4615.25,13557.5
2025-08-06 17:00:00+00:00,54579.8,39909.65,5387.07,3799.28,5483.81,7216.25,4354.0,5051.5
2025-08-06 18:00:00+00:00,53670.92,46087.16,3252.35,3408.95,922.47,5733.25,3891.5,892.0
2025-08-06 19:00:00+00:00,52253.71,46834.07,2473.48,2889.26,56.9,4432.5,3276.5,16.0
2025-08-06 20:00:00+00:00,48800.98,43909.62,2168.3,2693.07,29.99,3636.0,2711.5,0.0
2025-08-06 21:00:00+00:00,45786.55,41440.97,1963.68,2370.27,11.63,3160.5,2370.0,0.0
2025-08-06 22:00:00+00:00,43229.03,39014.92,1965.82,2238.3,9.99,2794.75,2276.5,0.0
2025-08-06 23:00:00+00:00,41589.16,37136.82,2200.73,2244.09,7.52,2753.0,2195.0,0.0
2025-08-07 00:00:00+00:00,40195.55,35273.7,2775.9,2138.72,7.23,2967.0,2218.0,0.0
2025-08-07 01:00:00+00:00,39980.55,34166.8,3682.06,2125.29,6.4,3438.25,2284.0,0.0
2025-08-07 02:00:00+00:00,40687.43,34068.39,4558.27,2046.43,14.33,4021.0,2366.75,0.0
2025-08-07 03:00:00+00:00,43736.08,36137.81,5321.34,2242.16,34.77,4488.0,2422.0,29.5
2025-08-07 04:00:00+00:00,49489.14,39095.21,6389.25,2544.24,1460.44,4757.5,2485.25,1514.5
2025-08-07 05:00:00+00:00,54016.91,38019.23,6502.28,2518.3,6977.1,4729.5,2644.75,7358.25
2025-08-07 06:00:00+00:00,56698.41,32704.65,5020.64,2508.02,16465.1,4180.0,2848.25,17695.5
2025-08-07 07:00:00+00:00,56272.34,23414.4,2897.73,2494.6,27465.62,3114.75,2993.75,28732.5
2025-08-07 08:00:00+00:00,55789.72,14652.33,2327.32,2110.34,36699.72,2664.5,3040.75,37700.5
2025-08-07 09:00:00+00:00,55119.53,7587.43,2476.19,1959.97,43095.94,3127.25,3031.0,43664.25
2025-08-07 10:00:00+00:00,53735.38,2588.71,3771.43,2023.39,45351.86,3877.5,3132.5,46213.0
2025-08-07 11:00:00+00:00,52695.83,1590.62,4076.42,2248.33,44780.46,4863.5,3257.5,46338.25
2025-08-07 12:00:00+00:00,51696.28,671.61,4635.68,2766.4,43622.59,6068.75,3242.25,44126.75
2025-08-07 13:00:00+00:00,51430.67,2643.77,6027.94,3035.39,39723.57,6889.5,3183.25,39921.25
2025-08-07 14:00:00+00:00,52033.91,7012.94,7473.0,3389.59,34158.38,7258.25,3352.25,33453.5
2025-08-07 15:00:00+00:00,53350.08,18454.87,7830.03,3170.96,23894.22,6998.0,3747.0,23974.0
2025-08-07 16:00:00+00:00,54803.27,32717.16,6166.23,2850.21,13069.67,6163.5,3921.75,13156.25
2025-08-07 17:00:00+00:00,55078.18,43032.92,4473.06,2715.34,4856.85,5423.25,3786.0,4536.25
2025-08-07 18:00:00+00:00,53990.15,47478.52,3581.37,2211.3,718.96,5304.0,3524.25,761.0
2025-08-07 19:00:00+00:00,52520.83,47443.09,2917.77,2090.0,69.97,4981.0,3196.0,8.25
2025-08-07 20:00:00+00:00,49171.14,43677.71,3375.88,2098.58,18.96,5003.0,2949.0,0.0
2025-08-07 21:00:00+00:00,45552.03,39081.98,4425.04,2034.2,10.8,5319.0,2909.75,0.0
2025-08-07 22:00:00+00:00,43195.12,35538.82,5581.44,2064.77,10.09,5451.75,2616.75,0.0
2025-08-07 23:00:00+00:00,41099.13,33268.9,5803.4,2017.36,9.46,5952.0,2673.0,0.0
2025-08-08 00:00:00+00:00,39972.07,31638.31,6048.05,2275.53,10.17,6734.5,2783.75,0.0
2025-08-08 01:00:00+00:00,39710.24,31065.15,6339.31,2297.0,8.79,7519.75,2909.75,0.0
2025-08-08 02:00:00+00:00,40371.98,31318.98,7161.2,1875.21,16.59,8083.5,2884.5,0.0
2025-08-08 03:00:00+00:00,43603.18,33723.26,8028.61,1821.53,29.79,8354.75,2714.25,21.25
2025-08-08 04:00:00+00:00,49148.51,36805.52,9392.42,1746.32,1204.25,8507.0,2442.25,1242.0
2025-08-08 05:00:00+00:00,53609.59,36543.93,8722.42,1635.4,6707.84,8081.25,2136.25,6259.5
2025-08-08 06:00:00+00:00,56591.37,32677.48,6384.51,1523.71,16005.67,7134.75,1921.0,15200.0
2025-08-08 07:00:00+00:00,56550.64,24653.85,4471.37,1338.27,26087.15,6013.25,1822.0,24643.5
2025-08-08 08:00:00+00:00,55987.51,15409.04,4926.78,1387.2,34264.49,5910.5,1793.25,32517.25
2025-08-08 09:00:00+00:00,55942.99,9450.76,6394.49,1435.46,38662.28,6842.25,1749.75,38305.25
2025-08-08 10:00:00+00:00,54639.94,4777.04,8212.14,1264.76,40385.99,7897.25,1696.75,41771.0
2025-08-08 11:00:00+00:00,53158.96,2113.14,9788.52,1204.34,40052.97,8801.5,1693.75,42854.5
2025-08-08 12:00:00+00:00,51718.35,1300.58,10274.92,1318.48,38824.36,9411.25,1763.25,42072.75
2025-08-08 13:00:00+00:00,51622.67,4312.96,10202.26,1435.86,35671.59,9312.25,1854.75,39020.75
2025-08-08 14:00:00+00:00,51663.22,10400.1,9520.58,1406.71,30335.83,8579.0,1901.75,33216.25
2025-08-08 15:00:00+00:00,52294.34,20332.05,8079.4,1525.86,22357.04,7332.0,1931.25,24305.0
2025-08-08 16:00:00+00:00,53224.9,32361.48,6270.43,1554.69,13038.31,5877.5,1911.25,13585.75
2025-08-08 17:00:00+00:00,53257.49,42596.81,4413.28,1302.07,4945.32,4574.5,1803.25,4659.75
2025-08-08 18:00:00+00:00,51303.81,46389.57,3066.35,1066.08,781.81,3851.0,1605.75,764.0
2025-08-08 19:00:00+00:00,50011.9,46497.85,2339.04,1096.59,78.42,3027.0,1383.25,9.75
2025-08-08 20:00:00+00:00,47006.27,43830.03,2172.12,984.87,19.25,2523.25,1184.0,0.0
2025-08-08 21:00:00+00:00,43634.79,41094.08,1782.8,738.84,19.07,2152.5,1008.75,0.0
2025-08-08 22:00:00+00:00,41470.33,39418.37,1457.27,575.76,18.93,1660.0,807.75,0.0
2025-08-08 23:00:00+00:00,39445.61,37566.07,1359.19,508.0,12.35,1355.0,705.75,0.0
2025-08-09 00:00:00+00:00,38214.05,36343.57,1326.9,535.33,8.25,1221.75,625.25,0.0
2025-08-09 01:00:00+00:00,37858.91,36092.72,1277.62,480.17,8.41,1160.0,595.75,0.0
2025-08-09 02:00:00+00:00,37572.5,35667.35,1402.88,486.04,16.23,1124.75,620.75,0.0
2025-08-09 03:00:00+00:00,38339.17,36081.9,1592.82,625.11,39.34,1137.0,735.75,18.75
2025-08-09 04:00:00+00:00,39533.11,35237.88,2200.22,693.17,1401.84,1217.75,982.0,1298.25
2025-08-09 05:00:00+00:00,41947.33,31335.38,2557.3,967.65,7087.0,1300.0,1354.25,7211.75
2025-08-09 06:00:00+00:00,44254.09,24695.56,2038.32,1128.68,16391.54,1202.25,1744.5,17705.0
2025-08-09 07:00:00+00:00,46467.0,18473.48,1169.98,1205.07,25618.47,881.5,1986.25,28632.75
2025-08-09 08:00:00+00:00,46930.66,11327.39,1012.51,946.67,33644.08,651.75,1346.5,37092.25
2025-08-09 09:00:00+00:00,46180.99,5320.58,1033.51,675.04,39151.86,746.5,1285.5,42899.5
2025-08-09 10:00:00+00:00,45083.48,1614.33,1445.35,475.41,41548.39,1066.5,1179.0,45977.25
2025-08-09 11:00:00+00:00,43958.12,-1308.5,1964.0,375.2,42927.42,1566.0,1053.75,46438.25
2025-08-09 12:00:00+00:00,43037.54,-1481.06,2496.89,332.56,41689.15,2654.5,993.5,44603.25
2025-08-09 13:00:00+00:00,42283.97,-612.68,3737.32,651.35,38507.98,3737.0,1023.0,40604.25
2025-08-09 14:00:00+00:00,42906.89,3305.3,5171.23,1288.28,33142.08,4744.75,1154.75,34163.75
2025-08-09 15:00:00+00:00,44479.99,10162.89,6355.28,2375.88,25585.94,5922.0,2337.75,25068.25
2025-08-09 16:00:00+00:00,45442.36,19578.41,8015.93,3204.03,14643.98,6626.75,2637.75,13856.75
2025-08-09 17:00:00+00:00,46205.27,29251.19,8618.83,3139.06,5196.18,7418.0,2624.75,4677.75
2025-08-09 18:00:00+00:00,45179.76,32807.29,8803.75,2824.47,744.26,8462.75,2322.25,712.75
2025-08-09 19:00:00+00:00,44352.0,31939.44,9701.89,2644.04,66.63,9269.25,2098.0,5.75
2025-08-09 20:00:00+00:00,42305.41,29307.16,10427.47,2544.29,26.49,9957.0,2070.25,0.0
2025-08-09 21:00:00+00:00,39825.35,26440.97,10571.04,2798.89,14.45,10600.0,2229.5,0.0
2025-08-09 22:00:00+00:00,37718.27,23247.71,11252.17,3203.75,14.65,11253.75,2611.25,0.0
2025-08-09 23:00:00+00:00,36297.61,20953.61,11868.49,3465.98,9.54,11683.75,2751.25,0.0
2025-08-10 00:00:00+00:00,35657.95,19280.99,12826.06,3537.93,12.97,12019.5,2744.5,0.0
2025-08-10 01:00:00+00:00,35106.98,18534.33,13284.56,3278.99,9.11,12100.5,2737.5,0.0
2025-08-10 02:00:00+00:00,35388.43,19290.01,12823.83,3256.95,17.64,11687.5,2800.5,0.0
2025-08-10 03:00:00+00:00,36116.64,21076.24,11960.15,3053.8,26.45,10667.75,2796.25,18.0
2025-08-10 04:00:00+00:00,36525.33,21868.41,10766.73,2559.73,1330.46,9402.0,2679.75,1376.25
2025-08-10 05:00:00+00:00,38116.17,19770.66,8489.15,2361.05,7495.31,7517.25,2440.75,7665.75
2025-08-10 06:00:00+00:00,40625.09,14413.1,6147.93,1715.79,18348.27,6115.25,2181.5,19388.0
2025-08-10 07:00:00+00:00,42585.09,6145.48,6049.8,1476.67,28913.14,5622.25,1568.5,31160.0
2025-08-10 08:00:00+00:00,42484.32,-978.4,5781.22,1313.21,36368.3,5850.25,1489.75,39440.5
2025-08-10 09:00:00+00:00,42254.1,-5467.83,5957.54,564.41,41199.97,5880.0,1454.75,44223.0
2025-08-10 10:00:00+00:00,41403.13,-7888.36,5562.15,468.67,43260.67,6132.5,1457.25,46583.0
2025-08-10 11:00:00+00:00,40237.86,-7971.01,4901.92,456.15,42850.8,6721.5,1448.0,46599.75
2025-08-10 12:00:00+00:00,39541.93,-7654.82,5116.14,588.02,41492.59,7182.5,1415.0,44609.75
2025-08-10 13:00:00+00:00,38909.71,-7260.3,7100.24,701.58,38368.18,7470.5,1338.75,40928.75
2025-08-10 14:00:00+00:00,39572.42,-2673.28,7463.77,1034.65,33747.28,7750.25,1249.75,35582.25
2025-08-10 15:00:00+00:00,41916.06,6276.93,7584.21,1409.11,26645.82,7949.25,1331.25,26614.0
2025-08-10 16:00:00+00:00,43965.75,20701.18,6685.11,1134.86,15444.6,7128.25,1146.25,14616.25
2025-08-10 17:00:00+00:00,44766.16,33540.12,5019.75,884.42,5321.88,6275.25,956.5,4638.75
2025-08-10 18:00:00+00:00,44660.93,39161.72,4081.51,713.9,703.81,6013.75,788.25,741.25
2025-08-10 19:00:00+00:00,44747.02,39605.12,4602.03,499.8,40.07,5840.75,664.5,7.5
2025-08-10 20:00:00+00:00,43080.43,37054.56,5579.74,433.69,12.45,5775.25,574.75,0.0
2025-08-10 21:00:00+00:00,40636.88,34220.17,5975.63,431.47,9.62,5669.0,526.75,0.0
2025-08-10 22:00:00+00:00,38359.08,32357.88,5739.04,252.86,9.31,5374.0,408.75,0.0
2025-08-10 23:00:00+00:00,36956.3,31373.27,5410.51,162.69,9.84,4959.5,366.25,0.0
2025-08-11 00:00:00+00:00,35907.09,30690.94,5050.55,155.94,9.66,4589.25,329.0,0.0
2025-08-11 01:00:00+00:00,35789.53,30908.56,4683.67,190.46,6.84,4199.0,305.5,0.0
2025-08-11 02:00:00+00:00,37013.16,32522.26,4300.9,177.08,12.92,3877.25,294.75,0.0
2025-08-11 03:00:00+00:00,40551.7,36232.21,4165.6,124.72,29.17,3772.75,300.0,15.0
2025-08-11 04:00:00+00:00,46378.09,40480.33,4372.78,191.99,1333.0,3730.5,310.5,1305.25
2025-08-11 05:00:00+00:00,51218.4,39326.48,4038.09,229.69,7624.14,3479.75,323.5,7720.25
2025-08-11 06:00:00+00:00,54263.13,32258.08,2717.94,282.15,19004.97,2676.75,412.0,19861.75
2025-08-11 07:00:00+00:00,54852.53,22171.68,1436.54,365.68,30878.63,1575.0,499.5,32063.0
2025-08-11 08:00:00+00:00,54679.76,12550.81,1305.34,437.73,40385.89,1286.75,571.25,41433.75
2025-08-11 09:00:00+00:00,54062.64,5886.33,1461.58,481.69,46233.04,1357.5,631.0,47112.25
2025-08-11 10:00:00+00:00,53335.07,1380.74,1616.39,434.68,49903.26,1386.0,672.5,50228.75
2025-08-11 11:00:00+00:00,52429.42,279.99,1324.3,302.67,50522.46,1369.25,690.0,50917.75
2025-08-11 12:00:00+00:00,51701.75,1061.21,1211.81,234.93,49193.8,1358.25,666.0,49043.5
2025-08-11 13:00:00+00:00,51130.63,5203.45,1125.18,391.07,44410.93,1324.25,614.5,44842.75
2025-08-11 14:00:00+00:00,50941.78,12485.86,1044.9,331.11,37079.9,1316.5,543.0,37741.0
2025-08-11 15:00:00+00:00,51812.4,23348.07,1125.91,202.4,27136.03,1380.75,470.75,27326.0
2025-08-11 16:00:00+00:00,53490.92,36974.82,1358.71,90.11,15067.28,1554.75,396.25,14455.0
2025-08-11 17:00:00+00:00,54073.1,47411.97,1622.46,81.49,4957.17,2173.25,332.25,4387.75
2025-08-11 18:00:00+00:00,52840.3,49535.55,2607.99,102.27,594.49,3440.0,280.75,656.0
2025-08-11 19:00:00+00:00,51058.37,47035.16,3893.87,87.52,41.82,4544.25,238.25,5.75
2025-08-11 20:00:00+00:00,47311.92,41575.26,5625.62,94.04,16.99,5498.5,223.75,0.0
2025-08-11 21:00:00+00:00,43843.12,36855.27,6908.8,69.16,9.89,5973.0,222.25,0.0
2025-08-11 22:00:00+00:00,41659.79,34215.08,7391.24,44.92,8.55,6453.0,106.75,0.0
2025-08-11 23:00:00+00:00,40276.77,32825.3,7382.22,61.91,7.34,6213.75,100.0,0.0
2025-08-12 00:00:00+00:00,39500.54,32544.35,6899.65,50.27,6.27,5922.75,97.25,0.0
2025-08-12 01:00:00+00:00,39131.41,32536.9,6526.92,61.17,6.42,5574.5,97.25,0.0
2025-08-12 02:00:00+00:00,40003.5,33898.99,6010.48,83.13,10.89,5228.5,102.5,0.0
2025-08-12 03:00:00+00:00,43277.25,37381.18,5774.61,92.65,28.8,5036.25,107.75,17.0
2025-08-12 04:00:00+00:00,48863.19,41618.78,5918.27,109.92,1216.22,5055.75,136.25,1451.5
2025-08-12 05:00:00+00:00,53257.92,40512.53,5429.46,104.98,7210.95,4934.25,185.75,7642.75
2025-08-12 06:00:00+00:00,56400.31,34022.46,4270.06,250.7,17857.09,4263.25,271.0,18671.5
2025-08-12 07:00:00+00:00,56732.54,25841.11,2312.77,372.48,28206.18,2851.5,390.5,30106.25
2025-08-12 08:00:00+00:00,55118.41,17460.76,1792.34,503.75,35361.55,2255.5,487.25,39059.75
2025-08-12 09:00:00+00:00,54874.15,10873.44,2574.06,697.72,40728.93,2499.25,530.5,45172.0
2025-08-12 10:00:00+00:00,54445.01,6093.76,3069.25,1230.06,44051.93,2757.5,554.75,48388.25
2025-08-12 11:00:00+00:00,53777.73,4914.58,3110.18,1185.11,44567.86,2920.5,592.25,48974.0
2025-08-12 12:00:00+00:00,52990.37,4713.76,3538.47,1070.46,43667.69,3119.0,648.5,46968.5
2025-08-12 13:00:00+00:00,52844.43,8864.76,3475.0,1148.69,39355.98,3077.5,780.0,42471.75
2025-08-12 14:00:00+00:00,52654.2,15342.81,3542.36,1350.55,32418.48,3097.0,1004.5,35295.5
2025-08-12 15:00:00+00:00,54096.59,25582.4,3692.36,1647.96,23173.88,3535.25,1263.5,25513.5
2025-08-12 16:00:00+00:00,55587.13,36729.0,4045.19,1785.69,13027.25,4490.5,1537.0,14033.25
2025-08-12 17:00:00+00:00,55939.57,44599.9,4910.07,1994.56,4435.03,6386.5,1797.5,4818.5
2025-08-12 18:00:00+00:00,54441.1,44413.33,7239.31,2239.21,549.25,9308.75,2087.5,591.75
2025-08-12 19:00:00+00:00,53183.36,40000.38,10821.8,2332.28,28.9,11816.0,2368.75,2.5
2025-08-12 20:00:00+00:00,49733.4,34086.9,13134.06,2498.08,14.35,13228.0,2545.0,0.0
2025-08-12 21:00:00+00:00,46287.83,30173.15,13575.16,2528.86,10.66,13770.0,2581.0,0.0
2025-08-12 22:00:00+00:00,43913.3,29046.65,12792.17,2063.68,10.8,12896.75,2695.75,0.0
2025-08-12 23:00:00+00:00,42255.51,28960.11,11704.83,1576.95,13.62,12106.25,2450.0,0.0
2025-08-13 00:00:00+00:00,41332.74,29668.32,10202.37,1452.06,10.0,11222.25,2185.75,0.0
2025-08-13 01:00:00+00:00,40966.49,30212.26,9377.97,1368.01,8.25,10269.75,1900.25,0.0
2025-08-13 02:00:00+00:00,41835.59,31825.28,8681.63,1322.23,6.45,9373.75,1633.75,0.0
2025-08-13 03:00:00+00:00,44977.11,36019.45,7736.14,1206.65,14.86,8670.5,1443.0,10.0
2025-08-13 04:00:00+00:00,50317.74,40925.68,7215.29,1079.06,1097.72,8087.5,1331.0,1317.75
2025-08-13 05:00:00+00:00,54670.35,40777.31,6350.57,944.14,6598.33,6933.5,1249.75,7334.0
2025-08-13 06:00:00+00:00,57772.67,36000.03,4017.39,891.68,16863.58,4758.0,1200.75,18207.0
2025-08-13 07:00:00+00:00,58787.82,28409.99,1722.59,773.91,27881.33,2624.75,1119.75,29710.25
2025-08-13 08:00:00+00:00,57564.08,19495.17,983.22,754.66,36331.03,1755.0,1011.0,38964.25
2025-08-13 09:00:00+00:00,56695.03,12639.82,1052.17,620.95,42382.1,1703.0,897.5,45450.75
2025-08-13 10:00:00+00:00,56211.37,8011.2,1546.9,440.77,46212.5,1790.25,813.0,48929.5
2025-08-13 11:00:00+00:00,55870.76,6376.52,1945.46,510.26,47038.51,1857.75,818.5,49630.0
2025-08-13 12:00:00+00:00,54773.08,6723.66,1952.36,871.45,45225.61,2005.5,871.5,47657.25
2025-08-13 13:00:00+00:00,54133.45,10429.05,1995.27,938.87,40770.27,2077.0,948.0,42982.25
2025-08-13 14:00:00+00:00,54280.7,18043.29,1758.6,1023.42,33455.39,2163.75,1025.5,35753.25
2025-08-13 15:00:00+00:00,55766.24,29614.32,1663.81,952.81,23535.29,2384.5,1099.0,25902.75
2025-08-13 16:00:00+00:00,57128.06,41341.84,1992.93,1066.66,12726.63,2905.75,1177.25,14295.0
2025-08-13 17:00:00+00:00,57537.14,49359.19,2730.05,1374.48,4073.42,4051.25,1289.25,4715.75
2025-08-13 18:00:00+00:00,55794.55,49643.51,4127.81,1578.15,445.08,5679.5,1463.75,558.5
2025-08-13 19:00:00+00:00,54490.76,46637.95,6059.2,1769.45,24.16,6877.5,1642.0,3.5
2025-08-13 20:00:00+00:00,50886.74,41879.14,6984.79,2009.83,12.98,7489.0,1745.25,0.0
2025-08-13 21:00:00+00:00,47842.69,38368.68,7412.92,2052.69,8.4,7596.5,1713.75,0.0
2025-08-13 22:00:00+00:00,45552.24,36697.6,7004.01,1840.73,9.9,6100.25,1585.5,0.0
2025-08-13 23:00:00+00:00,43465.61,35865.15,6130.74,1461.34,8.38,5459.75,1367.0,0.0
2025-08-14 00:00:00+00:00,42278.53,35797.57,5241.38,1232.42,7.17,4910.0,1116.5,0.0
2025-08-14 01:00:00+00:00,41860.59,36516.2,4370.78,966.67,6.95,4443.75,882.5,0.0
2025-08-14 02:00:00+00:00,42486.37,38095.67,3681.38,698.56,10.76,4116.25,764.0,0.0
2025-08-14 03:00:00+00:00,45510.09,41706.52,3240.49,542.72,20.35,3912.0,765.25,7.25
2025-08-14 04:00:00+00:00,51189.61,45888.25,3327.98,896.6,1076.78,3764.5,807.75,1197.25
2025-08-14 05:00:00+00:00,55841.24,45107.94,2992.9,1309.27,6431.13,3252.75,851.75,6952.5
2025-08-14 06:00:00+00:00,59067.68,39363.05,1947.02,1643.22,16114.38,2358.5,758.5,17342.0
2025-08-14 07:00:00+00:00,59556.69,30590.65,751.03,1645.43,26569.57,1475.75,585.5,28315.5
2025-08-14 08:00:00+00:00,59633.68,22319.13,728.75,1715.29,34870.51,1053.5,507.75,37037.25
2025-08-14 09:00:00+00:00,59346.18,15494.39,1068.19,2270.86,40512.74,1087.5,505.5,43108.25
2025-08-14 10:00:00+00:00,57640.13,9871.1,2360.77,1560.68,43847.58,1246.25,539.0,46347.0
2025-08-14 11:00:00+00:00,57204.21,8805.23,2068.5,1911.52,44418.96,1326.0,599.75,46850.25
2025-08-14 12:00:00+00:00,56203.46,10739.71,1129.0,2030.44,42304.31,1316.5,638.5,44598.0
2025-08-14 13:00:00+00:00,56092.79,15826.64,623.28,1912.85,37730.02,1209.75,628.75,39782.25
2025-08-14 14:00:00+00:00,55824.59,22921.24,396.11,1951.85,30555.39,1133.0,623.0,32327.5
2025-08-14 15:00:00+00:00,56938.09,32860.02,423.0,1770.06,21885.02,1232.0,658.75,22742.75
2025-08-14 16:00:00+00:00,58136.01,44293.12,619.1,1395.16,11828.63,1606.5,715.75,12204.75
2025-08-14 17:00:00+00:00,57801.73,51573.3,1262.71,999.42,3966.3,2570.0,760.75,4083.25
2025-08-14 18:00:00+00:00,56336.34,52741.12,2235.77,872.52,486.92,3942.75,802.5,436.5
2025-08-14 19:00:00+00:00,55087.39,50882.8,3233.17,926.21,45.21,4645.25,809.75,3.5
2025-08-14 20:00:00+00:00,51347.71,45684.02,4536.69,1111.26,15.74,4995.5,770.5,0.0
2025-08-14 21:00:00+00:00,47769.98,41343.28,5161.48,1257.87,7.35,5021.5,730.75,0.0
2025-08-14 22:00:00+00:00,45486.78,39004.94,5043.92,1430.12,7.78,5166.25,1478.0,0.0
2025-08-14 23:00:00+00:00,43832.25,37692.23,4652.91,1478.7,8.4,5197.0,1605.0,0.0
2025-08-15 00:00:00+00:00,42263.96,36083.14,4429.87,1741.02,9.93,5528.5,1672.0,0.0
2025-08-15 01:00:00+00:00,41800.79,35842.16,4271.38,1681.42,5.84,5737.75,1660.0,0.0
2025-08-15 02:00:00+00:00,42289.09,35767.91,4919.49,1594.58,7.12,5822.25,1525.0,0.0
2025-08-15 03:00:00+00:00,44762.2,38301.37,5109.03,1335.71,16.08,5740.5,1352.0,6.25
2025-08-15 04:00:00+00:00,49471.0,41895.25,5359.59,1299.47,916.7,5469.0,1189.0,1091.75
2025-08-15 05:00:00+00:00,53702.37,41986.18,4626.47,1289.62,5800.09,4781.75,1081.0,6641.25
2025-08-15 06:00:00+00:00,56833.89,37428.31,3396.87,910.86,15097.85,3741.75,1035.75,17078.25
2025-08-15 07:00:00+00:00,57121.03,27857.21,2512.09,722.79,26028.94,2907.0,1057.0,28267.0
2025-08-15 08:00:00+00:00,57691.36,18259.37,2555.01,1115.34,35761.64,2819.0,1124.75,37016.25
2025-08-15 09:00:00+00:00,56775.23,9450.31,3147.52,1278.96,42898.45,3320.0,1272.0,42993.75
2025-08-15 10:00:00+00:00,55372.02,3994.4,4002.35,1333.17,46042.11,3903.75,1554.25,45967.0
2025-08-15 11:00:00+00:00,53658.17,826.99,5101.84,1790.7,45938.64,4766.5,1923.25,45709.5
2025-08-15 12:00:00+00:00,52662.92,900.78,6521.97,2670.14,42570.03,6098.25,2285.25,42417.75
2025-08-15 13:00:00+00:00,53078.31,4532.04,8386.96,3283.8,36875.51,7587.25,2610.0,37015.75
2025-08-15 14:00:00+00:00,53889.0,11670.78,10159.44,2885.83,29172.95,9083.0,2791.25,29826.0
2025-08-15 15:00:00+00:00,54647.64,21100.42,11063.4,2496.77,19987.05,10220.5,2898.0,20810.75
2025-08-15 16:00:00+00:00,55673.43,31390.24,11479.94,2038.68,10764.58,10994.25,2987.5,11210.5
2025-08-15 17:00:00+00:00,55328.92,38647.56,11043.07,1927.79,3710.5,11734.5,3152.0,3800.0
2025-08-15 18:00:00+00:00,53297.36,40251.46,10544.0,2034.15,467.76,12714.75,3418.0,401.0
2025-08-15 19:00:00+00:00,51710.42,38100.25,11136.75,2431.77,41.63,13522.0,3620.75,1.0
2025-08-15 20:00:00+00:00,48914.95,34666.26,11552.17,2681.18,15.35,13538.75,3761.75,0.0
2025-08-15 21:00:00+00:00,45952.77,31702.12,11051.43,3187.65,11.58,13042.0,3866.0,0.0
2025-08-15 22:00:00+00:00,43659.75,29765.28,10121.04,3752.84,20.59,10610.5,3329.5,0.0
2025-08-15 23:00:00+00:00,42067.33,28532.23,9356.25,4169.22,9.63,9799.5,3438.75,0.0
2025-08-16 00:00:00+00:00,40340.89,27440.94,9130.74,3762.69,6.52,9393.25,3761.25,0.0
2025-08-16 01:00:00+00:00,40071.38,26543.66,9070.9,4449.13,7.7,9085.0,4156.75,0.0
2025-08-16 02:00:00+00:00,40073.2,26337.02,8825.14,4905.02,6.02,8818.0,4436.75,0.0
2025-08-16 03:00:00+00:00,40431.96,26864.58,8724.01,4831.48,11.89,8589.25,4537.25,4.0
2025-08-16 04:00:00+00:00,41469.92,26957.36,8968.15,4988.32,556.08,8339.25,4451.5,716.5
2025-08-16 05:00:00+00:00,43233.78,26922.96,8313.27,4556.89,3440.65,7939.0,4159.0,4612.0
2025-08-16 06:00:00+00:00,46529.18,26311.84,7565.83,4098.23,8553.28,7743.25,3808.5,11440.5
2025-08-16 07:00:00+00:00,49130.58,22727.38,8017.73,3990.31,14395.16,7541.25,3532.0,18923.75
2025-08-16 08:00:00+00:00,50329.36,17508.53,8562.61,3701.55,20556.67,7490.25,3364.0,25925.25
2025-08-16 09:00:00+00:00,50826.4,11932.25,9057.06,3827.59,26009.5,7777.5,3180.0,31654.5
2025-08-16 10:00:00+00:00,50128.57,5928.75,9603.73,3771.55,30824.53,8299.0,3090.75,35631.5
2025-08-16 11:00:00+00:00,48145.77,178.47,10425.73,3911.08,33630.5,9211.25,3106.25,37237.75
2025-08-16 12:00:00+00:00,46970.68,-3413.08,11692.62,3874.82,34816.32,10695.5,3181.0,36462.75
2025-08-16 13:00:00+00:00,46836.34,-3726.59,13191.48,4360.14,33011.31,12304.5,3316.75,33504.0
2025-08-16 14:00:00+00:00,47153.85,510.87,14418.38,4468.98,27755.63,13912.25,3525.25,28357.25
2025-08-16 15:00:00+00:00,47575.26,8030.11,15405.44,4393.95,19745.75,15326.25,3825.0,20894.75
2025-08-16 16:00:00+00:00,47765.63,16471.51,16059.66,4573.96,10660.5,16177.0,4375.75,11314.75
2025-08-16 17:00:00+00:00,47910.59,24246.7,15173.23,5018.9,3471.75,16122.0,4670.0,3566.75
2025-08-16 18:00:00+00:00,46376.22,27340.77,13626.87,5036.03,372.55,15766.5,4855.5,378.25
2025-08-16 19:00:00+00:00,45488.78,27289.13,12927.09,5214.05,58.51,15359.5,4863.0,0.0
2025-08-16 20:00:00+00:00,43214.58,25394.56,12482.61,5306.81,30.59,14366.5,4763.5,0.0
2025-08-16 21:00:00+00:00,40672.44,24166.59,11497.91,4993.69,14.25,13315.75,4665.0,0.0
2025-08-16 22:00:00+00:00,38291.77,22639.81,10929.59,4707.39,14.98,11496.5,4335.75,0.0
2025-08-16 23:00:00+00:00,36793.62,21878.18,10264.37,4641.44,9.63,10229.0,4205.0,0.0
2025-08-17 00:00:00+00:00,35570.92,21915.83,9467.22,4180.11,7.75,9303.0,4015.75,0.0
2025-08-17 01:00:00+00:00,34807.63,22382.45,8567.36,3848.86,8.97,8533.25,3794.0,0.0
2025-08-17 02:00:00+00:00,34741.86,23517.45,7403.69,3809.73,11.0,7747.0,3613.5,0.0
2025-08-17 03:00:00+00:00,35166.78,24692.09,6582.94,3873.81,17.94,6887.5,3478.5,1.5
2025-08-17 04:00:00+00:00,35373.42,24714.6,6253.51,3724.38,680.93,5984.25,3287.75,798.0
2025-08-17 05:00:00+00:00,36883.16,23614.94,5009.95,3490.88,4767.39,4722.25,3030.0,5712.75
2025-08-17 06:00:00+00:00,39392.31,20888.9,3254.12,2935.7,12313.59,3575.0,2698.75,15018.25
2025-08-17 07:00:00+00:00,41978.52,15220.01,2985.6,2499.96,21272.95,2961.0,2314.0,24158.0
2025-08-17 08:00:00+00:00,43625.95,10302.24,2592.55,1983.23,28747.93,2598.25,1857.25,30864.5
2025-08-17 09:00:00+00:00,43837.83,6206.8,2293.06,1252.97,34085.0,2304.25,1418.0,35859.25
2025-08-17 10:00:00+00:00,43075.45,3516.09,2523.23,1015.78,36020.36,2145.5,1057.75,38882.5
2025-08-17 11:00:00+00:00,41719.87,853.91,2738.8,668.4,37458.77,2292.25,841.25,40178.0
2025-08-17 12:00:00+00:00,41051.33,373.9,2640.34,926.64,37110.45,2768.75,758.25,39256.75
2025-08-17 13:00:00+00:00,40726.32,893.3,2828.83,926.02,36078.16,3194.75,747.25,35944.75
2025-08-17 14:00:00+00:00,41041.08,6491.82,3079.78,858.38,30611.09,3648.5,758.0,30209.5
2025-08-17 15:00:00+00:00,42204.21,15553.57,3440.27,704.69,22505.68,4134.25,780.25,22132.5
2025-08-17 16:00:00+00:00,44629.15,28046.86,3782.23,554.48,12245.59,4490.5,788.5,11808.5
2025-08-17 17:00:00+00:00,45780.66,37701.51,3830.76,488.06,3760.33,4844.75,794.5,3495.25
2025-08-17 18:00:00+00:00,45901.35,41236.5,3816.15,514.3,334.4,5363.0,798.0,323.25
2025-08-17 19:00:00+00:00,45483.52,40843.31,4115.69,485.99,38.53,5438.75,775.75,0.0
2025-08-17 20:00:00+00:00,43538.85,38576.19,4521.37,422.83,18.46,5328.25,708.25,0.0
2025-08-17 21:00:00+00:00,41020.62,36432.98,4224.89,352.24,10.51,5020.25,607.5,0.0
2025-08-17 22:00:00+00:00,39079.39,35244.83,3556.53,268.18,9.84,3662.25,565.5,0.0
2025-08-17 23:00:00+00:00,37503.64,34406.05,2925.33,164.34,7.91,3193.0,413.75,0.0
2025-08-18 00:00:00+00:00,36691.63,34079.77,2498.93,105.22,7.71,2919.5,295.5,0.0
2025-08-18 01:00:00+00:00,36787.37,34465.84,2250.26,63.79,7.49,2540.5,218.25,0.0
2025-08-18 02:00:00+00:00,37892.64,35750.12,2072.57,55.98,13.97,2181.75,185.5,0.0
2025-08-18 03:00:00+00:00,41658.93,39523.91,2046.61,72.7,15.72,1951.0,176.75,0.75
2025-08-18 04:00:00+00:00,48488.91,45389.56,2161.08,81.55,856.71,1852.75,164.25,868.0
2025-08-18 05:00:00+00:00,53104.7,44462.17,2019.47,65.48,6557.58,1758.5,133.25,6613.5
2025-08-18 06:00:00+00:00,56224.93,37282.9,1232.8,53.99,17655.24,1440.5,113.5,18152.25
2025-08-18 07:00:00+00:00,55856.43,24772.03,846.5,54.19,30183.72,1108.75,83.25,30168.75
2025-08-18 08:00:00+00:00,54869.96,13448.16,1170.5,34.22,40217.07,1115.25,60.25,39474.5
2025-08-18 09:00:00+00:00,54661.02,6586.51,1424.14,47.73,46602.64,1269.75,47.25,45500.25
2025-08-18 10:00:00+00:00,53941.35,2444.25,1615.46,25.95,49855.69,1360.25,41.0,48261.0
2025-08-18 11:00:00+00:00,52260.62,529.24,1665.8,11.57,50054.02,1403.0,38.25,48350.5
2025-08-18 12:00:00+00:00,51403.32,1494.01,1739.39,16.8,48153.13,1533.75,44.5,46257.5
2025-08-18 13:00:00+00:00,50953.9,5607.94,1935.98,26.25,43383.74,1641.5,61.25,41970.5
2025-08-18 14:00:00+00:00,50891.65,12948.32,2051.69,77.51,35814.13,1718.0,88.25,34995.75
2025-08-18 15:00:00+00:00,52112.23,24502.02,2086.2,76.46,25447.55,1824.75,122.0,25024.75
2025-08-18 16:00:00+00:00,53764.76,38000.2,2094.74,97.86,13571.94,2047.0,157.25,12953.5
2025-08-18 17:00:00+00:00,54735.14,48648.11,2125.27,90.88,3870.88,2665.5,201.25,3600.25
2025-08-18 18:00:00+00:00,53591.28,50567.31,2617.89,77.06,329.03,3773.5,240.25,295.5
2025-08-18 19:00:00+00:00,51686.16,47679.91,3842.08,111.03,53.14,4504.5,261.0,0.0
2025-08-18 20:00:00+00:00,47560.3,41926.49,5501.72,116.38,15.72,5050.25,271.0,0.0
2025-08-18 21:00:00+00:00,44542.99,38083.46,6306.4,146.39,6.74,5217.5,274.5,0.0
2025-08-18 22:00:00+00:00,41875.47,35506.84,6155.0,206.85,6.78,4911.75,211.25,0.0
2025-08-18 23:00:00+00:00,40388.42,34668.1,5455.26,257.8,7.26,4418.75,207.5,0.0
2025-08-19 00:00:00+00:00,39606.43,34694.65,4606.04,299.05,6.69,4059.5,230.25,0.0
2025-08-19 01:00:00+00:00,39635.71,35598.19,3755.96,275.26,6.31,3582.0,265.75,0.0
2025-08-19 02:00:00+00:00,40643.31,37286.21,3058.36,284.99,13.75,3096.0,305.5,0.0
2025-08-19 03:00:00+00:00,43761.83,40688.45,2740.78,312.84,19.77,2722.25,345.75,0.25
2025-08-19 04:00:00+00:00,49709.88,45625.13,2859.22,447.65,777.88,2460.5,386.25,840.5
2025-08-19 05:00:00+00:00,53950.74,44149.51,2715.11,624.37,6461.76,2192.25,443.25,6600.5
2025-08-19 06:00:00+00:00,56987.69,36558.26,1921.03,783.17,17725.24,1803.5,520.75,18226.0
2025-08-19 07:00:00+00:00,57033.27,25013.46,1186.53,859.46,29973.81,1225.75,608.75,30176.75
2025-08-19 08:00:00+00:00,56547.19,15584.27,1332.77,840.16,38790.0,1073.25,698.0,39449.0
2025-08-19 09:00:00+00:00,55990.25,8099.67,1823.27,837.29,45230.02,1327.75,786.0,45796.75
2025-08-19 10:00:00+00:00,55592.61,3880.13,2049.27,879.85,48783.36,1581.25,885.0,49140.5
2025-08-19 11:00:00+00:00,54479.63,2105.13,2042.2,813.35,49518.95,1803.75,1028.0,49630.5
2025-08-19 12:00:00+00:00,53819.91,2230.02,2421.13,1354.85,47813.91,2211.75,1227.25,47372.25
2025-08-19 13:00:00+00:00,53799.37,6010.63,2940.58,1931.15,42917.01,2614.5,1467.25,42484.25
2025-08-19 14:00:00+00:00,53491.33,12569.96,3526.99,2195.11,35199.27,3059.0,1759.0,34837.0
2025-08-19 15:00:00+00:00,54269.01,23411.24,3991.43,2256.95,24609.4,3586.25,2083.75,24385.0
2025-08-19 16:00:00+00:00,55482.46,36138.24,4376.58,2231.85,12735.78,4229.25,2331.75,12299.0
2025-08-19 17:00:00+00:00,55799.87,45388.17,4706.6,2321.52,3383.59,4978.25,2505.0,3319.75
2025-08-19 18:00:00+00:00,54755.59,47156.32,4748.75,2584.81,265.71,5798.0,2602.0,245.0
2025-08-19 19:00:00+00:00,52754.36,45372.48,4776.29,2562.88,42.71,6125.75,2607.75,0.0
2025-08-19 20:00:00+00:00,49288.61,41820.23,4817.34,2636.73,14.32,6189.25,2517.25,0.0
2025-08-19 21:00:00+00:00,45873.89,38943.28,4450.49,2466.13,14.0,5865.75,2380.75,0.0
2025-08-19 22:00:00+00:00,43239.2,37096.64,3949.18,2185.4,7.97,5280.75,2239.5,0.0
2025-08-19 23:00:00+00:00,41463.02,35389.45,3862.83,2204.58,6.16,4617.5,2211.75,0.0
2025-08-20 00:00:00+00:00,41165.32,34667.13,4095.47,2396.47,6.25,4410.25,2301.0,0.0
2025-08-20 01:00:00+00:00,40551.04,34073.91,4156.45,2314.5,6.18,4357.75,2479.75,0.0
2025-08-20 02:00:00+00:00,41540.4,34815.05,4176.45,2538.07,10.82,4523.5,2748.75,0.0
2025-08-20 03:00:00+00:00,45438.65,38373.69,4318.7,2738.2,8.06,4788.25,2983.25,0.0
2025-08-20 04:00:00+00:00,51449.01,42864.72,4961.1,2928.27,694.91,4855.0,3212.75,705.5
2025-08-20 05:00:00+00:00,56020.35,42841.49,4629.32,3388.85,5160.69,4587.25,3370.75,5439.0
2025-08-20 06:00:00+00:00,58618.35,38932.15,3367.66,3136.23,13182.31,4147.0,3251.0,14533.5
2025-08-20 07:00:00+00:00,58407.53,30556.61,3678.43,2933.02,21239.46,4188.75,2816.0,23923.0
2025-08-20 08:00:00+00:00,58042.2,23234.99,4798.35,1996.51,28012.36,4635.25,2482.75,31113.25
2025-08-20 09:00:00+00:00,58065.29,17604.09,5165.17,957.74,34338.29,4923.75,2142.0,36002.0
2025-08-20 10:00:00+00:00,56710.63,12041.84,4733.49,1449.55,38485.76,5142.75,1800.0,38402.75
2025-08-20 11:00:00+00:00,55799.41,11495.81,4496.87,1006.82,38799.91,5315.25,1553.5,38365.0
2025-08-20 12:00:00+00:00,54842.31,11917.75,5114.85,929.48,36880.23,5540.75,1378.25,36305.5
2025-08-20 13:00:00+00:00,54380.81,15433.53,5432.03,1033.31,32481.95,5863.25,1290.0,32326.25
2025-08-20 14:00:00+00:00,54340.18,21502.88,5888.01,1157.76,25791.54,6381.0,1340.0,26193.75
2025-08-20 15:00:00+00:00,55651.44,30096.33,6479.8,1482.24,17593.06,7071.0,1458.75,18015.5
2025-08-20 16:00:00+00:00,55937.64,37740.84,6965.43,2031.37,9200.0,7887.5,1638.0,9067.0
2025-08-20 17:00:00+00:00,55886.09,43782.49,6919.39,2419.02,2765.18,8885.25,1815.0,2576.5
2025-08-20 18:00:00+00:00,54288.8,44094.26,7559.18,2393.79,241.58,10326.5,1918.0,217.25
2025-08-20 19:00:00+00:00,52280.64,40448.69,9507.59,2287.82,36.53,11395.0,1894.5,0.0
2025-08-20 20:00:00+00:00,48307.22,35648.1,10602.83,2048.96,7.33,11396.75,1713.25,0.0
2025-08-20 21:00:00+00:00,44662.45,32597.95,10372.92,1684.06,7.52,10651.5,1457.5,0.0
2025-08-20 22:00:00+00:00,42690.84,32146.41,9144.78,1392.15,7.49,9059.25,1270.75,0.0
2025-08-20 23:00:00+00:00,41173.43,32157.07,7852.44,1156.78,7.13,7774.75,1158.25,0.0
2025-08-21 00:00:00+00:00,40319.27,32951.06,6456.99,904.66,6.56,6744.25,1183.5,0.0
2025-08-21 01:00:00+00:00,40294.05,34474.29,4952.01,858.58,9.17,5835.0,1327.75,0.0
2025-08-21 02:00:00+00:00,41179.85,36021.31,4094.62,1050.55,13.37,5216.0,1580.5,0.0
2025-08-21 03:00:00+00:00,44450.2,38720.12,4220.31,1492.26,17.5,5001.0,1929.75,0.0
2025-08-21 04:00:00+00:00,50238.13,43225.26,4842.51,1633.84,536.53,4991.25,2244.0,546.0
2025-08-21 05:00:00+00:00,54766.1,43347.43,4685.24,2406.24,4327.19,4802.5,2452.75,4368.75
2025-08-21 06:00:00+00:00,57713.46,39880.56,3182.93,2686.71,11963.26,4167.5,2472.5,12053.75
2025-08-21 07:00:00+00:00,58318.01,31945.42,2381.93,2800.89,21189.78,3782.5,2372.75,20450.5
2025-08-21 08:00:00+00:00,57851.76,22228.69,3867.69,2409.08,29346.31,4351.0,2317.0,27152.0
2025-08-21 09:00:00+00:00,58377.79,14809.5,5575.32,2830.04,35162.93,5524.25,2290.0,31570.75
2025-08-21 10:00:00+00:00,57949.54,11750.33,6617.77,2797.78,36783.66,6667.5,2391.0,33306.0
2025-08-21 11:00:00+00:00,57151.24,10753.56,7988.36,2862.04,35547.27,7966.75,2574.5,32874.0
2025-08-21 12:00:00+00:00,56008.75,10668.37,9640.54,3304.48,32395.36,9831.5,2763.5,30620.5
2025-08-21 13:00:00+00:00,55957.24,12567.46,11789.28,3699.78,27900.72,11908.25,3012.75,26986.5
2025-08-21 14:00:00+00:00,55647.16,14698.25,13972.51,4236.95,22739.45,13893.0,3355.25,21881.75
2025-08-21 15:00:00+00:00,56361.97,20021.31,15739.63,4370.47,16230.56,15535.0,3655.75,15275.25
2025-08-21 16:00:00+00:00,57270.99,27007.96,17248.77,4526.05,8488.23,16521.0,3871.5,7963.25
2025-08-21 17:00:00+00:00,56897.19,33457.89,16247.55,4591.04,2600.71,16835.75,3999.5,2367.75
2025-08-21 18:00:00+00:00,55094.29,35207.8,14982.21,4687.01,217.27,16667.0,4005.0,188.75
2025-08-21 19:00:00+00:00,53303.41,33636.57,14857.66,4767.25,41.93,16436.0,3906.0,0.0
2025-08-21 20:00:00+00:00,49821.83,30498.76,14664.23,4647.89,10.94,15760.5,3749.25,0.0
2025-08-21 21:00:00+00:00,46037.33,27619.25,13882.46,4524.27,11.36,15054.25,3621.5,0.0
2025-08-21 22:00:00+00:00,43544.06,26202.51,12720.9,4608.83,11.83,12993.75,3777.5,0.0
2025-08-21 23:00:00+00:00,41949.11,25808.94,11429.6,4700.07,10.5,12028.75,3752.5,0.0
2025-08-22 00:00:00+00:00,40754.03,25431.66,10670.57,4640.02,11.77,11477.25,3810.0,0.0
2025-08-22 01:00:00+00:00,41053.31,25258.31,10719.45,5065.82,9.73,11087.25,3917.0,0.0
2025-08-22 02:00:00+00:00,41740.67,26465.44,10610.96,4648.42,15.86,10717.5,4050.25,0.0
2025-08-22 03:00:00+00:00,44874.28,29883.27,10137.56,4839.41,14.04,10288.0,4103.0,0.0
2025-08-22 04:00:00+00:00,50553.02,36158.84,9816.03,4106.39,471.77,9719.5,4112.5,607.75
2025-08-22 05:00:00+00:00,55041.65,37757.85,8669.91,4568.92,4044.97,8839.75,4127.5,5135.5
2025-08-22 06:00:00+00:00,57404.94,34601.18,7217.52,4521.74,11064.5,8278.25,4055.0,14000.75
2025-08-22 07:00:00+00:00,58714.9,26117.44,8116.74,4972.52,19508.2,9073.25,3911.5,22977.5
2025-08-22 08:00:00+00:00,58652.37,17913.99,10128.51,4185.65,26424.21,10701.0,3674.75,29244.75
2025-08-22 09:00:00+00:00,58370.41,13303.99,11666.96,3847.79,29551.67,12042.25,3512.25,32738.0
2025-08-22 10:00:00+00:00,57472.94,9971.24,13260.32,3627.1,30614.28,13195.75,3465.75,34414.0
2025-08-22 11:00:00+00:00,55599.48,6293.48,15323.69,3577.33,30404.98,14468.0,3364.75,34758.75
2025-08-22 12:00:00+00:00,55354.75,4054.1,16995.03,4950.47,29355.15,16038.75,3362.75,33471.5
2025-08-22 13:00:00+00:00,54757.44,6341.32,17585.44,4694.85,26135.82,17259.25,3438.0,30593.5
2025-08-22 14:00:00+00:00,53913.42,11170.12,17353.86,4240.47,21148.97,18080.0,3578.5,25270.25
2025-08-22 15:00:00+00:00,55192.14,18408.49,17303.52,4726.12,14754.02,18147.5,3762.5,17838.25
2025-08-22 16:00:00+00:00,55446.51,27331.99,16007.68,4567.8,7539.03,17088.75,4078.5,9481.75
2025-08-22 17:00:00+00:00,54530.51,33897.41,13740.9,4790.08,2102.12,15079.75,4309.25,2736.25
2025-08-22 18:00:00+00:00,53033.87,37193.93,10741.76,4950.56,147.61,13161.25,4356.5,157.0
2025-08-22 19:00:00+00:00,50829.76,36111.76,9656.78,4999.54,61.68,11651.0,4272.5,0.0
2025-08-22 20:00:00+00:00,47457.93,32766.05,9663.9,5013.46,14.53,10593.25,4123.75,0.0
2025-08-22 21:00:00+00:00,44202.0,29759.33,9604.99,4827.25,10.43,10014.75,4043.25,0.0
2025-08-22 22:00:00+00:00,42487.75,27162.06,10135.74,5174.51,15.44,9522.75,4321.75,0.0
2025-08-22 23:00:00+00:00,40992.93,24948.12,10538.0,5498.4,8.42,9556.75,4457.0,0.0
2025-08-23 00:00:00+00:00,38729.58,22945.29,10251.0,5526.61,6.68,9821.0,4594.25,0.0
2025-08-23 01:00:00+00:00,37956.94,22185.77,10681.73,5082.07,7.37,10061.5,4659.0,0.0
2025-08-23 02:00:00+00:00,37400.28,21914.01,10556.62,4919.73,9.92,10387.0,4724.75,0.0
2025-08-23 03:00:00+00:00,37918.75,22013.15,10847.75,5042.94,14.91,10933.25,4738.75,0.0
2025-08-23 04:00:00+00:00,39992.99,22230.81,12273.44,5152.86,335.87,11355.5,4676.5,459.0
2025-08-23 05:00:00+00:00,42828.26,22178.83,11792.52,5530.64,3326.28,11074.0,4579.5,3987.0
2025-08-23 06:00:00+00:00,45453.78,19353.24,11416.71,5393.71,9290.11,11229.0,4434.75,10677.75
2025-08-23 07:00:00+00:00,47023.16,13357.53,12339.53,4726.19,16599.91,12667.25,4035.0,18324.5
2025-08-23 08:00:00+00:00,48808.69,7355.22,14070.15,4487.73,22895.59,14216.0,3750.0,24828.25
2025-08-23 09:00:00+00:00,49070.48,2807.02,15483.03,3776.92,27003.5,14929.25,3570.5,29023.75
2025-08-23 10:00:00+00:00,48425.18,-356.18,16144.59,3293.99,29342.77,15380.0,3305.0,30820.0
2025-08-23 11:00:00+00:00,46202.37,-2042.89,15349.86,2816.26,30079.14,15864.25,3015.5,30890.0
2025-08-23 12:00:00+00:00,44699.81,-1758.43,14552.22,2626.45,29279.56,16491.5,2739.75,29692.25
2025-08-23 13:00:00+00:00,44761.13,1006.65,14407.11,2552.86,26794.51,16600.75,2583.25,26998.25
2025-08-23 14:00:00+00:00,44944.58,3902.62,15841.42,2890.57,22309.96,16243.25,2557.75,22766.25
2025-08-23 15:00:00+00:00,46327.87,11761.29,15192.75,3393.77,15980.06,15216.5,2605.0,16645.0
2025-08-23 16:00:00+00:00,48272.36,23559.7,12464.65,3768.31,8479.69,12981.5,2654.75,9042.5
2025-08-23 17:00:00+00:00,48738.31,33820.73,8725.32,3780.6,2411.66,10007.75,2654.5,2653.75
2025-08-23 18:00:00+00:00,47859.66,37275.02,6799.27,3602.46,182.91,7937.75,2516.5,152.25
2025-08-23 19:00:00+00:00,46739.26,36695.67,6633.25,3354.77,55.58,6486.0,2279.5,0.0
2025-08-23 20:00:00+00:00,44593.17,34452.9,7071.74,3053.87,14.66,5437.75,2019.75,0.0
2025-08-23 21:00:00+00:00,42170.24,31946.59,7300.9,2913.67,9.08,4699.25,1796.75,0.0
2025-08-23 22:00:00+00:00,39695.09,29989.59,7007.22,2685.8,12.47,4496.75,1815.0,0.0
2025-08-23 23:00:00+00:00,37090.31,28625.21,6235.0,2217.69,12.41,4333.0,1774.5,0.0
2025-08-24 00:00:00+00:00,35455.95,27770.45,5797.88,1871.87,15.75,4576.0,1862.25,0.0
2025-08-24 01:00:00+00:00,34437.0,26935.98,5541.89,1953.14,5.99,4943.25,2009.0,0.0
2025-08-24 02:00:00+00:00,34246.0,26719.85,5498.01,2015.47,12.66,5289.25,2154.75,0.0
2025-08-24 03:00:00+00:00,34571.13,26879.06,5733.65,1943.02,15.39,5479.75,2255.0,0.0
2025-08-24 04:00:00+00:00,35893.19,26450.64,6542.39,2393.0,507.16,5487.75,2333.25,558.75
2025-08-24 05:00:00+00:00,37577.6,23774.66,6274.4,2367.13,5161.4,5070.25,2384.75,5621.25
2025-08-24 06:00:00+00:00,39291.92,18626.46,4199.97,2064.63,14400.86,4072.0,2411.5,15981.75
2025-08-24 07:00:00+00:00,41744.56,11090.56,3714.45,2117.43,24822.12,3552.25,2373.5,26478.0
2025-08-24 08:00:00+00:00,42327.78,3505.96,4990.76,1560.37,32270.69,4365.75,1709.5,33416.5
2025-08-24 09:00:00+00:00,43331.62,1509.99,6340.37,1085.7,34395.55,5439.75,1657.25,36573.5
2025-08-24 10:00:00+00:00,42879.6,346.96,7336.37,1514.77,33681.51,6143.25,1629.0,37075.25
2025-08-24 11:00:00+00:00,41666.55,-387.98,7644.23,1495.3,32915.01,6851.0,1610.5,35916.0
2025-08-24 12:00:00+00:00,40481.64,89.32,7777.6,1326.87,31287.85,7593.75,1618.0,33971.75
2025-08-24 13:00:00+00:00,40176.19,1420.49,8583.9,1203.91,28967.9,8349.25,1648.5,30904.25
2025-08-24 14:00:00+00:00,41503.35,5059.36,8746.33,2056.56,25641.11,8832.25,2122.5,25850.0
2025-08-24 15:00:00+00:00,43100.2,12461.48,9400.62,2394.77,18843.32,8810.5,2113.0,18608.25
2025-08-24 16:00:00+00:00,45193.41,24009.67,8515.28,2395.94,10272.52,8084.0,2040.75,9941.25
2025-08-24 17:00:00+00:00,46578.25,34671.66,6757.24,2334.24,2815.11,7003.5,1941.0,2745.25
2025-08-24 18:00:00+00:00,46814.43,38800.87,5713.82,2159.04,140.7,6481.75,1839.0,125.25
2025-08-24 19:00:00+00:00,46220.48,38515.39,5599.77,2068.89,36.42,6315.75,1756.75,0.0
2025-08-24 20:00:00+00:00,44593.65,36127.15,6217.32,2237.12,12.05,6437.0,1711.75,0.0
2025-08-24 21:00:00+00:00,42331.01,33391.5,6634.08,2297.48,7.95,6585.25,1697.25,0.0
2025-08-24 22:00:00+00:00,40516.83,31573.54,6534.7,2401.07,7.52,6128.5,1905.5,0.0
2025-08-24 23:00:00+00:00,38577.76,30343.52,6033.52,2193.65,7.08,5788.75,1939.25,0.0
2025-08-25 00:00:00+00:00,37650.74,30016.78,5659.35,1968.4,6.2,5578.25,1929.75,0.0
2025-08-25 01:00:00+00:00,37690.27,30252.52,5330.26,2101.17,6.32,5420.5,1908.0,0.0
2025-08-25 02:00:00+00:00,39132.44,31823.54,5255.64,2038.09,15.17,5238.0,1872.5,0.0
2025-08-25 03:00:00+00:00,43076.27,36093.21,5141.78,1820.25,21.03,5097.5,1789.25,0.0
2025-08-25 04:00:00+00:00,50354.41,42890.79,5250.43,1769.85,443.35,5078.0,1676.5,486.5
2025-08-25 05:00:00+00:00,54987.58,43108.03,5261.83,1557.33,5060.39,4876.5,1555.0,5479.0
2025-08-25 06:00:00+00:00,57611.34,37188.01,4583.13,1235.32,14604.88,4277.0,1420.5,16143.75
2025-08-25 07:00:00+00:00,56587.86,29020.39,3604.97,694.59,23267.92,4278.5,1262.0,27385.0
2025-08-25 08:00:00+00:00,55219.81,18838.56,4385.19,666.7,31329.36,5388.25,1118.75,35849.25
2025-08-25 09:00:00+00:00,54600.41,12244.81,5441.88,495.44,36418.28,6171.5,1040.0,41235.0
2025-08-25 10:00:00+00:00,54095.04,7439.86,6105.78,363.76,40185.65,6309.0,1057.75,44180.25
2025-08-25 11:00:00+00:00,53373.25,5229.14,6293.23,293.88,41557.01,6307.0,1135.75,44851.0
2025-08-25 12:00:00+00:00,51914.94,3460.06,6760.53,447.41,41246.93,6406.5,1226.25,43294.25
2025-08-25 13:00:00+00:00,51909.88,6547.02,6923.2,646.21,37793.45,6420.75,1303.5,39084.75
2025-08-25 14:00:00+00:00,52017.93,13172.55,6784.26,805.41,31255.7,6197.75,1337.75,31791.0
2025-08-25 15:00:00+00:00,53189.06,24082.38,6383.85,663.56,22059.26,5601.25,1289.25,21657.0
2025-08-25 16:00:00+00:00,54871.09,38292.72,5212.65,392.87,10972.85,4556.0,1165.25,10582.75
2025-08-25 17:00:00+00:00,55143.86,48741.83,3413.34,239.28,2749.4,3507.75,992.75,2664.75
2025-08-25 18:00:00+00:00,54376.66,51439.22,2565.05,178.39,193.99,2952.5,808.25,98.25
2025-08-25 19:00:00+00:00,52295.66,49502.51,2610.65,134.23,48.27,2511.75,649.5,0.0
2025-08-25 20:00:00+00:00,48379.76,45720.88,2568.9,77.5,12.48,2326.75,516.75,0.0
2025-08-25 21:00:00+00:00,44821.98,42158.52,2579.86,71.4,12.21,2229.0,431.25,0.0
2025-08-25 22:00:00+00:00,42223.63,39501.44,2613.76,98.79,9.64,2204.75,332.0,0.0
2025-08-25 23:00:00+00:00,40584.12,37735.47,2766.64,73.73,8.28,2162.75,301.0,0.0
2025-08-26 00:00:00+00:00,40013.39,37125.42,2830.61,50.07,7.29,2289.5,288.5,0.0
2025-08-26 01:00:00+00:00,39855.03,37072.56,2725.97,49.43,7.08,2394.0,305.25,0.0
2025-08-26 02:00:00+00:00,40801.77,38082.9,2602.31,104.27,12.28,2503.25,356.0,0.0
2025-08-26 03:00:00+00:00,44396.4,41546.38,2614.66,220.44,14.92,2656.25,437.25,0.0
2025-08-26 04:00:00+00:00,50612.82,46700.87,3063.69,398.61,449.66,2862.0,553.0,447.5
2025-08-26 05:00:00+00:00,54871.8,45635.97,3495.75,510.16,5229.93,3038.25,690.0,5279.75
2025-08-26 06:00:00+00:00,57897.48,38194.68,3157.71,613.53,15931.57,2771.25,797.5,15953.75
2025-08-26 07:00:00+00:00,58729.96,27657.67,1785.19,790.96,28496.15,1813.75,864.0,27684.75
2025-08-26 08:00:00+00:00,56543.96,17585.03,1388.64,806.35,36763.94,1305.75,905.25,37005.75
2025-08-26 09:00:00+00:00,56281.64,10991.37,1871.4,908.54,42510.32,1425.5,963.25,43012.25
2025-08-26 10:00:00+00:00,54774.91,5837.71,2186.54,936.53,45814.14,1636.5,1024.75,45824.0
2025-08-26 11:00:00+00:00,53768.9,4262.75,2344.82,828.12,46333.21,1808.5,1090.0,45796.25
2025-08-26 12:00:00+00:00,52706.53,4957.06,2388.98,931.48,44429.01,1893.0,1149.25,43053.25
2025-08-26 13:00:00+00:00,52761.78,11280.6,2373.96,1142.49,37964.73,1894.0,1242.0,37575.5
2025-08-26 14:00:00+00:00,52939.39,20196.04,2121.67,1288.29,29333.4,1898.75,1397.75,29193.25
2025-08-26 15:00:00+00:00,54922.78,32945.36,1790.62,1685.53,18501.26,1865.75,1593.25,18545.0
2025-08-26 16:00:00+00:00,55927.78,44304.65,1550.48,2122.55,7950.1,1947.0,1821.25,8320.25
2025-08-26 17:00:00+00:00,55644.1,48905.43,2324.42,2403.16,2011.09,2740.75,2089.75,2008.25
2025-08-26 18:00:00+00:00,54777.91,47739.27,4219.76,2685.75,133.12,4919.75,2364.25,74.25
2025-08-26 19:00:00+00:00,52527.83,41609.62,7786.89,3107.48,23.83,7650.0,2507.0,0.0
2025-08-26 20:00:00+00:00,48056.8,32998.02,11739.77,3306.74,12.26,10144.75,2501.5,0.0
2025-08-26 21:00:00+00:00,44265.66,27150.15,13795.06,3311.63,8.81,11603.0,2353.25,0.0
2025-08-26 22:00:00+00:00,42006.55,24538.02,14819.75,2641.02,7.75,11927.75,2132.75,0.0
2025-08-26 23:00:00+00:00,40768.09,24575.45,14548.72,1637.26,6.67,12104.0,1812.0,0.0
2025-08-27 00:00:00+00:00,39703.73,24590.5,13639.86,1466.87,6.5,11756.75,1528.75,0.0
2025-08-27 01:00:00+00:00,39723.8,25194.79,12885.16,1635.62,8.23,10883.5,1318.75,0.0
2025-08-27 02:00:00+00:00,41026.85,27769.25,11762.41,1487.13,8.06,9878.0,1128.5,0.0
2025-08-27 03:00:00+00:00,44180.69,32518.14,10591.55,1061.55,9.45,9165.5,985.5,0.0
2025-08-27 04:00:00+00:00,50866.41,39749.43,10426.82,467.53,222.62,8884.25,925.75,295.5
2025-08-27 05:00:00+00:00,55472.03,42479.36,9590.39,466.49,2935.79,8419.5,987.5,3449.5
2025-08-27 06:00:00+00:00,58305.63,41142.22,7016.01,940.89,9206.51,6910.75,1193.25,10497.75
2025-08-27 07:00:00+00:00,60024.3,35034.71,4952.97,1104.54,18932.08,5051.5,1451.0,19284.0
2025-08-27 08:00:00+00:00,59989.64,25320.5,4617.9,1262.99,28788.25,4428.75,1649.75,27747.5
2025-08-27 09:00:00+00:00,59810.3,17432.82,5845.74,1625.2,34906.53,4790.25,1763.5,34036.0
2025-08-27 10:00:00+00:00,58898.32,12456.31,6664.38,2117.47,37660.17,5409.25,1822.25,37377.5
2025-08-27 11:00:00+00:00,58697.58,10978.54,7199.74,2378.65,38140.65,5861.25,1785.5,37445.5
2025-08-27 12:00:00+00:00,57513.46,11949.37,7355.12,2656.18,35552.79,6042.75,1643.5,34754.0
2025-08-27 13:00:00+00:00,56904.62,15478.27,7412.75,3014.55,30999.06,5902.5,1468.5,30193.25
2025-08-27 14:00:00+00:00,56445.11,23980.03,6841.52,2565.52,23058.05,5422.25,1257.0,23537.5
2025-08-27 15:00:00+00:00,56438.76,34498.62,5894.64,1808.11,14237.38,4637.0,1034.0,15442.0
2025-08-27 16:00:00+00:00,57347.54,45246.28,4328.24,1268.04,6504.98,3817.25,816.75,7375.25
2025-08-27 17:00:00+00:00,57394.49,50842.78,3812.44,1095.87,1643.4,3572.25,646.25,1848.5
2025-08-27 18:00:00+00:00,55849.63,51120.85,3975.42,667.55,85.81,4006.25,528.0,55.75
2025-08-27 19:00:00+00:00,53203.1,47496.15,5292.21,373.62,41.12,4266.75,492.75,0.0
2025-08-27 20:00:00+00:00,49452.75,42675.09,6471.01,296.25,10.4,4484.0,543.5,0.0
2025-08-27 21:00:00+00:00,46479.43,39389.96,6672.94,405.96,10.56,4620.0,676.25,0.0
2025-08-27 22:00:00+00:00,44074.97,37750.38,5697.7,617.98,8.91,4341.5,935.0,0.0
2025-08-27 23:00:00+00:00,42274.87,36703.12,4746.07,819.66,6.02,4293.75,1242.25,0.0
2025-08-28 00:00:00+00:00,41359.72,36047.61,4419.0,886.18,6.93,4364.5,1438.25,0.0
2025-08-28 01:00:00+00:00,40897.96,36034.0,3821.28,1036.98,5.7,4287.25,1456.25,0.0
2025-08-28 02:00:00+00:00,42228.49,37068.86,3742.13,1411.74,5.76,4201.25,1328.25,0.0
2025-08-28 03:00:00+00:00,45564.06,40380.83,4112.54,1059.85,10.83,4134.25,1175.75,0.0
2025-08-28 04:00:00+00:00,51945.48,46555.26,4316.54,853.2,220.48,3936.5,1067.5,271.75
2025-08-28 05:00:00+00:00,56597.7,48791.89,4462.51,1053.6,2289.69,3604.75,943.5,2670.5
2025-08-28 06:00:00+00:00,59370.67,48329.63,4355.67,895.04,5790.34,3181.5,806.0,7078.0
2025-08-28 07:00:00+00:00,60556.08,45702.41,3767.12,661.57,10424.98,2503.5,725.5,11673.0
2025-08-28 08:00:00+00:00,61909.2,43591.09,3013.02,741.58,14563.51,1971.25,671.5,15207.5
2025-08-28 09:00:00+00:00,62410.76,41370.02,2777.5,905.38,17357.86,1854.0,606.5,17150.5
2025-08-28 10:00:00+00:00,62448.87,40447.84,3169.61,749.33,18082.09,2164.5,530.25,17865.0
2025-08-28 11:00:00+00:00,60768.19,39478.73,3413.07,542.34,17334.05,2591.25,459.5,17271.25
2025-08-28 12:00:00+00:00,59088.21,38755.64,3604.98,433.71,16293.89,3002.75,438.5,15584.75
2025-08-28 13:00:00+00:00,57533.08,38039.42,4276.72,393.32,14823.63,3545.75,464.25,13452.5
2025-08-28 14:00:00+00:00,56563.69,39616.13,4868.57,504.8,11574.18,4250.75,500.25,10687.5
2025-08-28 15:00:00+00:00,57569.74,43864.21,5429.79,364.63,7911.11,4662.0,540.25,7306.0
2025-08-28 16:00:00+00:00,57674.99,47745.34,5167.89,272.11,4489.64,4613.0,618.0,3828.75
2025-08-28 17:00:00+00:00,56539.62,50245.98,4624.8,298.59,1370.25,4718.5,744.75,1066.5
2025-08-28 18:00:00+00:00,55634.89,50742.82,4361.84,416.0,114.23,5119.0,876.25,47.0
2025-08-28 19:00:00+00:00,52982.39,47598.26,4932.3,434.04,17.79,5423.25,1004.5,0.0
2025-08-28 20:00:00+00:00,48984.55,44204.11,4173.32,600.05,7.06,5858.75,1154.25,0.0
2025-08-28 21:00:00+00:00,45479.01,40357.03,4079.37,1027.63,14.98,6197.25,1296.5,0.0
2025-08-28 22:00:00+00:00,43013.46,37566.8,4150.01,1290.14,6.51,5686.75,1200.25,0.0
2025-08-28 23:00:00+00:00,41822.2,36472.9,4109.07,1231.66,8.57,5718.25,1252.25,0.0
2025-08-29 00:00:00+00:00,40922.01,35262.0,4256.55,1397.28,6.18,5888.75,1340.5,0.0
2025-08-29 01:00:00+00:00,41272.43,35132.39,4364.84,1768.86,6.34,6074.0,1491.5,0.0
2025-08-29 02:00:00+00:00,42320.65,35360.44,4753.53,2195.12,11.56,6286.0,1683.25,0.0
2025-08-29 03:00:00+00:00,45136.62,37445.12,5116.07,2561.1,14.33,6367.5,1957.75,0.0
2025-08-29 04:00:00+00:00,51297.78,42846.48,5733.59,2580.22,137.5,6261.5,2213.0,170.5
2025-08-29 05:00:00+00:00,55528.2,44809.12,6283.48,2480.57,1955.03,5902.0,2361.75,2355.25
2025-08-29 06:00:00+00:00,58733.72,43078.73,5485.51,2753.63,7415.85,5075.5,2373.25,7682.5
2025-08-29 07:00:00+00:00,59993.16,38143.71,3875.85,2336.4,15637.2,3921.75,2208.25,14954.75
2025-08-29 08:00:00+00:00,59666.4,29454.77,3286.35,2026.43,24898.86,3785.0,1932.5,22068.5
2025-08-29 09:00:00+00:00,58892.34,21374.84,4245.72,1466.07,31805.71,4630.0,1674.75,27463.5
2025-08-29 10:00:00+00:00,57210.18,15748.32,5942.56,1167.12,34352.17,5693.75,1493.75,30582.0
2025-08-29 11:00:00+00:00,55720.78,12925.23,6316.48,1058.03,35421.04,6477.0,1319.25,31218.75
2025-08-29 12:00:00+00:00,53943.13,12243.57,6313.01,911.16,34475.39,6899.0,1083.0,29814.5
2025-08-29 13:00:00+00:00,52504.25,14996.55,6639.93,649.65,30218.13,6985.0,804.5,26599.0
2025-08-29 14:00:00+00:00,52587.95,21630.26,7301.18,471.63,23184.88,6945.25,633.5,21098.25
2025-08-29 15:00:00+00:00,53297.19,29511.85,8075.87,475.07,15234.4,6951.25,636.5,14048.25
2025-08-29 16:00:00+00:00,54083.69,37581.82,8124.32,962.09,7415.46,6956.75,789.5,6701.25
2025-08-29 17:00:00+00:00,53784.68,41949.7,8293.97,1902.55,1638.47,7515.0,1011.75,1562.75
2025-08-29 18:00:00+00:00,52283.94,39544.09,9767.73,2897.9,74.23,9035.75,1270.5,40.0
2025-08-29 19:00:00+00:00,49614.34,35330.42,11257.77,2992.14,34.01,10353.75,1618.75,0.0
2025-08-29 20:00:00+00:00,46303.46,32258.1,11367.45,2662.74,15.17,11123.5,1979.75,0.0
2025-08-29 21:00:00+00:00,43355.18,30245.01,10996.02,2090.0,24.14,11568.75,2255.5,0.0
2025-08-29 22:00:00+00:00,40597.72,27704.6,11142.11,1738.7,12.3,11037.5,3064.5,0.0
2025-08-29 23:00:00+00:00,38727.22,25962.72,10776.12,1978.73,9.65,10687.5,3085.0,0.0
2025-08-30 00:00:00+00:00,37702.96,25056.45,10379.83,2257.69,8.99,10434.0,3071.5,0.0
2025-08-30 01:00:00+00:00,37382.78,25289.41,9659.06,2427.54,6.78,9965.0,3088.0,0.0
2025-08-30 02:00:00+00:00,37546.35,26149.31,9124.25,2264.67,8.11,9441.0,3147.75,0.0
2025-08-30 03:00:00+00:00,38333.88,27144.33,8865.13,2314.56,9.85,9006.25,3277.5,0.0
2025-08-30 04:00:00+00:00,40440.7,28772.38,9222.93,2323.23,122.16,8742.5,3416.75,253.0
2025-08-30 05:00:00+00:00,42318.72,29017.04,8805.33,2096.52,2399.83,8398.25,3516.0,3279.75
2025-08-30 06:00:00+00:00,45473.96,27485.38,7641.9,2175.94,8170.75,8059.0,3536.5,9653.5
2025-08-30 07:00:00+00:00,47678.2,21904.85,7065.22,2474.85,16233.28,8102.0,3497.5,17102.5
2025-08-30 08:00:00+00:00,48965.05,14627.71,7465.36,2531.04,24340.95,8069.0,3428.25,24014.0
2025-08-30 09:00:00+00:00,49116.17,6426.93,8467.76,2522.6,31698.88,7945.75,3259.25,29568.25
2025-08-30 10:00:00+00:00,47523.47,319.76,9390.17,2176.3,35637.25,7979.0,3033.25,32671.0
2025-08-30 11:00:00+00:00,45859.81,-2179.99,9987.21,2544.75,35507.84,7863.5,2807.5,33350.25
2025-08-30 12:00:00+00:00,44471.0,-1113.96,9811.89,2204.82,33568.25,7796.5,2608.0,32503.25
2025-08-30 13:00:00+00:00,43893.34,3401.52,9119.07,1513.8,29858.95,7623.25,2470.25,30258.25
2025-08-30 14:00:00+00:00,43463.89,7869.76,8769.29,1238.16,25586.67,7350.5,2285.5,25547.0
2025-08-30 15:00:00+00:00,44522.93,17813.43,7330.12,1052.76,18326.61,6412.25,2009.5,17877.0
2025-08-30 16:00:00+00:00,46039.73,30784.76,5321.35,809.42,9124.2,4987.0,1674.5,8550.75
2025-08-30 17:00:00+00:00,46711.38,40488.68,3682.32,598.53,1941.85,3919.0,1362.0,1916.0
2025-08-30 18:00:00+00:00,46239.6,42055.48,3409.51,652.38,122.24,3981.5,1180.0,38.5
2025-08-30 19:00:00+00:00,44162.44,38758.3,4572.53,776.71,54.91,4547.75,1238.75,0.0
2025-08-30 20:00:00+00:00,41797.85,34222.51,6312.72,1250.66,11.96,5692.75,1495.5,0.0
2025-08-30 21:00:00+00:00,39353.95,29338.16,7972.75,2034.73,8.31,6974.25,1837.25,0.0
2025-08-30 22:00:00+00:00,36715.62,24804.18,8972.4,2919.91,19.14,8095.0,2700.25,0.0
2025-08-30 23:00:00+00:00,35232.78,21887.37,10178.17,3156.73,10.51,9150.25,3288.75,0.0
2025-08-31 00:00:00+00:00,34374.58,19637.23,10934.6,3792.46,10.29,10058.25,3783.75,0.0
2025-08-31 01:00:00+00:00,34107.28,18412.05,11541.94,4144.72,8.56,10542.75,4088.25,0.0
2025-08-31 02:00:00+00:00,34125.2,18115.68,11714.82,4286.76,7.95,10793.75,4244.0,0.0
2025-08-31 03:00:00+00:00,34963.09,18906.45,11718.18,4320.62,17.84,10959.75,4343.0,0.0
2025-08-31 04:00:00+00:00,35760.33,19630.6,11971.8,3873.05,284.88,11234.0,4418.0,297.0
2025-08-31 05:00:00+00:00,37335.72,16556.04,11929.68,4323.87,4526.13,11062.0,4468.25,4483.75
2025-08-31 06:00:00+00:00,40412.72,12102.54,10084.08,4033.29,14192.81,9880.25,4419.75,13870.5
2025-08-31 07:00:00+00:00,43344.9,7041.86,7593.0,4033.64,24676.4,8085.5,4300.25,23543.25
2025-08-31 08:00:00+00:00,44723.55,3887.62,6537.6,3276.58,31021.74,7059.25,4078.5,30886.25
2025-08-31 09:00:00+00:00,45176.32,-733.48,7047.21,2861.55,36001.05,6554.5,3728.75,35223.0
2025-08-31 10:00:00+00:00,44076.18,-2281.21,6780.84,2444.97,37131.57,6275.25,3258.25,36436.25
2025-08-31 11:00:00+00:00,42328.56,-2241.25,5872.26,2041.21,36656.34,5927.75,2657.25,35598.5
2025-08-31 12:00:00+00:00,41443.97,-714.3,5560.13,1616.22,34981.92,5611.0,2077.25,33410.5
2025-08-31 13:00:00+00:00,40983.26,2355.6,4737.07,1168.36,32722.23,5327.5,1605.25,29785.5
2025-08-31 14:00:00+00:00,41220.25,9236.26,4266.31,870.85,26846.84,4856.75,1227.25,24035.75
2025-08-31 15:00:00+00:00,42733.45,18681.93,4363.71,1043.43,18644.38,4050.5,965.5,15674.75
2025-08-31 16:00:00+00:00,45435.42,31495.22,4069.57,1480.55,8390.07,3534.0,822.5,6914.75
2025-08-31 17:00:00+00:00,46818.59,39765.05,3633.47,1938.16,1481.91,3805.75,798.75,1433.25
2025-08-31 18:00:00+00:00,47113.88,40187.73,4463.08,2378.53,84.55,4946.5,909.0,26.5
2025-08-31 19:00:00+00:00,45512.38,35533.76,6785.52,3161.25,31.85,6201.25,1163.75,0.0
2025-08-31 20:00:00+00:00,43718.88,30427.92,9044.68,4238.74,7.54,7670.75,1526.75,0.0
2025-08-31 21:00:00+00:00,42139.15,26081.38,11265.31,4784.68,7.78,8910.0,1916.25,0.0
2025-08-31 22:00:00+00:00,40347.5,22748.87,12816.63,4774.56,7.45,11008.0,3389.75,0.0
2025-08-31 23:00:00+00:00,39390.17,22456.03,13216.96,3709.63,7.56,11483.5,2924.25,0.0
2025-09-01 00:00:00+00:00,38319.5,23335.42,12600.11,2375.4,8.57,11758.25,2297.25,0.0
2025-09-01 01:00:00+00:00,38021.29,23906.56,12616.76,1490.0,7.98,11577.0,1739.25,0.0
2025-09-01 02:00:00+00:00,38707.67,25066.46,12868.32,765.38,7.52,11356.75,1320.0,0.0
2025-09-01 03:00:00+00:00,42282.44,28726.65,12977.42,569.39,8.98,11342.75,1025.75,0.0
2025-09-01 04:00:00+00:00,50102.42,35918.94,13354.83,551.22,277.44,11581.25,879.75,249.75
2025-09-01 05:00:00+00:00,55315.82,37951.68,12969.34,645.84,3748.95,11291.5,852.0,3832.0
2025-09-01 06:00:00+00:00,58443.75,36835.78,9860.9,720.31,11026.76,9644.75,906.5,11616.25
2025-09-01 07:00:00+00:00,59116.41,35851.16,6335.62,451.87,16477.77,7654.0,965.0,19333.5
2025-09-01 08:00:00+00:00,59711.85,33596.73,5366.9,444.55,20303.66,6802.5,996.5,25151.5
2025-09-01 09:00:00+00:00,60466.62,31705.18,5640.68,568.36,22552.4,7036.0,1031.5,29138.5
2025-09-01 10:00:00+00:00,59519.62,27478.57,6399.37,869.88,24771.8,6990.5,1088.0,31197.0
2025-09-01 11:00:00+00:00,57623.41,24168.27,6553.45,1026.22,25875.46,6580.25,1202.0,31114.0
2025-09-01 12:00:00+00:00,57198.59,24794.52,6070.84,1115.39,25217.84,6081.25,1344.75,29191.25
2025-09-01 13:00:00+00:00,57130.18,27372.1,5966.35,2186.45,21605.28,5441.25,1465.0,25265.5
2025-09-01 14:00:00+00:00,56519.41,32110.87,5284.01,2558.69,16565.84,4856.5,1560.5,19216.75
2025-09-01 15:00:00+00:00,56918.24,39294.18,4497.62,2209.1,10917.35,4253.5,1646.75,12083.5
2025-09-01 16:00:00+00:00,57164.42,46640.05,3431.6,1917.49,5175.28,3755.25,1701.0,5436.0
2025-09-01 17:00:00+00:00,57565.77,51761.53,2538.56,2046.59,1219.09,3762.25,1715.5,1125.5
2025-09-01 18:00:00+00:00,56763.41,51673.9,2838.91,2142.64,107.96,4173.0,1692.75,23.75
2025-09-01 19:00:00+00:00,53457.03,47116.26,4252.6,2074.04,14.13,4314.75,1684.5,0.0
2025-09-01 20:00:00+00:00,49009.05,41419.62,5407.05,2175.25,7.13,4469.25,1765.5,0.0
2025-09-01 21:00:00+00:00,44877.3,36807.62,5993.39,2070.39,5.9,4610.5,1847.5,0.0
2025-09-01 22:00:00+00:00,42918.51,34656.95,6362.26,1892.17,7.14,5032.0,2134.5,0.0
2025-09-01 23:00:00+00:00,41449.61,33777.76,6075.0,1590.8,6.06,5048.0,2059.75,0.0
2025-09-02 00:00:00+00:00,40410.31,33483.99,5483.42,1437.0,5.89,5181.25,1934.0,0.0
2025-09-02 01:00:00+00:00,40353.6,33819.77,5296.28,1231.64,5.91,5084.25,1786.75,0.0
2025-09-02 02:00:00+00:00,41438.96,35081.51,5310.58,1040.9,5.98,4909.25,1565.75,0.0
2025-09-02 03:00:00+00:00,45331.29,38789.08,5548.28,987.59,6.34,4765.75,1364.5,0.0
2025-09-02 04:00:00+00:00,52403.29,45457.58,5914.13,969.91,61.67,4743.25,1272.75,102.25
2025-09-02 05:00:00+00:00,56468.03,47416.01,6325.79,1078.76,1647.47,4673.0,1275.5,1913.25
2025-09-02 06:00:00+00:00,59412.64,46663.58,5322.52,1246.94,6179.61,4176.5,1382.5,6449.25
2025-09-02 07:00:00+00:00,60310.17,42020.78,4214.42,1550.36,12524.61,3486.0,1480.5,12143.5
2025-09-02 08:00:00+00:00,60994.35,35433.38,4325.1,2316.25,18919.62,3358.5,1536.25,17555.25
2025-09-02 09:00:00+00:00,60978.74,29013.76,5062.68,2556.64,24345.66,3683.75,1543.25,21618.5
2025-09-02 10:00:00+00:00,59559.75,23115.14,5925.75,2669.62,27849.24,4036.5,1514.0,24343.0
2025-09-02 11:00:00+00:00,58193.01,19857.03,6526.17,2714.25,29095.57,4380.0,1478.0,26112.25
2025-09-02 12:00:00+00:00,56616.95,17396.82,7040.06,2968.55,29211.53,4782.25,1436.5,26357.25
2025-09-02 13:00:00+00:00,55933.72,18679.35,7264.3,2500.69,27489.38,4972.5,1387.5,24777.75
2025-09-02 14:00:00+00:00,54686.41,22214.92,7004.37,1794.74,23672.37,4810.75,1292.25,21060.25
2025-09-02 15:00:00+00:00,55511.44,31170.36,6736.95,1397.98,16206.15,4393.25,1061.0,14822.25
2025-09-02 16:00:00+00:00,56281.59,41401.06,6612.86,989.39,7278.28,3830.0,756.75,7093.25
2025-09-02 17:00:00+00:00,56535.11,49003.43,5621.58,576.79,1333.31,3658.75,536.25,1499.0
2025-09-02 18:00:00+00:00,56018.6,49409.0,5877.6,621.24,110.76,4511.0,447.25,27.75
2025-09-02 19:00:00+00:00,53247.01,44517.34,7983.8,724.95,20.93,5858.25,504.5,0.0
2025-09-02 20:00:00+00:00,49674.43,38817.28,9780.09,1063.38,13.68,7537.75,770.0,0.0
2025-09-02 21:00:00+00:00,46549.91,33715.15,10651.96,2171.42,11.39,9278.5,1217.0,0.0
2025-09-02 22:00:00+00:00,43322.05,29381.0,11586.73,2342.57,11.75,12416.5,2232.25,0.0
2025-09-02 23:00:00+00:00,41741.03,25503.6,13103.03,3122.08,12.32,13998.0,2862.5,0.0
2025-09-03 00:00:00+00:00,40852.3,23551.73,14355.9,2936.76,7.91,15176.0,3328.25,0.0
2025-09-03 01:00:00+00:00,41376.06,21894.12,16126.77,3346.84,8.33,16019.0,3669.0,0.0
2025-09-03 02:00:00+00:00,42090.74,21010.78,17479.41,3592.92,7.62,16810.5,3999.0,0.0
2025-09-03 03:00:00+00:00,45760.7,23322.79,18280.34,4148.83,8.76,17505.75,4242.0,0.0
2025-09-03 04:00:00+00:00,53002.16,29071.25,19304.8,4444.66,181.46,18270.75,4445.5,214.75
2025-09-03 05:00:00+00:00,56833.53,29084.36,19528.51,4588.87,3631.79,18478.75,4581.0,3879.25
2025-09-03 06:00:00+00:00,59356.94,24763.57,17795.7,4685.71,12111.97,17459.0,4606.25,12136.5
2025-09-03 07:00:00+00:00,59692.94,15640.93,16879.78,4485.86,22686.36,17038.25,4547.5,21320.75
2025-09-03 08:00:00+00:00,60837.48,9290.32,17748.66,3608.25,30190.24,18706.75,4456.5,28557.75
2025-09-03 09:00:00+00:00,61308.33,5420.73,19419.55,2907.78,33560.27,21193.0,4299.0,33028.25
2025-09-03 10:00:00+00:00,60551.73,4372.35,20170.96,3085.14,32923.29,22542.75,4127.5,34366.0
2025-09-03 11:00:00+00:00,58912.13,3245.71,20530.55,3047.75,32088.11,23273.75,4027.0,33489.0
2025-09-03 12:00:00+00:00,58330.61,5059.62,19832.81,3134.77,30303.41,23891.25,4003.5,31161.5
2025-09-03 13:00:00+00:00,58439.22,6717.22,19980.14,3354.48,28387.38,24012.0,4040.75,27642.25
2025-09-03 14:00:00+00:00,58146.41,10105.68,21193.86,4018.13,22828.74,24309.0,4136.5,22445.0
2025-09-03 15:00:00+00:00,58316.68,12865.22,24658.25,5192.74,15600.47,23792.25,4337.75,15127.0
2025-09-03 16:00:00+00:00,59567.69,22293.67,23583.51,6485.17,7205.33,22592.25,4535.75,6867.5
2025-09-03 17:00:00+00:00,59315.35,29930.6,22349.35,5716.48,1318.92,22258.25,4655.25,1356.5
2025-09-03 18:00:00+00:00,58568.77,28711.53,24013.48,5763.35,80.4,23704.25,4740.5,19.0
2025-09-03 19:00:00+00:00,55684.47,22766.63,26660.16,6244.77,12.91,25253.25,4873.5,0.0
2025-09-03 20:00:00+00:00,51599.53,19156.95,27000.9,5431.86,9.81,25335.25,5025.5,0.0
2025-09-03 21:00:00+00:00,48180.79,15142.94,27541.93,5486.59,9.32,25196.0,5123.75,0.0
2025-09-03 22:00:00+00:00,46128.16,13910.55,27300.77,4907.57,9.27,26085.5,5120.5,0.0
2025-09-03 23:00:00+00:00,44536.77,13879.56,25687.54,4960.63,9.04,25206.75,5195.25,0.0
2025-09-04 00:00:00+00:00,43662.27,14305.01,24080.29,5268.96,8.01,24024.25,5372.0,0.0
2025-09-04 01:00:00+00:00,43312.7,15403.27,22709.06,5191.55,8.81,22654.5,5546.25,0.0
2025-09-04 02:00:00+00:00,44034.24,17793.15,21113.32,5117.63,10.15,21178.0,5522.75,0.0
2025-09-04 03:00:00+00:00,47020.56,22004.15,19512.08,5492.86,11.47,19625.25,5412.75,0.0
2025-09-04 04:00:00+00:00,54385.1,30031.49,18925.01,5246.27,182.33,18285.0,5249.5,190.25
2025-09-04 05:00:00+00:00,58431.03,33528.72,16532.76,4969.05,3400.49,16202.75,5075.25,3884.75
2025-09-04 06:00:00+00:00,60686.0,30821.52,13561.06,4797.07,11506.35,13539.75,4867.75,12482.75
2025-09-04 07:00:00+00:00,61012.84,22834.5,11230.72,4645.49,22302.13,11837.75,4546.5,22103.5
2025-09-04 08:00:00+00:00,60564.27,14063.95,10591.64,4045.37,31863.31,10980.25,4124.75,29718.0
2025-09-04 09:00:00+00:00,59959.19,9537.14,10319.22,3613.63,36489.2,10289.0,3761.5,34334.75
2025-09-04 10:00:00+00:00,59273.72,8769.14,10742.26,3102.64,36659.68,10050.5,3388.0,35667.75
2025-09-04 11:00:00+00:00,58664.44,9223.8,10710.11,3068.4,35662.13,10013.75,2975.25,34391.0
2025-09-04 12:00:00+00:00,57648.19,12723.19,10262.6,2343.83,32318.57,9851.75,2497.75,31170.0
2025-09-04 13:00:00+00:00,56718.95,17597.82,10398.89,1878.36,26843.88,9042.75,1916.0,26344.75
2025-09-04 14:00:00+00:00,56165.68,26532.18,9008.57,1361.19,19263.74,7705.0,1353.0,19991.5
2025-09-04 15:00:00+00:00,57336.9,38657.6,6482.15,785.75,11411.4,5943.75,937.0,12482.0
2025-09-04 16:00:00+00:00,57307.29,47404.69,4910.07,691.05,4301.47,4421.5,765.25,5444.75
2025-09-04 17:00:00+00:00,56918.81,51130.84,4493.7,633.72,660.55,3967.5,834.0,992.0
2025-09-04 18:00:00+00:00,56306.86,50062.72,4995.03,1167.26,81.85,4404.5,1130.75,15.75
2025-09-04 19:00:00+00:00,52970.5,44705.21,5910.65,2333.6,21.04,4804.25,1449.0,0.0
2025-09-04 20:00:00+00:00,49601.57,39408.88,6917.02,3265.78,9.89,5565.25,1687.5,0.0
2025-09-04 21:00:00+00:00,45778.89,36253.33,7146.76,2372.02,6.77,6534.5,1856.0,0.0
2025-09-04 22:00:00+00:00,44086.41,33942.31,7352.7,2784.47,6.92,7019.25,2083.5,0.0
2025-09-04 23:00:00+00:00,42763.97,31528.19,8385.27,2844.53,5.99,7162.5,2226.25,0.0
2025-09-05 00:00:00+00:00,41850.3,30228.63,9051.85,2564.44,5.38,7325.5,2253.0,0.0
2025-09-05 01:00:00+00:00,42266.11,30044.29,9801.82,2414.01,5.98,7367.5,2184.25,0.0
2025-09-05 02:00:00+00:00,42663.62,30581.16,9748.39,2327.85,6.22,7529.0,2094.75,0.0
2025-09-05 03:00:00+00:00,45301.7,33927.67,9266.09,2101.07,6.87,7699.25,1980.0,0.0
2025-09-05 04:00:00+00:00,52191.99,40717.81,9187.28,2204.78,82.12,7747.0,1832.75,96.5
2025-09-05 05:00:00+00:00,56494.46,43647.86,8886.63,2192.53,1767.45,7773.5,1783.25,1842.25
2025-09-05 06:00:00+00:00,59885.25,43295.61,7834.24,2530.93,6224.48,7560.25,1763.75,6212.0
2025-09-05 07:00:00+00:00,60642.6,38977.46,7198.67,2514.57,11951.91,7521.5,1742.5,11770.75
2025-09-05 08:00:00+00:00,61676.63,33016.57,8164.6,2514.79,17980.67,7953.0,1760.75,16767.0
2025-09-05 09:00:00+00:00,60780.93,25605.82,9171.2,2435.18,23568.73,8477.25,1755.0,20903.5
2025-09-05 10:00:00+00:00,59504.17,22060.36,9885.74,2095.18,25462.89,8797.75,1697.5,23776.5
2025-09-05 11:00:00+00:00,57561.53,19887.02,9676.66,1696.0,26301.85,9010.75,1654.5,24909.25
2025-09-05 12:00:00+00:00,55599.59,18649.05,9474.02,1534.9,25941.63,9199.0,1583.0,24974.25
2025-09-05 13:00:00+00:00,54082.09,19035.97,9465.81,1388.05,24192.26,8966.75,1452.0,23492.0
2025-09-05 14:00:00+00:00,53936.29,23263.03,8727.27,1379.51,20566.49,8224.5,1345.5,19638.0
2025-09-05 15:00:00+00:00,54421.88,31430.18,7038.58,1631.54,14321.57,7146.0,1311.5,13400.0
2025-09-05 16:00:00+00:00,54726.54,41130.28,5098.66,1854.81,6642.79,5844.0,1280.0,6193.0
2025-09-05 17:00:00+00:00,54127.4,47512.33,3669.78,1731.3,1213.99,4930.0,1229.5,1197.0
2025-09-05 18:00:00+00:00,53486.29,48704.7,3163.6,1549.26,68.72,4852.0,1223.5,13.75
2025-09-05 19:00:00+00:00,50160.19,45251.74,3496.45,1367.2,44.8,4726.75,1135.25,0.0
2025-09-05 20:00:00+00:00,46740.83,41747.32,3758.19,1222.14,13.19,4728.25,1008.75,0.0
2025-09-05 21:00:00+00:00,43508.41,38935.65,3599.97,959.64,13.16,4566.25,879.75,0.0
2025-09-05 22:00:00+00:00,40935.81,36856.77,3287.93,783.24,7.87,3182.75,672.75,0.0
2025-09-05 23:00:00+00:00,39148.92,35765.41,2718.73,656.85,7.94,2745.5,569.5,0.0
2025-09-06 00:00:00+00:00,37939.67,35326.29,2081.45,524.13,7.8,2447.0,496.5,0.0
2025-09-06 01:00:00+00:00,37302.02,35286.06,1615.92,392.27,7.77,2215.25,428.5,0.0
2025-09-06 02:00:00+00:00,37334.96,35466.04,1461.73,400.37,6.83,2028.75,378.5,0.0
2025-09-06 03:00:00+00:00,38248.57,36409.73,1464.91,365.71,8.23,1816.5,333.0,0.0
2025-09-06 04:00:00+00:00,40333.27,38304.96,1636.78,308.53,82.99,1616.0,288.25,142.0
2025-09-06 05:00:00+00:00,42198.48,36950.54,1745.82,262.0,3240.12,1445.5,251.0,3640.5
2025-09-06 06:00:00+00:00,45383.07,30948.07,1408.07,234.42,12792.5,1173.75,214.25,12817.75
2025-09-06 07:00:00+00:00,47588.89,21638.8,837.38,199.73,24912.97,810.5,189.25,24389.0
2025-09-06 08:00:00+00:00,48316.07,12066.97,592.2,242.85,35414.06,645.75,173.5,34524.5
2025-09-06 09:00:00+00:00,47556.08,4270.12,733.8,185.63,42366.52,689.5,166.75,40973.25
2025-09-06 10:00:00+00:00,45811.44,-448.31,879.93,158.74,45221.07,811.0,161.75,43731.5
2025-09-06 11:00:00+00:00,44127.53,-2672.02,979.47,108.7,45711.38,927.0,149.5,43810.25
2025-09-06 12:00:00+00:00,42970.28,-1555.38,1128.52,114.37,43282.78,1042.5,132.25,41830.75
2025-09-06 13:00:00+00:00,42404.47,2302.03,1385.78,131.69,38584.97,1182.0,129.75,37638.0
2025-09-06 14:00:00+00:00,42995.68,10187.79,1665.35,175.97,30966.57,1380.0,143.5,30052.75
2025-09-06 15:00:00+00:00,44608.79,22835.45,1841.13,282.73,19649.48,1639.0,197.0,19068.5
2025-09-06 16:00:00+00:00,46300.19,36080.07,2089.72,519.64,7610.77,2091.75,311.0,7698.0
2025-09-06 17:00:00+00:00,46769.47,42029.04,2929.01,737.6,1073.82,3211.0,503.5,1261.0
2025-09-06 18:00:00+00:00,46332.27,40302.44,4963.5,1001.77,64.56,5181.5,767.0,12.0
2025-09-06 19:00:00+00:00,43536.03,33138.58,8903.7,1466.13,27.62,7184.75,1053.0,0.0
2025-09-06 20:00:00+00:00,41123.58,27880.81,11529.13,1703.2,10.43,8911.5,1361.0,0.0
2025-09-06 21:00:00+00:00,38403.44,23286.42,13014.72,2091.56,10.74,10146.5,1712.75,0.0
2025-09-06 22:00:00+00:00,36144.38,20209.8,13277.7,2633.86,23.02,10082.0,1974.25,0.0
2025-09-06 23:00:00+00:00,35054.88,18967.65,13069.94,3001.8,15.49,10349.75,2356.0,0.0
2025-09-07 00:00:00+00:00,33932.41,17943.69,12679.8,3298.04,10.87,10430.75,2680.0,0.0
2025-09-07 01:00:00+00:00,33614.82,17584.92,12511.92,3509.51,8.48,10396.5,2906.25,0.0
2025-09-07 02:00:00+00:00,33658.22,17752.3,12566.39,3328.6,10.93,10544.75,3078.25,0.0
2025-09-07 03:00:00+00:00,34281.05,17817.44,13045.75,3402.74,15.12,11014.0,3257.0,0.0
2025-09-07 04:00:00+00:00,35004.5,17469.96,14188.37,3204.07,142.1,11846.0,3485.5,157.75
2025-09-07 05:00:00+00:00,36788.46,15452.62,14519.71,3219.15,3596.98,12216.5,3654.5,3987.25
2025-09-07 06:00:00+00:00,39967.4,11003.58,12638.38,3339.03,12986.41,11365.25,3752.5,13790.5
2025-09-07 07:00:00+00:00,42799.2,7492.18,8289.2,2770.92,24246.91,8774.25,2346.0,25538.25
2025-09-07 08:00:00+00:00,43815.27,1031.68,6866.27,2357.39,33559.93,6977.75,2424.75,35622.0
2025-09-07 09:00:00+00:00,44131.7,-2850.54,6736.49,1618.49,38627.27,7313.75,2478.5,42256.5
2025-09-07 10:00:00+00:00,43304.52,-4562.85,5501.93,1458.48,40906.96,7815.75,2288.25,44961.5
2025-09-07 11:00:00+00:00,41307.96,-4702.86,4230.73,1511.5,40268.58,7729.75,2334.5,44863.25
2025-09-07 12:00:00+00:00,40124.24,-4153.69,4232.39,1636.82,38408.73,7802.75,2405.0,42345.0
2025-09-07 13:00:00+00:00,39664.26,-3703.89,6687.62,1944.42,34736.11,8245.25,2803.0,37384.5
2025-09-07 14:00:00+00:00,40123.02,-1249.76,10130.7,2803.04,28439.04,9208.75,2974.5,29541.0
2025-09-07 15:00:00+00:00,42507.92,4774.58,13102.56,5128.55,19502.22,10355.75,5090.75,18433.75
2025-09-07 16:00:00+00:00,45169.2,17546.9,13688.34,6003.5,7930.46,11573.25,5340.5,7309.75
2025-09-07 17:00:00+00:00,46818.13,24908.26,14611.76,6230.14,1067.96,14276.75,5485.0,1159.75
2025-09-07 18:00:00+00:00,47828.63,22581.01,18949.92,6278.8,18.91,17214.0,5534.75,9.25
2025-09-07 19:00:00+00:00,46249.0,18877.46,21450.11,5912.62,8.81,18487.75,5550.0,0.0
2025-09-07 20:00:00+00:00,44333.18,17818.24,20932.34,5575.9,6.71,18140.75,5546.0,0.0
2025-09-07 21:00:00+00:00,41400.42,16241.43,19755.87,5396.48,6.64,17367.5,5544.0,0.0
2025-09-07 22:00:00+00:00,39816.92,16247.25,18080.66,5482.13,6.89,16423.5,5245.0,0.0
2025-09-07 23:00:00+00:00,38374.58,16505.05,16412.2,5451.48,5.85,15243.75,5322.75,0.0
2025-09-08 00:00:00+00:00,37476.81,17057.08,14959.53,5453.34,6.85,14021.5,5381.75,0.0
2025-09-08 01:00:00+00:00,37678.98,18342.88,13949.0,5381.53,5.58,12941.75,5394.75,0.0
2025-09-08 02:00:00+00:00,38881.76,20175.15,13074.51,5626.32,5.78,12143.75,5383.0,0.0
2025-09-08 03:00:00+00:00,43345.78,25570.05,12260.39,5506.77,8.57,11594.25,5292.75,0.0
2025-09-08 04:00:00+00:00,51669.24,34111.42,11855.88,5567.64,134.3,11235.75,5123.0,131.25
2025-09-08 05:00:00+00:00,55744.58,37394.76,10314.6,4556.66,3478.56,10438.0,4854.0,3532.5
2025-09-08 06:00:00+00:00,59201.47,35697.41,7617.73,3998.1,11888.23,8726.0,4410.5,11959.5
2025-09-08 07:00:00+00:00,60627.82,31375.04,4683.84,3258.52,21310.43,6294.0,3831.0,21297.5
2025-09-08 08:00:00+00:00,61330.95,25632.66,4526.5,2629.99,28541.8,4868.25,3193.5,28660.25
2025-09-08 09:00:00+00:00,60773.53,21554.36,5431.55,1503.06,32284.56,4799.75,2655.25,32969.5
2025-09-08 10:00:00+00:00,60061.12,21259.91,5408.35,685.42,32707.44,4851.0,2123.25,34405.5
2025-09-08 11:00:00+00:00,58853.03,23173.79,4666.1,523.85,30489.29,4394.75,1724.25,33587.5
2025-09-08 12:00:00+00:00,58177.85,27199.66,3702.9,438.75,26836.54,3735.75,1449.25,30574.5
2025-09-08 13:00:00+00:00,57670.4,32339.57,2653.26,402.95,22274.62,3109.5,1240.0,25853.5
2025-09-08 14:00:00+00:00,57360.66,38267.9,1982.79,534.79,16575.18,2676.75,1016.0,19672.75
2025-09-08 15:00:00+00:00,57646.16,45779.97,1590.41,487.34,9788.43,2480.25,820.0,12191.25
2025-09-08 16:00:00+00:00,57443.59,51268.99,1853.68,447.16,3873.76,2649.25,649.0,4934.25
2025-09-08 17:00:00+00:00,56790.91,53536.32,2248.46,432.72,573.41,3424.75,550.5,733.25
2025-09-08 18:00:00+00:00,55875.22,52491.14,2799.24,527.65,57.19,4323.25,505.0,7.5
2025-09-08 19:00:00+00:00,53000.14,49004.66,3488.55,493.64,13.29,4452.5,493.25,0.0
2025-09-08 20:00:00+00:00,48834.29,44806.91,3506.16,512.77,8.44,4121.75,474.75,0.0
2025-09-08 21:00:00+00:00,45609.26,42117.62,3040.16,444.72,6.76,3530.5,422.25,0.0
2025-09-08 22:00:00+00:00,43332.75,40279.74,2688.73,357.55,6.72,2927.25,311.25,0.0
2025-09-08 23:00:00+00:00,41509.09,38971.55,2314.26,216.95,6.34,2680.75,258.25,0.0
2025-09-09 00:00:00+00:00,40619.53,38272.65,2181.0,157.75,8.14,2802.75,221.0,0.0
2025-09-09 01:00:00+00:00,40781.02,38532.55,2131.45,110.11,6.9,2891.5,199.5,0.0
2025-09-09 02:00:00+00:00,41770.48,39328.22,2366.11,69.32,6.84,2961.0,194.75,0.0
2025-09-09 03:00:00+00:00,45184.66,42221.04,2823.52,132.68,7.41,3192.0,204.5,0.0
2025-09-09 04:00:00+00:00,52741.99,49014.09,3412.6,218.05,97.26,3634.25,225.75,96.0
2025-09-09 05:00:00+00:00,57035.6,49434.63,4803.91,380.21,2416.85,3983.25,253.5,2514.0
2025-09-09 06:00:00+00:00,60107.48,47081.44,5136.4,578.4,7311.23,3842.5,282.5,8522.0
2025-09-09 07:00:00+00:00,61822.48,44445.2,4263.37,805.95,12307.96,3294.5,305.25,15056.75
2025-09-09 08:00:00+00:00,61965.14,41409.87,3438.96,745.74,16370.57,2903.5,348.0,20311.0
2025-09-09 09:00:00+00:00,62841.72,38990.52,2782.18,819.05,20249.97,3151.0,410.0,23443.5
2025-09-09 10:00:00+00:00,62083.67,36098.19,3080.57,948.98,21955.93,3563.0,473.75,24998.75
2025-09-09 11:00:00+00:00,60679.64,34565.46,3642.69,762.06,21709.43,3859.75,556.25,25018.25
2025-09-09 12:00:00+00:00,59626.04,35845.73,3377.71,768.25,19634.34,4131.25,686.75,23352.75
2025-09-09 13:00:00+00:00,59639.62,38878.41,3288.05,944.8,16528.36,4273.5,856.25,20466.5
2025-09-09 14:00:00+00:00,58712.09,40757.66,3551.52,1550.31,12852.61,4333.25,1095.5,16096.5
2025-09-09 15:00:00+00:00,58840.99,45271.51,3553.78,1955.13,8060.57,4394.75,1499.0,10404.75
2025-09-09 16:00:00+00:00,58748.63,50063.85,3248.63,2009.82,3426.33,4444.5,1887.75,4418.0
2025-09-09 17:00:00+00:00,58389.43,52676.84,3076.92,2120.82,514.84,4786.75,2169.5,652.0
2025-09-09 18:00:00+00:00,57909.03,52248.16,3582.17,2032.85,45.85,5124.5,2264.0,6.25
2025-09-09 19:00:00+00:00,54313.14,48097.12,4527.81,1676.34,11.87,4850.0,2103.75,0.0
2025-09-09 20:00:00+00:00,49893.61,44053.91,4318.49,1512.92,8.29,4597.75,1914.0,0.0
2025-09-09 21:00:00+00:00,46657.36,40998.03,3991.34,1658.37,9.62,4428.0,1823.75,0.0
2025-09-09 22:00:00+00:00,44390.93,39445.32,2999.9,1940.56,5.15,4426.0,1786.25,0.0
2025-09-09 23:00:00+00:00,42927.13,38543.73,2483.9,1894.39,5.11,3781.5,1729.75,0.0
2025-09-10 00:00:00+00:00,41787.24,38185.62,1939.17,1657.13,5.31,3201.5,1547.25,0.0
2025-09-10 01:00:00+00:00,41413.24,38424.77,1591.86,1391.01,5.59,2833.0,1387.0,0.0
2025-09-10 02:00:00+00:00,42472.23,39575.3,1628.33,1262.95,5.65,2692.25,1271.75,0.0
2025-09-10 03:00:00+00:00,45815.37,42968.13,1623.08,1216.21,7.96,2677.5,1174.75,0.0
2025-09-10 04:00:00+00:00,53179.66,50338.88,1617.7,1168.88,54.21,2637.75,1102.5,67.25
2025-09-10 05:00:00+00:00,57603.56,53071.69,1722.61,1150.39,1658.87,2432.5,1046.75,2033.75
2025-09-10 06:00:00+00:00,60509.52,52098.42,1390.74,1095.3,5925.06,1924.75,974.75,7259.25
2025-09-10 07:00:00+00:00,61345.32,48448.71,783.96,796.54,11316.11,1338.0,898.75,13857.5
2025-09-10 08:00:00+00:00,62524.87,45459.71,645.54,715.41,15704.21,1027.5,815.75,19839.0
2025-09-10 09:00:00+00:00,63033.65,42795.4,645.97,908.63,18683.65,1009.25,736.5,24297.25
2025-09-10 10:00:00+00:00,62502.35,39932.12,924.47,896.77,20748.99,1166.75,716.0,26955.75
2025-09-10 11:00:00+00:00,61005.48,37518.62,1334.76,938.73,21213.36,1402.5,744.75,27273.5
2025-09-10 12:00:00+00:00,59479.56,36484.45,1720.24,1047.94,20226.93,1590.25,796.75,25587.0
2025-09-10 13:00:00+00:00,58375.77,36938.47,2006.0,1280.98,18150.32,1757.0,851.25,22142.5
2025-09-10 14:00:00+00:00,57251.85,39335.1,2210.81,1154.69,14551.25,1889.25,916.5,17008.5
2025-09-10 15:00:00+00:00,57948.36,44801.88,2137.08,1268.96,9740.44,1858.75,1018.75,10707.75
2025-09-10 16:00:00+00:00,58508.08,50737.04,2022.49,1460.08,4288.46,1909.5,1185.25,4430.75
2025-09-10 17:00:00+00:00,58230.61,53673.22,2355.41,1548.4,653.59,2337.75,1469.5,629.0
2025-09-10 18:00:00+00:00,57602.48,51942.8,3465.98,2139.92,53.79,3188.75,1896.25,6.25
2025-09-10 19:00:00+00:00,53443.22,45088.3,5903.06,2440.27,11.59,4208.5,2438.75,0.0
2025-09-10 20:00:00+00:00,49607.5,38454.25,8304.72,2836.37,12.16,5607.25,3015.5,0.0
2025-09-10 21:00:00+00:00,45137.07,32344.26,10037.54,2748.06,7.22,7033.75,3507.25,0.0
2025-09-10 22:00:00+00:00,42835.15,27471.7,11241.96,4112.69,8.8,8868.75,4005.25,0.0
2025-09-10 23:00:00+00:00,41504.27,24794.12,11765.01,4936.63,8.52,10042.75,4467.5,0.0
2025-09-11 00:00:00+00:00,40467.29,22974.61,12540.6,4943.73,8.35,10954.5,4867.0,0.0
2025-09-11 01:00:00+00:00,40530.58,22234.41,13562.55,4724.77,8.85,11554.25,5113.75,0.0
2025-09-11 02:00:00+00:00,41861.57,23445.28,13853.96,4554.01,8.33,12134.75,5196.25,0.0
2025-09-11 03:00:00+00:00,46039.17,26900.89,14694.49,4435.64,8.14,12783.25,5290.75,0.0
2025-09-11 04:00:00+00:00,53865.26,32458.47,16036.74,5324.31,45.74,13633.75,5451.5,56.0
2025-09-11 05:00:00+00:00,58073.01,34299.44,16679.78,5181.43,1912.36,14248.75,5526.75,2274.0
2025-09-11 06:00:00+00:00,60402.52,31121.42,16672.54,4963.06,7645.51,14081.25,5351.5,8368.5
2025-09-11 07:00:00+00:00,61274.19,24182.4,16602.17,5158.27,15331.34,13900.75,4880.5,16086.5
2025-09-11 08:00:00+00:00,61528.52,15689.71,18168.7,4928.59,22741.53,15372.75,4511.75,22786.25
2025-09-11 09:00:00+00:00,61831.05,7583.03,21271.72,4698.25,28278.05,18243.5,4262.25,27511.75
2025-09-11 10:00:00+00:00,60776.46,5742.83,21646.25,4204.65,29182.73,20411.5,4153.75,30559.25
2025-09-11 11:00:00+00:00,59333.78,3386.41,22937.27,4266.82,28743.29,21963.0,4204.75,31425.75
2025-09-11 12:00:00+00:00,57770.46,4522.69,23299.82,3886.25,26061.7,23147.25,4234.25,29968.0
2025-09-11 13:00:00+00:00,56122.82,5494.98,23163.49,3955.14,23509.21,23084.5,4215.75,26163.25
2025-09-11 14:00:00+00:00,55757.07,9416.44,23759.59,4568.08,18012.95,22180.75,4348.25,20214.5
2025-09-11 15:00:00+00:00,57140.4,20044.78,21397.77,4475.45,11222.4,20103.0,4646.5,12598.5
2025-09-11 16:00:00+00:00,57451.53,29130.69,19204.88,4731.61,4384.36,17424.5,4860.0,4927.0
2025-09-11 17:00:00+00:00,58090.58,34057.65,18780.22,4754.99,497.73,15967.25,5076.0,623.75
2025-09-11 18:00:00+00:00,57270.24,33257.81,18618.63,5308.76,85.03,16364.25,5311.0,0.0
2025-09-11 19:00:00+00:00,53508.33,26320.22,21242.03,5905.14,40.93,17719.25,5468.5,0.0
2025-09-11 20:00:00+00:00,49430.16,22192.15,22004.76,5218.2,15.04,18942.5,5572.0,0.0
2025-09-11 21:00:00+00:00,47288.15,17822.8,23596.57,5858.72,10.06,20310.75,5638.25,0.0
2025-09-11 22:00:00+00:00,44688.57,14832.14,24236.49,5610.32,9.61,22767.0,5469.75,0.0
2025-09-11 23:00:00+00:00,42609.83,13900.46,23941.39,4757.47,10.51,22949.25,5530.25,0.0
2025-09-12 00:00:00+00:00,41616.27,12820.31,23630.85,5155.0,10.12,22738.25,5577.75,0.0
2025-09-12 01:00:00+00:00,42282.83,13925.53,23292.76,5054.01,10.53,22390.75,5709.0,0.0
2025-09-12 02:00:00+00:00,42954.21,15060.62,23121.6,4760.38,11.61,22008.0,5599.0,0.0
2025-09-12 03:00:00+00:00,46283.74,18557.12,22807.01,4908.29,11.32,21626.5,5603.25,0.0
2025-09-12 04:00:00+00:00,53557.59,25266.0,22264.82,5953.42,73.36,21812.75,5734.25,53.25
2025-09-12 05:00:00+00:00,57709.75,28675.21,21074.01,5706.85,2253.68,21207.75,5920.25,2456.75
2025-09-12 06:00:00+00:00,60471.4,26600.39,19861.21,5099.92,8909.89,19703.0,5731.0,9400.25
2025-09-12 07:00:00+00:00,61039.55,19247.77,19998.36,4494.11,17299.31,20278.25,5496.5,17970.5
2025-09-12 08:00:00+00:00,61545.65,9906.01,22845.56,4719.8,24074.28,22381.25,5363.5,25483.0
2025-09-12 09:00:00+00:00,61852.11,7791.79,22732.33,4151.15,27176.84,22246.75,3222.25,30880.0
2025-09-12 10:00:00+00:00,60265.69,5835.57,21572.92,3150.77,29706.43,21976.25,3185.75,34099.0
2025-09-12 11:00:00+00:00,57174.9,3739.76,20818.85,2362.77,30253.52,21917.0,3207.5,34426.75
2025-09-12 12:00:00+00:00,55676.89,3193.46,20583.77,2831.97,29067.69,21657.0,3135.5,32918.75
2025-09-12 13:00:00+00:00,54163.4,4059.59,20226.0,3676.93,26200.87,20945.0,2877.75,29670.25
2025-09-12 14:00:00+00:00,53603.53,7930.14,19886.22,4066.88,21720.29,19874.75,2892.5,23679.5
2025-09-12 15:00:00+00:00,55104.67,16551.66,18995.3,5752.15,13805.57,17588.25,5253.25,14809.5
2025-09-12 16:00:00+00:00,55967.67,30836.52,14609.44,5555.44,4966.27,13772.5,5315.5,5473.5
2025-09-12 17:00:00+00:00,56022.27,38468.46,11528.08,5482.64,543.09,11331.25,5303.25,642.25
2025-09-12 18:00:00+00:00,54790.73,37118.41,12429.69,5176.29,66.33,11069.25,5148.75,0.25
2025-09-12 19:00:00+00:00,50898.44,32022.73,13742.26,5102.47,30.98,11718.25,5032.25,0.0
2025-09-12 20:00:00+00:00,47697.99,28521.96,14008.6,5129.36,38.08,12829.0,5027.75,0.0
2025-09-12 21:00:00+00:00,44802.3,24156.74,15465.23,5165.81,14.53,13849.0,5138.75,0.0
2025-09-12 22:00:00+00:00,41234.22,18454.95,17006.35,5758.79,14.13,15777.0,5600.75,0.0
2025-09-12 23:00:00+00:00,39338.73,15992.86,18032.52,5301.95,11.4,16175.0,5636.0,0.0
2025-09-13 00:00:00+00:00,38821.69,15455.35,17617.56,5738.22,10.57,16150.75,5593.75,0.0
2025-09-13 01:00:00+00:00,38619.54,16226.48,16772.85,5610.03,10.18,15781.5,5605.75,0.0
2025-09-13 02:00:00+00:00,38145.33,15869.21,16426.15,5840.16,9.81,15330.0,5689.75,0.0
2025-09-13 03:00:00+00:00,38888.82,16742.19,16533.84,5603.48,9.3,15041.75,5717.0,0.0
2025-09-13 04:00:00+00:00,41036.71,17938.09,17139.97,5918.84,39.82,15169.25,5683.25,40.75
2025-09-13 05:00:00+00:00,43049.73,17668.69,17517.53,6180.31,1683.2,14970.0,5672.5,1944.5
2025-09-13 06:00:00+00:00,46206.97,15692.68,16519.47,6449.87,7544.94,14147.5,5732.0,7184.25
2025-09-13 07:00:00+00:00,49253.27,14077.56,12903.83,6109.57,16162.3,12345.25,5832.75,13957.5
2025-09-13 08:00:00+00:00,50866.07,9925.68,10074.17,4960.96,25905.26,11220.5,5803.0,20663.75
2025-09-13 09:00:00+00:00,51297.6,3670.2,10184.08,4633.77,32809.55,12127.25,5820.25,25953.0
2025-09-13 10:00:00+00:00,50071.81,-328.46,10514.95,4888.68,34996.64,13825.5,5677.0,29475.25
2025-09-13 11:00:00+00:00,48000.96,-2551.2,12541.88,4784.67,33225.61,14944.25,5558.25,30393.25
2025-09-13 12:00:00+00:00,46378.32,-3471.99,14864.03,4888.28,30098.0,15809.5,5482.75,28522.0
2025-09-13 13:00:00+00:00,45885.46,878.21,14435.54,4989.26,25582.44,15780.0,5405.0,24634.75
2025-09-13 14:00:00+00:00,46070.36,5992.19,14720.09,4799.59,20558.49,14916.25,5338.75,18428.0
2025-09-13 15:00:00+00:00,47369.67,15150.75,15254.26,4898.76,12065.91,13261.0,5258.75,10702.5
2025-09-13 16:00:00+00:00,49152.77,26966.66,13236.95,4953.88,3995.29,11774.25,5038.0,3786.25
2025-09-13 17:00:00+00:00,48367.78,31044.2,12741.08,4229.68,352.82,11691.5,4774.25,381.5
2025-09-13 18:00:00+00:00,47890.05,30401.6,14234.73,3171.96,81.76,12313.5,4512.0,0.0
2025-09-13 19:00:00+00:00,44899.71,26181.7,14879.76,3811.88,26.38,12825.5,4275.5,0.0
2025-09-13 20:00:00+00:00,42620.81,24323.61,14660.27,3625.49,11.43,12920.25,4031.5,0.0
2025-09-13 21:00:00+00:00,40449.31,22755.92,14411.01,3270.33,12.06,12729.25,3718.0,0.0
2025-09-13 22:00:00+00:00,37881.14,20468.34,13765.7,3636.6,10.5,12791.5,3599.75,0.0
2025-09-13 23:00:00+00:00,36133.15,20385.63,13397.42,2339.98,10.12,12205.25,3171.5,0.0
2025-09-14 00:00:00+00:00,35243.74,20107.1,12862.12,2266.7,7.81,11526.5,2772.25,0.0
2025-09-14 01:00:00+00:00,34794.4,20646.11,11724.12,2414.72,9.45,10737.5,2397.25,0.0
2025-09-14 02:00:00+00:00,34468.52,21005.48,11083.12,2371.27,8.65,9909.0,2049.0,0.0
2025-09-14 03:00:00+00:00,35294.33,22788.24,10441.73,2057.02,7.33,9277.75,1724.75,0.0
2025-09-14 04:00:00+00:00,36244.22,24165.11,10158.46,1904.36,16.29,8930.5,1504.75,18.0
2025-09-14 05:00:00+00:00,38116.05,25313.73,10010.5,2044.69,747.14,8676.25,1410.25,1189.75
2025-09-14 06:00:00+00:00,41089.63,25421.23,9441.64,1679.1,4547.65,8383.0,1378.0,5369.5
2025-09-14 07:00:00+00:00,43680.71,22465.39,8735.88,1433.88,11045.57,7975.0,1405.25,11971.75
2025-09-14 08:00:00+00:00,45710.03,17162.64,8518.98,1502.6,18525.81,7661.25,1380.0,19528.75
2025-09-14 09:00:00+00:00,46874.12,10753.96,8362.22,1226.05,26531.89,7544.25,1373.5,26512.0
2025-09-14 10:00:00+00:00,45943.99,3568.03,9087.18,1077.57,32211.21,7765.75,1357.25,31433.75
2025-09-14 11:00:00+00:00,43790.67,-1764.08,9585.6,1302.07,34667.08,8131.5,1391.0,33821.75
2025-09-14 12:00:00+00:00,42096.1,-3778.68,9527.24,2014.2,34333.33,8604.5,1545.0,33660.25
2025-09-14 13:00:00+00:00,41291.62,-735.46,9396.53,1325.79,31304.76,8754.5,1855.25,30407.25
2025-09-14 14:00:00+00:00,41713.9,6682.46,8775.59,1672.11,24583.75,8410.0,2092.75,23734.75
2025-09-14 15:00:00+00:00,43992.0,20142.42,7198.7,2127.75,14523.14,7285.5,2133.75,14376.75
2025-09-14 16:00:00+00:00,46352.85,34690.5,5573.81,1715.55,4373.0,5753.25,2167.25,4872.5
2025-09-14 17:00:00+00:00,47643.47,40437.23,4823.12,2049.74,333.38,5657.75,2390.25,424.75
2025-09-14 18:00:00+00:00,47356.02,37809.71,6669.1,2815.71,61.51,7214.25,2852.25,0.0
2025-09-14 19:00:00+00:00,45225.98,30989.38,10667.32,3549.29,19.99,9829.25,3571.25,0.0
2025-09-14 20:00:00+00:00,43160.73,23572.44,15421.23,4144.26,22.8,13365.5,4491.75,0.0
2025-09-14 21:00:00+00:00,41282.42,16018.33,19817.68,5428.58,17.83,17322.5,5455.75,0.0
2025-09-14 22:00:00+00:00,39929.32,11321.56,22519.94,6074.05,13.77,21480.75,5936.75,0.0
2025-09-14 23:00:00+00:00,38799.54,7420.78,24988.16,6377.01,13.59,24997.0,5997.75,0.0
2025-09-15 00:00:00+00:00,38516.2,5021.83,26982.89,6497.79,13.69,27806.0,5881.5,0.0
2025-09-15 01:00:00+00:00,38542.01,3618.06,28904.2,6005.84,13.9,30397.75,5657.5,0.0
2025-09-15 02:00:00+00:00,39914.39,3572.32,30427.63,5901.68,12.77,32533.0,5550.25,0.0
2025-09-15 03:00:00+00:00,44694.89,6342.81,32528.15,5810.46,13.46,33926.25,5593.0,0.0
2025-09-15 04:00:00+00:00,54155.78,12935.81,34678.49,6515.79,25.69,35484.5,5728.0,18.5
2025-09-15 05:00:00+00:00,59318.43,16212.34,35385.53,6678.31,1042.25,35997.25,5827.25,1486.25
2025-09-15 06:00:00+00:00,62284.28,15510.31,34780.28,6096.28,5897.41,35990.25,5692.75,6660.5
2025-09-15 07:00:00+00:00,62488.11,7983.11,35011.27,5492.93,14000.81,36034.25,5554.75,14705.5
2025-09-15 08:00:00+00:00,62534.55,5303.54,31767.49,4522.89,20940.63,36103.5,3801.25,22763.5
2025-09-15 09:00:00+00:00,62135.92,-917.58,32043.04,3584.14,27426.32,36574.75,3663.75,28850.75
2025-09-15 10:00:00+00:00,60680.76,-2652.25,30722.06,2585.36,30025.6,37173.0,3545.75,32567.0
2025-09-15 11:00:00+00:00,58680.94,-3982.2,28940.65,2788.09,30934.4,37170.75,3450.0,33895.0
2025-09-15 12:00:00+00:00,56642.09,-3668.11,28440.4,1777.36,30092.44,37367.0,3374.75,32381.0
2025-09-15 13:00:00+00:00,55839.91,-3569.91,29938.23,2510.03,26961.57,37448.0,3289.25,28271.5
2025-09-15 14:00:00+00:00,55783.95,1609.44,30224.88,2950.81,20998.82,37482.5,3286.0,21801.75
2025-09-15 15:00:00+00:00,57679.67,6317.92,34020.27,4551.96,12789.52,37588.75,3379.75,13220.0
2025-09-15 16:00:00+00:00,59455.72,16092.55,34326.57,4693.11,4343.5,36821.25,4914.25,4623.25
2025-09-15 17:00:00+00:00,59880.56,20512.65,33871.57,5140.9,355.43,35813.75,4945.75,405.0
2025-09-15 18:00:00+00:00,59226.22,19198.87,34799.31,5154.6,73.44,35901.75,4998.5,0.0
2025-09-15 19:00:00+00:00,55467.03,13585.33,36794.98,5050.51,36.22,37345.75,5033.25,0.0
2025-09-15 20:00:00+00:00,51746.49,9289.59,36890.43,5551.88,14.59,38250.75,5085.25,0.0
2025-09-15 21:00:00+00:00,48293.61,4149.8,38396.24,5736.11,11.45,39736.0,5108.0,0.0
2025-09-15 22:00:00+00:00,45786.77,2784.85,37387.26,5603.54,11.13,40849.0,3601.25,0.0
2025-09-15 23:00:00+00:00,43649.02,887.74,38063.62,4686.64,11.02,40879.0,3704.75,0.0
2025-09-16 00:00:00+00:00,42497.28,1014.08,36880.45,4596.28,6.47,41218.5,3691.75,0.0
2025-09-16 01:00:00+00:00,42920.75,1850.39,36668.42,4395.38,6.56,41739.25,3664.25,0.0
2025-09-16 02:00:00+00:00,44194.88,2590.75,37235.2,4362.56,6.37,42203.5,3647.0,0.0
2025-09-16 03:00:00+00:00,48858.7,4645.51,39834.94,4370.02,8.23,42466.75,3683.0,0.0
2025-09-16 04:00:00+00:00,56926.05,8971.39,42635.44,5293.4,25.83,43657.5,5164.0,23.5
2025-09-16 05:00:00+00:00,60912.44,13616.1,40611.47,5197.49,1487.39,44172.0,5297.5,1956.0
2025-09-16 06:00:00+00:00,63773.72,11342.97,39870.78,5662.95,6897.01,43725.25,5417.75,8299.75
2025-09-16 07:00:00+00:00,64270.57,5203.32,38842.72,6051.42,14173.1,43540.5,3807.25,16486.5
2025-09-16 08:00:00+00:00,64363.48,3349.59,35956.06,4849.58,20208.26,43157.0,3764.5,23667.0
2025-09-16 09:00:00+00:00,63332.03,2684.93,33491.58,3735.83,23419.7,41919.0,3711.0,28447.75
2025-09-16 10:00:00+00:00,61135.81,1388.61,31846.3,2916.0,24984.89,40603.25,3642.25,30788.75
2025-09-16 11:00:00+00:00,59970.11,-1341.04,32731.73,2649.55,25929.88,40166.5,3700.75,30821.0
2025-09-16 12:00:00+00:00,58143.34,-1375.13,32271.14,2861.07,24386.26,40154.25,3795.0,28625.25
2025-09-16 13:00:00+00:00,56998.62,2071.45,30462.73,3423.9,21040.53,39548.25,3950.75,24613.0
2025-09-16 14:00:00+00:00,57706.64,4339.36,31993.62,4831.25,16542.41,38456.0,4053.5,18862.75
2025-09-16 15:00:00+00:00,60066.81,9751.05,33273.53,6829.72,10212.52,36919.75,6006.25,11355.75
2025-09-16 16:00:00+00:00,60163.34,20353.78,30519.82,6073.14,3216.61,34734.0,6135.0,3901.75
2025-09-16 17:00:00+00:00,61276.26,24425.3,30284.55,6384.68,181.73,32302.25,6282.5,301.0
2025-09-16 18:00:00+00:00,58407.97,22352.53,29762.38,6262.94,30.12,30515.25,6346.5,0.0
2025-09-16 19:00:00+00:00,51489.15,15669.0,29946.99,5853.57,19.59,29896.5,6398.5,0.0
2025-09-16 20:00:00+00:00,47562.67,13525.82,28279.29,5742.65,14.9,29023.75,6462.5,0.0
2025-09-16 21:00:00+00:00,44447.04,10945.99,27574.07,5912.57,14.42,28702.75,6430.75,0.0
2025-09-16 22:00:00+00:00,42994.05,9689.94,26622.26,6669.27,12.58,27162.75,6363.25,0.0
2025-09-16 23:00:00+00:00,43213.91,10288.15,26075.46,6838.26,12.05,26837.75,6303.5,0.0
2025-09-17 00:00:00+00:00,42793.83,10529.43,25602.71,6653.98,7.71,26246.25,6256.5,0.0
2025-09-17 01:00:00+00:00,42714.47,11656.44,24786.02,6263.7,8.32,25517.25,6243.25,0.0
2025-09-17 02:00:00+00:00,43664.16,13782.7,24048.58,5824.07,8.81,24751.0,6284.0,0.0
2025-09-17 03:00:00+00:00,47077.75,17607.54,23351.24,6109.74,9.23,24061.25,6295.75,0.0
2025-09-17 04:00:00+00:00,55599.74,25364.34,23220.21,6980.25,34.94,23721.75,6282.25,18.75
2025-09-17 05:00:00+00:00,60160.33,29239.81,22064.93,7075.06,1780.53,22846.75,6297.75,2002.5
2025-09-17 06:00:00+00:00,61897.97,26448.4,20212.93,6677.55,8559.09,21504.5,6289.75,8584.5
2025-09-17 07:00:00+00:00,62995.14,20814.0,18781.93,6027.23,17371.99,20555.0,6135.25,16342.0
2025-09-17 08:00:00+00:00,62540.72,14549.01,18453.56,5328.17,24209.97,20940.75,5898.75,21996.25
2025-09-17 09:00:00+00:00,62125.18,10222.08,19420.64,5134.24,27348.22,22052.75,5508.25,24915.5
2025-09-17 10:00:00+00:00,60414.52,7518.11,20174.68,5224.36,27497.37,22602.5,5247.75,26441.75
2025-09-17 11:00:00+00:00,59129.41,8978.14,20521.56,4688.29,24941.41,22651.0,5070.75,26440.25
2025-09-17 12:00:00+00:00,57597.4,8756.47,21757.49,4618.3,22465.14,22719.5,4958.25,24942.0
2025-09-17 13:00:00+00:00,57310.68,12010.57,21047.81,4854.01,19398.29,22100.25,4919.25,21556.0
2025-09-17 14:00:00+00:00,57816.55,17260.44,19583.77,5656.29,15316.05,20924.75,5151.0,15993.75
2025-09-17 15:00:00+00:00,59877.63,27401.92,17746.58,5734.49,8994.64,18979.25,5568.5,9220.5
2025-09-17 16:00:00+00:00,60553.02,35588.56,15897.88,6248.87,2817.71,16834.25,6123.25,3038.75
2025-09-17 17:00:00+00:00,60229.77,39099.33,14987.43,5929.7,213.3,16321.75,6522.75,183.5
2025-09-17 18:00:00+00:00,59890.35,36627.31,16653.14,6558.21,51.69,17211.75,6773.0,0.0
2025-09-17 19:00:00+00:00,55638.79,29838.67,19611.58,6173.46,15.07,18745.0,6834.5,0.0
2025-09-17 20:00:00+00:00,51076.94,22550.99,21957.24,6556.74,11.97,20041.0,6704.0,0.0
2025-09-17 21:00:00+00:00,47517.61,16941.02,24266.98,6302.23,7.38,20922.25,6517.75,0.0
2025-09-17 22:00:00+00:00,44587.48,12342.07,25381.48,6856.13,7.8,22987.25,6294.5,0.0
2025-09-17 23:00:00+00:00,42897.25,10232.54,25912.24,6745.03,7.44,23221.75,6068.75,0.0
2025-09-18 00:00:00+00:00,41784.5,9949.92,25515.39,6311.83,7.36,23221.5,5944.75,0.0
2025-09-18 01:00:00+00:00,42098.49,10916.32,24847.31,6327.41,7.45,23068.0,5899.25,0.0
2025-09-18 02:00:00+00:00,43531.39,12426.62,24723.38,6373.99,7.4,22743.75,5906.5,0.0
2025-09-18 03:00:00+00:00,47814.9,17019.32,23988.69,6798.88,8.02,22372.25,5924.25,0.0
2025-09-18 04:00:00+00:00,55743.94,24275.96,24448.03,7002.73,17.23,21989.0,5909.25,12.0
2025-09-18 05:00:00+00:00,60157.78,28038.07,23829.06,7010.73,1279.93,20958.25,5881.75,1723.25
2025-09-18 06:00:00+00:00,62340.98,25487.89,22752.51,6664.78,7435.79,19761.75,5874.5,8135.75
2025-09-18 07:00:00+00:00,62553.19,18611.57,21154.71,6627.97,16158.94,18388.75,5947.5,16710.0
2025-09-18 08:00:00+00:00,62558.17,11713.74,20382.24,6360.17,24102.03,17411.5,5919.5,24768.75
2025-09-18 09:00:00+00:00,62069.3,6677.04,19986.85,5851.02,29554.4,17877.75,5924.0,30709.25
2025-09-18 10:00:00+00:00,61329.29,2184.0,20082.21,5772.36,33290.73,18895.0,5772.0,33891.5
2025-09-18 11:00:00+00:00,59490.64,768.73,18824.91,5188.07,34708.94,19660.5,5690.5,34554.5
2025-09-18 12:00:00+00:00,58126.71,1870.68,18317.71,5069.08,32869.24,20054.25,5710.75,33012.25
2025-09-18 13:00:00+00:00,56999.85,4060.48,18864.04,5088.51,28986.82,19665.75,5819.25,28952.25
2025-09-18 14:00:00+00:00,57256.9,10627.87,18739.32,5924.63,21965.08,18664.5,5970.0,22103.75
2025-09-18 15:00:00+00:00,58748.25,19947.74,19224.69,6611.28,12964.54,17221.25,6318.0,12843.5
2025-09-18 16:00:00+00:00,59809.93,32350.78,17814.31,5905.88,3738.97,16101.5,6479.25,3949.75
2025-09-18 17:00:00+00:00,60873.98,37036.12,18211.06,5428.36,198.44,16383.0,6559.25,226.0
2025-09-18 18:00:00+00:00,59459.62,34814.53,19691.85,4917.66,35.59,17002.5,6587.0,0.0
2025-09-18 19:00:00+00:00,55846.12,30444.39,20453.24,4938.6,9.9,17601.75,6480.0,0.0
2025-09-18 20:00:00+00:00,51557.8,26960.42,19615.55,4972.98,8.84,17818.5,6416.75,0.0
2025-09-18 21:00:00+00:00,48303.98,23387.32,19492.14,5417.19,7.33,17965.0,6371.75,0.0
2025-09-18 22:00:00+00:00,45382.46,20468.41,19385.87,5520.7,7.48,19419.0,6406.0,0.0
2025-09-18 23:00:00+00:00,43689.87,19776.23,18389.5,5516.79,7.35,18757.25,6389.25,0.0
2025-09-19 00:00:00+00:00,42646.22,20222.93,17157.55,5258.29,7.45,17811.5,6326.0,0.0
2025-09-19 01:00:00+00:00,42544.17,21530.26,15473.24,5532.98,7.68,16644.5,6320.75,0.0
2025-09-19 02:00:00+00:00,43549.4,23480.32,14086.39,5975.02,7.67,15385.0,6034.0,0.0
2025-09-19 03:00:00+00:00,47647.38,28831.33,12949.71,5858.11,8.23,14321.25,5853.75,0.0
2025-09-19 04:00:00+00:00,55566.29,37731.06,12447.5,5342.39,45.34,13497.5,5733.25,11.5
2025-09-19 05:00:00+00:00,59817.1,41115.38,11942.64,4944.38,1814.7,12173.5,5477.0,2297.5
2025-09-19 06:00:00+00:00,62402.85,37723.58,10315.82,4731.11,9632.33,10634.25,5177.25,10781.25
2025-09-19 07:00:00+00:00,62760.28,28743.65,8418.98,4865.0,20732.65,8577.0,4890.25,21975.25
2025-09-19 08:00:00+00:00,62211.28,18761.8,7482.54,5384.48,30582.45,7555.75,4829.25,31929.0
2025-09-19 09:00:00+00:00,61086.83,11587.07,6865.47,5258.42,37375.87,7278.5,4940.25,38829.5
2025-09-19 10:00:00+00:00,59535.83,5525.78,6406.24,5440.38,42163.42,6977.0,5016.25,42771.25
2025-09-19 11:00:00+00:00,57321.36,4283.23,5308.7,4204.68,43524.75,6600.75,4955.25,43876.0
2025-09-19 12:00:00+00:00,55718.13,4813.36,4915.9,4165.58,41823.3,6203.25,4676.25,41891.75
2025-09-19 13:00:00+00:00,54671.4,8956.07,4976.85,4141.91,36596.57,5513.25,4176.75,36378.75
2025-09-19 14:00:00+00:00,54275.18,18384.55,4607.05,3579.23,27704.35,4770.5,3589.5,27422.25
2025-09-19 15:00:00+00:00,55315.66,32649.51,4308.02,2710.49,15647.63,4184.75,3056.0,15522.25
2025-09-19 16:00:00+00:00,55949.58,45077.87,4270.34,2174.81,4426.56,4559.25,2603.75,4489.0
2025-09-19 17:00:00+00:00,56181.72,47947.91,6065.3,1931.15,237.35,6524.75,2331.75,228.5
2025-09-19 18:00:00+00:00,54514.6,43430.03,9011.08,1998.2,75.29,9245.0,2396.0,0.0
2025-09-19 19:00:00+00:00,51075.53,34916.45,13373.02,2767.87,18.19,11886.5,2780.75,0.0
2025-09-19 20:00:00+00:00,47436.32,26991.72,16739.39,3695.11,10.09,14151.75,3238.5,0.0
2025-09-19 21:00:00+00:00,44505.36,20749.96,19428.79,4319.73,6.88,15872.75,3436.0,0.0
2025-09-19 22:00:00+00:00,41621.17,16094.79,21260.02,4256.56,9.79,18587.5,4011.75,0.0
2025-09-19 23:00:00+00:00,40198.15,14104.21,21404.45,4683.16,6.33,19068.75,4012.5,0.0
2025-09-20 00:00:00+00:00,39219.69,13709.67,20863.6,4641.35,5.07,18850.5,3953.25,0.0
2025-09-20 01:00:00+00:00,38172.14,13683.23,20481.0,4002.47,5.44,18401.75,3926.0,0.0
2025-09-20 02:00:00+00:00,37829.6,13797.5,19772.86,4253.72,5.52,17805.25,4008.25,0.0
2025-09-20 03:00:00+00:00,38461.2,14172.57,19718.36,4563.9,6.37,17281.75,4106.75,0.0
2025-09-20 04:00:00+00:00,40438.05,15569.41,20161.35,4683.63,23.67,17156.5,4203.75,12.75
2025-09-20 05:00:00+00:00,42566.01,16136.37,19759.71,4705.74,1964.18,16625.0,4201.25,2304.25
2025-09-20 06:00:00+00:00,46521.18,12851.73,18176.84,4549.97,10942.64,15247.0,4209.0,10938.5
2025-09-20 07:00:00+00:00,49484.5,8358.14,13638.42,4720.3,22767.64,11968.5,4166.75,22483.25
2025-09-20 08:00:00+00:00,50470.09,4312.56,9059.54,4481.55,32616.44,8608.75,4084.0,32650.5
2025-09-20 09:00:00+00:00,49881.84,463.47,6590.59,4017.19,38810.6,6896.0,3917.5,39676.25
2025-09-20 10:00:00+00:00,48175.77,-2498.52,6220.13,3472.4,40981.76,6384.0,3704.25,43476.0
2025-09-20 11:00:00+00:00,46258.32,-3929.95,7164.2,3399.19,39624.88,6852.5,3497.0,43788.25
2025-09-20 12:00:00+00:00,44941.69,-4086.93,9339.72,3963.8,35725.1,8152.25,3501.0,40645.0
2025-09-20 13:00:00+00:00,45132.26,-1898.78,11693.64,5272.66,30064.74,9247.0,3600.5,34140.5
2025-09-20 14:00:00+00:00,46286.05,6892.59,13243.14,3806.96,22343.35,9940.25,3542.25,24736.75
2025-09-20 15:00:00+00:00,48225.71,21251.15,12348.3,3093.57,11532.69,10284.5,3584.25,13272.75
2025-09-20 16:00:00+00:00,49645.0,32703.39,10177.22,3772.53,2991.86,11376.25,3824.0,3594.0
2025-09-20 17:00:00+00:00,50494.38,35222.37,10818.85,4309.38,143.79,13358.0,4219.75,144.25
2025-09-20 18:00:00+00:00,48604.16,30745.81,12752.69,5065.76,39.9,15186.5,4751.5,0.0
2025-09-20 19:00:00+00:00,45447.46,24988.67,14879.38,5556.81,22.61,16460.75,5241.75,0.0
2025-09-20 20:00:00+00:00,43287.49,21802.67,15737.21,5734.4,13.21,17109.75,5534.0,0.0
2025-09-20 21:00:00+00:00,40245.74,18114.93,16856.27,5260.77,13.76,17782.75,5578.75,0.0
2025-09-20 22:00:00+00:00,37794.13,13863.63,18248.74,5670.37,11.4,18460.75,5508.0,0.0
2025-09-20 23:00:00+00:00,36507.46,11827.57,18960.09,5714.05,5.74,19134.25,5665.75,0.0
2025-09-21 00:00:00+00:00,35849.52,11069.38,19025.69,5748.88,5.57,19537.0,5754.0,0.0
2025-09-21 01:00:00+00:00,35409.27,11015.27,18840.06,5546.32,7.61,19960.0,5691.5,0.0
2025-09-21 02:00:00+00:00,35496.31,11172.87,19581.01,4736.32,6.11,20566.5,5568.5,0.0
2025-09-21 03:00:00+00:00,36207.24,11824.31,19748.55,4626.23,8.15,21251.0,5460.0,0.0
2025-09-21 04:00:00+00:00,38125.43,11184.98,22052.85,4873.0,14.6,21998.0,5321.25,6.75
2025-09-21 05:00:00+00:00,40074.64,10196.53,23179.64,5226.42,1472.04,22056.75,5476.25,1542.25
2025-09-21 06:00:00+00:00,42968.31,7244.41,23356.29,5272.76,7094.85,21433.0,5516.75,7380.5
2025-09-21 07:00:00+00:00,46183.18,4523.35,23389.43,4423.43,13846.96,20473.75,5386.25,15005.75
2025-09-21 08:00:00+00:00,47903.22,1450.49,21284.24,4413.69,20754.81,19747.5,5244.0,21368.25
2025-09-21 09:00:00+00:00,48941.13,596.56,19262.16,4822.54,24259.87,19546.0,5106.75,25336.75
2025-09-21 10:00:00+00:00,47891.46,-160.41,18012.3,4771.88,25267.69,19268.25,5212.75,26953.75
2025-09-21 11:00:00+00:00,47120.41,896.52,17655.69,4959.16,23609.05,18950.75,5294.5,26320.25
2025-09-21 12:00:00+00:00,46115.97,2656.65,18281.64,4734.62,20443.06,18733.5,5328.25,23710.0
2025-09-21 13:00:00+00:00,45937.1,5290.79,20064.88,4730.11,15851.33,18173.5,5384.5,19221.75
2025-09-21 14:00:00+00:00,46719.21,10284.4,20430.92,5399.7,10604.18,17367.5,5438.75,13291.0
2025-09-21 15:00:00+00:00,48821.18,19233.82,18386.8,6295.79,4904.77,15931.75,5581.25,6863.5
2025-09-21 16:00:00+00:00,50848.37,26750.44,16103.17,6749.83,1244.92,14334.0,5708.0,1879.5
2025-09-21 17:00:00+00:00,51345.18,30114.17,14654.2,6506.41,70.4,13160.25,5576.75,84.0
2025-09-21 18:00:00+00:00,50467.68,31358.81,12890.43,6201.24,17.2,12378.0,5518.5,0.0
2025-09-21 19:00:00+00:00,47714.35,29548.02,12073.65,6083.12,9.56,11681.25,5530.75,0.0
2025-09-21 20:00:00+00:00,45239.9,27887.19,11017.73,6326.08,8.9,11221.75,5546.0,0.0
2025-09-21 21:00:00+00:00,42054.17,24982.36,10749.22,6315.57,7.03,11155.75,5598.0,0.0
2025-09-21 22:00:00+00:00,40056.18,23670.82,10492.42,5885.82,7.12,11363.25,6009.0,0.0
2025-09-21 23:00:00+00:00,38948.41,22699.57,10194.26,6047.52,7.07,11106.75,6086.5,0.0
2025-09-22 00:00:00+00:00,37988.49,21308.12,10321.6,6349.86,8.91,10958.0,6171.0,0.0
2025-09-22 01:00:00+00:00,38433.27,20770.22,11293.57,6362.29,7.19,11008.0,6142.5,0.0
2025-09-22 02:00:00+00:00,40189.31,22122.77,11683.1,6376.67,6.77,11079.75,5960.75,0.0
2025-09-22 03:00:00+00:00,44177.32,25545.3,12086.79,6537.97,7.26,10984.75,5750.5,0.0
2025-09-22 04:00:00+00:00,52605.87,34290.94,12340.46,5951.29,23.18,10990.25,5557.5,0.75
2025-09-22 05:00:00+00:00,57872.28,38959.01,12395.94,5889.12,628.22,10937.75,5048.5,649.75
2025-09-22 06:00:00+00:00,61067.97,40171.83,12013.09,5590.24,3292.81,10645.25,4850.25,3483.5
2025-09-22 07:00:00+00:00,62299.44,38745.33,10863.63,5028.71,7661.78,9994.75,4518.5,7778.0
2025-09-22 08:00:00+00:00,63285.67,35617.76,10759.68,4420.31,12487.92,10284.25,4137.5,12386.5
2025-09-22 09:00:00+00:00,63878.1,30182.41,12638.72,4503.06,16553.91,11839.25,3860.0,16057.0
2025-09-22 10:00:00+00:00,63585.47,26643.29,14635.16,4377.34,17929.69,13089.5,3693.75,17852.25
2025-09-22 11:00:00+00:00,61834.02,24143.81,16008.36,4329.84,17352.01,13789.25,3601.75,17493.0
2025-09-22 12:00:00+00:00,59898.02,22364.86,16764.48,4758.47,16010.21,14364.75,3563.25,16029.5
2025-09-22 13:00:00+00:00,59430.11,24820.81,16564.78,4401.55,13642.96,14527.5,3619.0,13415.75
2025-09-22 14:00:00+00:00,58627.49,28584.69,15726.08,4489.95,9826.78,14365.0,3698.0,9599.25
2025-09-22 15:00:00+00:00,59615.64,35964.26,13828.52,4243.57,5579.3,13600.75,3807.25,5374.25
2025-09-22 16:00:00+00:00,59657.12,42528.54,11386.08,4175.2,1567.3,12687.0,3828.25,1660.5
2025-09-22 17:00:00+00:00,59588.72,44583.28,10482.67,4442.52,80.25,12425.0,3786.25,90.25
2025-09-22 18:00:00+00:00,57867.85,42855.43,10715.02,4283.57,13.84,12289.75,3684.75,0.0
2025-09-22 19:00:00+00:00,53904.47,39575.98,10496.58,3822.19,9.73,11820.75,3552.0,0.0
2025-09-22 20:00:00+00:00,50033.96,35706.89,10529.44,3790.64,7.0,11486.0,3501.75,0.0
2025-09-22 21:00:00+00:00,46143.42,32478.78,9994.41,3664.11,6.11,11091.5,3470.0,0.0
2025-09-22 22:00:00+00:00,43697.54,31428.89,8765.67,3496.18,6.8,9449.75,3514.0,0.0
2025-09-22 23:00:00+00:00,41828.47,30325.4,8275.48,3220.79,6.8,9071.5,3442.25,0.0
2025-09-23 00:00:00+00:00,40891.78,29355.47,8342.85,3187.31,6.15,8778.5,3288.0,0.0
2025-09-23 01:00:00+00:00,41029.04,30040.2,8038.9,2943.86,6.08,8515.0,3072.0,0.0
2025-09-23 02:00:00+00:00,41956.46,31214.85,7936.99,2798.62,6.0,8313.5,2863.25,0.0
2025-09-23 03:00:00+00:00,45735.29,35902.53,7596.48,2229.88,6.41,8107.5,2645.0,0.0
2025-09-23 04:00:00+00:00,53666.4,43976.4,7745.81,1928.78,15.4,7788.25,2372.25,0.75
2025-09-23 05:00:00+00:00,58474.4,48241.4,7444.25,1674.32,1114.43,7281.25,2121.75,1274.25
2025-09-23 06:00:00+00:00,61391.31,46971.08,6367.0,1306.01,6747.22,6553.75,1881.5,6781.75
2025-09-23 07:00:00+00:00,61863.86,40135.11,5159.23,1240.94,15328.58,5539.25,1621.75,14648.25
2025-09-23 08:00:00+00:00,61956.75,33043.78,5093.97,1047.31,22771.69,5121.0,1377.5,21717.0
2025-09-23 09:00:00+00:00,61891.37,28311.53,5986.48,918.8,26674.56,5538.75,1209.0,26434.75
2025-09-23 10:00:00+00:00,60064.41,24496.59,6917.3,882.08,27768.44,6312.75,1107.25,28506.5
2025-09-23 11:00:00+00:00,59212.44,23195.09,7965.69,909.31,27142.35,7290.5,1066.5,28220.5
2025-09-23 12:00:00+00:00,57700.47,23348.28,9347.41,907.13,24097.65,8553.5,1079.25,26118.5
2025-09-23 13:00:00+00:00,56888.41,25330.67,10947.06,807.87,19802.8,10031.5,1121.25,21927.25
2025-09-23 14:00:00+00:00,57286.45,30704.53,12056.87,683.38,13841.66,11511.75,1174.0,15651.75
2025-09-23 15:00:00+00:00,58380.31,37491.12,12904.9,751.51,7232.79,12685.5,1232.5,8289.0
2025-09-23 16:00:00+00:00,59405.05,43863.85,12700.52,990.95,1849.73,13804.0,1303.25,2168.75
2025-09-23 17:00:00+00:00,60168.84,45124.11,13748.21,1164.42,132.09,15508.5,1384.75,74.0
2025-09-23 18:00:00+00:00,58114.43,39927.91,16918.79,1235.59,32.14,17068.5,1522.25,0.0
2025-09-23 19:00:00+00:00,54091.19,33105.31,19591.5,1380.62,13.75,17956.5,1658.75,0.0
2025-09-23 20:00:00+00:00,49883.69,27641.78,20882.73,1346.88,12.3,18212.25,1743.25,0.0
2025-09-23 21:00:00+00:00,46181.41,23651.47,21305.57,1211.47,12.9,18180.0,1680.5,0.0
2025-09-23 22:00:00+00:00,43143.32,21006.97,20907.71,1218.1,10.54,18414.25,1322.75,0.0
2025-09-23 23:00:00+00:00,41659.81,19918.41,20515.97,1215.19,10.24,17950.0,1214.25,0.0
2025-09-24 00:00:00+00:00,40432.71,18666.65,20496.84,1259.85,9.37,17445.5,1132.25,0.0
2025-09-24 01:00:00+00:00,40524.63,18707.57,20624.89,1182.05,10.13,17335.25,1099.5,0.0
2025-09-24 02:00:00+00:00,41976.75,19852.23,21069.57,1045.45,9.5,17588.75,1082.75,0.0
2025-09-24 03:00:00+00:00,46029.98,23320.77,21525.6,1173.19,10.43,18110.5,1117.25,0.0
2025-09-24 04:00:00+00:00,53869.05,29753.5,22739.64,1354.15,21.76,19024.5,1181.5,0.5
2025-09-24 05:00:00+00:00,59401.54,33995.85,23029.12,1510.42,866.16,19453.0,1228.25,1238.25
2025-09-24 06:00:00+00:00,62282.86,33678.93,21390.86,1683.24,5529.83,18804.25,1217.25,6682.75
2025-09-24 07:00:00+00:00,62961.22,30702.92,18412.86,1684.13,12161.31,17027.75,1178.5,13734.25
2025-09-24 08:00:00+00:00,63182.19,25368.15,18519.33,1354.59,17940.11,16461.25,1134.75,19849.0
2025-09-24 09:00:00+00:00,63002.04,18933.23,22018.15,506.91,21543.75,18457.5,1109.25,23681.75
2025-09-24 10:00:00+00:00,62476.15,14313.16,24044.11,1139.25,22979.64,20918.75,1129.0,25205.75
2025-09-24 11:00:00+00:00,60911.75,11985.28,25045.67,1619.15,22261.66,22702.0,1219.75,24853.0
2025-09-24 12:00:00+00:00,60040.69,11564.1,26451.24,1854.58,20170.77,24455.5,1419.5,22869.0
2025-09-24 13:00:00+00:00,60074.49,12682.6,28035.51,2275.86,17080.52,25897.5,1775.0,19134.25
2025-09-24 14:00:00+00:00,59671.25,14532.93,30080.62,2786.56,12271.14,26802.5,2280.5,13527.25
2025-09-24 15:00:00+00:00,60812.2,21491.2,29574.09,3635.7,6111.21,26774.0,2939.25,6761.5
2025-09-24 16:00:00+00:00,62017.38,28751.77,27218.71,4738.36,1308.54,26506.5,3567.5,1666.0
2025-09-24 17:00:00+00:00,62631.47,28444.91,28751.26,5377.71,57.59,27211.5,4111.25,54.0
2025-09-24 18:00:00+00:00,60711.47,23805.36,31115.11,5774.42,16.58,28068.5,4516.75,0.0
2025-09-24 19:00:00+00:00,56855.91,18784.95,32143.76,5915.31,11.89,28842.25,4756.0,0.0
2025-09-24 20:00:00+00:00,52449.37,15663.47,30821.39,5956.46,8.04,28283.5,4815.25,0.0
2025-09-24 21:00:00+00:00,48625.06,12386.8,30524.26,5703.85,10.14,27790.5,4748.5,0.0
2025-09-24 22:00:00+00:00,46126.04,9841.12,30188.32,6086.46,10.13,28379.25,4719.75,0.0
2025-09-24 23:00:00+00:00,44324.74,9110.13,29194.23,6010.14,10.24,27754.0,4587.0,0.0
2025-09-25 00:00:00+00:00,43376.47,9582.29,27967.23,5817.08,9.87,26953.0,4423.25,0.0
2025-09-25 01:00:00+00:00,43399.01,10391.03,27263.92,5734.15,9.92,26335.25,4290.75,0.0
2025-09-25 02:00:00+00:00,45207.12,12625.92,26990.15,5582.1,8.95,25956.5,4255.25,0.0
2025-09-25 03:00:00+00:00,48732.45,16500.56,27035.82,5183.6,12.47,25749.25,4337.5,0.0
2025-09-25 04:00:00+00:00,56895.06,23740.39,27962.1,5166.58,25.99,26071.75,4512.25,0.25
2025-09-25 05:00:00+00:00,62405.72,29544.94,27037.24,5242.69,580.86,25819.75,4684.25,803.75
2025-09-25 06:00:00+00:00,64874.97,31391.96,24825.17,5006.35,3651.48,24679.25,4738.5,4348.5
2025-09-25 07:00:00+00:00,65181.29,29815.91,23091.14,4369.71,7904.54,23316.75,4716.75,9264.5
2025-09-25 08:00:00+00:00,65698.7,27112.91,22974.66,3791.87,11819.25,23307.5,4463.75,14036.5
2025-09-25 09:00:00+00:00,65426.82,24539.21,23791.04,2520.76,14575.81,24755.25,4221.0,17567.0
2025-09-25 10:00:00+00:00,64895.14,20319.64,25484.49,2856.15,16234.87,25894.75,4066.75,19582.5
2025-09-25 11:00:00+00:00,64357.0,18690.57,26226.9,2849.19,16590.33,26480.25,4071.25,19941.75
2025-09-25 12:00:00+00:00,62883.66,18977.13,26391.99,2340.89,15173.65,26847.25,4198.5,18617.0
2025-09-25 13:00:00+00:00,61984.85,19535.57,27041.83,2905.26,12502.19,26652.75,4366.25,15601.75
2025-09-25 14:00:00+00:00,62298.93,22969.78,27061.49,3578.67,8688.99,25958.5,4611.0,10990.75
2025-09-25 15:00:00+00:00,62962.84,29185.25,25241.64,4190.92,4345.03,24811.5,4999.75,5756.5
2025-09-25 16:00:00+00:00,63178.43,33289.81,23668.78,5232.29,987.56,23795.5,5382.25,1515.0
2025-09-25 17:00:00+00:00,64170.95,34929.85,23126.58,6062.3,52.21,23453.0,5731.25,46.25
2025-09-25 18:00:00+00:00,61364.15,32199.12,22520.16,6625.0,19.88,23115.5,5834.0,0.0
2025-09-25 19:00:00+00:00,57850.04,28750.76,22504.18,6581.81,13.29,22671.0,5893.0,0.0
2025-09-25 20:00:00+00:00,53953.92,26432.42,20667.7,6844.26,9.54,21517.75,5971.75,0.0
2025-09-25 21:00:00+00:00,50105.3,23724.29,19474.05,6900.08,6.88,20568.0,6053.5,0.0
2025-09-25 22:00:00+00:00,46766.21,21672.13,17841.04,7246.45,6.59,19391.25,5880.5,0.0
2025-09-25 23:00:00+00:00,44666.24,21391.44,16340.96,6927.89,5.95,18157.25,5690.75,0.0
2025-09-26 00:00:00+00:00,43670.42,21659.24,15278.93,6725.97,6.28,17151.5,5516.75,0.0
2025-09-26 01:00:00+00:00,43728.81,22371.64,14927.11,6423.32,6.73,16613.5,5382.25,0.0
2025-09-26 02:00:00+00:00,44796.11,24019.04,14600.85,6169.33,6.89,16351.75,5316.0,0.0
2025-09-26 03:00:00+00:00,48746.63,28030.67,14433.71,6274.71,7.54,16205.0,5349.75,0.0
2025-09-26 04:00:00+00:00,57068.01,35599.13,14980.07,6476.81,12.0,16424.75,5429.25,0.0
2025-09-26 05:00:00+00:00,61872.35,39970.63,15109.83,6380.0,411.89,16219.5,5499.5,658.25
2025-09-26 06:00:00+00:00,64570.8,40786.67,14354.32,6348.97,3080.84,15303.25,5483.5,4160.75
2025-09-26 07:00:00+00:00,65637.02,37503.6,14066.45,6399.69,7667.29,14362.75,5386.25,9502.5
2025-09-26 08:00:00+00:00,66603.24,33726.61,14957.67,5485.87,12433.09,13994.75,5146.0,14868.0
2025-09-26 09:00:00+00:00,66657.75,30500.82,15737.51,4773.37,15646.06,13930.0,4905.75,18970.25
2025-09-26 10:00:00+00:00,65140.27,27811.4,15288.63,4156.98,17883.25,13907.75,4717.5,21344.75
2025-09-26 11:00:00+00:00,63870.51,25989.17,15131.42,4212.62,18537.3,14009.0,4578.5,21645.5
2025-09-26 12:00:00+00:00,61130.75,23538.98,16056.68,4155.72,17379.38,14474.0,4529.0,20030.75
2025-09-26 13:00:00+00:00,61282.08,24864.59,16583.54,4533.37,15300.58,14920.75,4530.0,16798.5
2025-09-26 14:00:00+00:00,60566.37,28494.46,16521.51,4922.07,10628.33,15184.5,4548.75,11811.0
2025-09-26 15:00:00+00:00,60441.25,34323.58,16015.25,5279.58,4822.84,15102.0,4765.25,6059.75
2025-09-26 16:00:00+00:00,60915.81,38808.16,14751.02,6308.83,1047.8,14987.5,5049.75,1540.25
2025-09-26 17:00:00+00:00,61865.89,39765.76,15115.61,6905.62,78.9,15553.0,5201.75,43.25
2025-09-26 18:00:00+00:00,59157.62,36701.82,15724.25,6679.42,52.13,16010.75,5208.5,0.0
2025-09-26 19:00:00+00:00,55492.36,33330.74,15709.24,6438.12,14.26,15968.75,5154.75,0.0
2025-09-26 20:00:00+00:00,51435.72,30431.34,14615.68,6377.01,11.69,15162.25,4939.5,0.0
2025-09-26 21:00:00+00:00,47410.05,27565.05,13792.94,6045.1,6.96,14341.25,4618.0,0.0
2025-09-26 22:00:00+00:00,44083.31,25882.6,12665.98,5527.96,6.78,13936.5,4567.0,0.0
2025-09-26 23:00:00+00:00,42048.81,25856.94,11686.13,4498.65,7.09,13014.0,4129.25,0.0
2025-09-27 00:00:00+00:00,40582.74,25822.15,10719.03,4035.39,6.17,12289.25,3778.5,0.0
2025-09-27 01:00:00+00:00,40461.68,26650.76,10274.52,3529.65,6.75,11697.25,3549.75,0.0
2025-09-27 02:00:00+00:00,40212.94,26811.33,9834.21,3561.03,6.37,11236.75,3466.0,0.0
2025-09-27 03:00:00+00:00,40842.06,28423.04,9001.9,3410.6,6.52,10842.25,3394.75,0.0
2025-09-27 04:00:00+00:00,43296.79,30476.12,9111.23,3700.11,9.33,10761.25,3284.0,0.0
2025-09-27 05:00:00+00:00,45657.72,32211.89,9436.43,3476.3,533.1,10679.5,3155.25,879.5
2025-09-27 06:00:00+00:00,48954.43,33045.14,8632.6,3560.63,3716.06,9865.25,3140.75,5254.75
2025-09-27 07:00:00+00:00,50222.75,31913.44,6775.97,2525.72,9007.63,8221.5,3233.75,11561.75
2025-09-27 08:00:00+00:00,51839.9,28951.4,5413.61,2828.28,14646.62,6757.75,3329.0,17536.25
2025-09-27 09:00:00+00:00,52493.47,26442.57,4969.19,2438.48,18643.23,5724.5,3256.5,21678.75
2025-09-27 10:00:00+00:00,51447.22,23312.96,4706.21,2468.09,20959.96,5122.0,2921.0,24129.75
2025-09-27 11:00:00+00:00,49586.97,21813.29,4406.57,2152.46,21214.66,4913.75,2566.25,24915.0
2025-09-27 12:00:00+00:00,48259.45,21028.62,4189.69,2081.44,20959.71,5151.25,2323.75,23938.5
2025-09-27 13:00:00+00:00,48706.09,23243.32,4383.21,2812.93,18266.63,5490.25,2260.0,21050.75
2025-09-27 14:00:00+00:00,49185.64,28290.84,4870.52,3123.44,12900.84,5694.75,2303.75,15250.75
2025-09-27 15:00:00+00:00,50614.42,36295.38,4984.5,3001.44,6333.1,5677.5,2351.75,8020.0
2025-09-27 16:00:00+00:00,52084.32,43000.7,4946.6,2843.54,1293.48,5936.0,2476.0,1911.25
2025-09-27 17:00:00+00:00,53417.72,44997.54,5522.48,2819.7,78.0,6818.0,2407.0,41.25
2025-09-27 18:00:00+00:00,50950.16,42361.14,6057.1,2481.6,50.32,7356.25,2373.75,0.0
2025-09-27 19:00:00+00:00,47757.7,39243.77,6252.31,2246.09,15.54,7176.75,2400.0,0.0
2025-09-27 20:00:00+00:00,45304.02,37470.18,5945.67,1880.09,8.08,6659.25,2369.0,0.0
2025-09-27 21:00:00+00:00,42448.98,35040.03,5634.52,1766.91,7.52,6151.75,2186.5,0.0
2025-09-27 22:00:00+00:00,39802.29,33256.28,5043.11,1492.82,10.08,5492.0,1490.0,0.0
2025-09-27 23:00:00+00:00,37680.93,31955.64,4476.0,1242.19,7.1,4843.75,1202.25,0.0
2025-09-28 00:00:00+00:00,36183.53,31426.44,3846.52,904.61,5.96,4147.75,1001.25,0.0
2025-09-28 01:00:00+00:00,35598.55,31664.1,3232.21,696.17,6.07,3507.75,868.25,0.0
2025-09-28 02:00:00+00:00,35839.91,32167.54,3025.51,641.03,5.82,3153.0,761.75,0.0
2025-09-28 03:00:00+00:00,36439.93,33078.95,2750.4,604.36,6.22,3098.5,694.0,0.0
2025-09-28 04:00:00+00:00,37740.62,34380.65,2666.2,682.8,10.97,3164.75,670.5,0.0
2025-09-28 05:00:00+00:00,39580.89,35180.36,3040.05,696.53,663.95,3234.25,702.5,1079.75
2025-09-28 06:00:00+00:00,42861.98,33402.52,2974.33,784.61,5700.53,3016.5,729.25,7020.0
2025-09-28 07:00:00+00:00,45739.99,29436.73,1923.38,717.19,13662.7,1923.0,739.0,16050.0
2025-09-28 08:00:00+00:00,47213.22,24006.59,1124.64,547.82,21534.17,973.0,707.75,24872.75
2025-09-28 09:00:00+00:00,49059.3,18944.47,1553.15,529.44,28032.24,906.25,646.5,31280.75
2025-09-28 10:00:00+00:00,48325.4,14386.64,2325.24,343.39,31270.13,1154.75,588.75,34551.5
2025-09-28 11:00:00+00:00,45844.44,11730.82,2141.37,261.63,31710.62,1240.0,527.5,34855.25
2025-09-28 12:00:00+00:00,44415.09,12565.28,1579.81,355.3,29914.69,1098.0,484.0,32613.5
2025-09-28 13:00:00+00:00,43709.41,15783.41,1453.04,551.3,25921.67,1035.75,463.75,27811.25
2025-09-28 14:00:00+00:00,43816.79,22756.79,1807.66,658.43,18593.91,1292.0,471.25,20057.25
2025-09-28 15:00:00+00:00,46223.26,33729.12,2534.48,792.61,9167.04,1980.25,517.25,10230.5
2025-09-28 16:00:00+00:00,49105.35,43038.61,3402.04,939.77,1724.92,3504.75,604.75,2250.5
2025-09-28 17:00:00+00:00,51121.49,44059.0,5850.49,1180.18,31.82,5845.75,739.5,38.0
2025-09-28 18:00:00+00:00,50445.66,40076.55,8638.61,1720.39,10.11,7749.25,882.0,0.0
2025-09-28 19:00:00+00:00,48001.81,36511.4,9572.89,1908.98,8.55,8338.0,1026.25,0.0
2025-09-28 20:00:00+00:00,46086.31,35344.71,8750.96,1983.84,6.79,7923.25,1160.0,0.0
2025-09-28 21:00:00+00:00,43249.85,34131.21,7355.48,1756.24,6.91,7041.5,1185.75,0.0
2025-09-28 22:00:00+00:00,40746.39,33283.79,6103.57,1350.89,8.14,6003.25,1119.75,0.0
2025-09-28 23:00:00+00:00,39497.92,33268.87,5127.97,1093.06,8.02,5160.0,875.0,0.0
2025-09-29 00:00:00+00:00,38812.99,33429.77,4534.18,842.94,6.1,4524.0,637.5,0.0
2025-09-29 01:00:00+00:00,39038.9,34361.47,4012.19,659.24,6.0,4019.5,445.25,0.0
2025-09-29 02:00:00+00:00,40529.31,36459.97,3598.3,465.17,5.87,3760.0,334.25,0.0
2025-09-29 03:00:00+00:00,44813.13,40933.36,3421.76,451.66,6.35,3751.0,289.25,0.0
2025-09-29 04:00:00+00:00,53435.07,49445.54,3476.04,498.17,15.32,3881.5,301.25,0.0
2025-09-29 05:00:00+00:00,58644.0,53724.27,3628.13,516.61,775.0,4048.75,352.5,1014.0
2025-09-29 06:00:00+00:00,61909.04,52149.2,3514.98,619.39,5625.47,4027.5,414.25,6795.0
2025-09-29 07:00:00+00:00,62722.59,46020.32,2372.0,764.37,13565.91,2900.25,494.75,15470.25
2025-09-29 08:00:00+00:00,63106.92,38823.89,1371.78,943.44,21967.81,1691.75,565.5,23643.5
2025-09-29 09:00:00+00:00,62800.49,31565.38,1745.48,926.22,28563.42,1769.75,608.25,29340.25
2025-09-29 10:00:00+00:00,61935.9,26190.51,2608.13,899.85,32237.41,2326.75,622.25,31877.25
2025-09-29 11:00:00+00:00,59305.92,23214.28,2903.58,929.23,32258.83,2434.5,612.0,31212.0
2025-09-29 12:00:00+00:00,57524.18,24756.93,2588.66,1066.32,29112.27,2151.75,594.5,28441.75
2025-09-29 13:00:00+00:00,57178.48,30349.19,2437.14,1083.87,23308.28,1889.0,596.0,23944.75
2025-09-29 14:00:00+00:00,56944.53,37960.64,2571.86,1135.4,15276.62,1815.75,641.75,16999.75
2025-09-29 15:00:00+00:00,58574.07,47166.0,2828.0,1384.32,7195.75,2116.75,698.0,8477.75
2025-09-29 16:00:00+00:00,60130.64,54038.78,3385.57,1451.27,1255.02,3240.5,764.75,1813.0
2025-09-29 17:00:00+00:00,61413.73,55309.59,4700.07,1348.79,55.29,5067.0,855.5,25.0
2025-09-29 18:00:00+00:00,58775.38,51137.43,6548.39,1077.69,11.87,6625.75,939.0,0.0
2025-09-29 19:00:00+00:00,54702.74,46487.46,7310.07,896.87,8.33,7305.5,1020.0,0.0
2025-09-29 20:00:00+00:00,50513.75,42931.33,6785.13,790.32,6.98,7398.0,1101.0,0.0
2025-09-29 21:00:00+00:00,47398.17,40236.55,6343.8,811.79,6.02,7139.75,1124.5,0.0
2025-09-29 22:00:00+00:00,44499.09,38156.14,5462.55,873.59,6.8,5886.25,737.25,0.0
2025-09-29 23:00:00+00:00,42742.3,36866.09,5014.1,855.9,6.2,5330.75,686.0,0.0
2025-09-30 00:00:00+00:00,41717.17,36372.74,4651.91,686.47,6.05,4915.5,629.25,0.0
2025-09-30 01:00:00+00:00,41892.16,37065.35,4182.37,638.25,6.19,4599.75,593.0,0.0
2025-09-30 02:00:00+00:00,43425.82,38839.49,3907.88,672.07,6.38,4551.25,581.0,0.0
2025-09-30 03:00:00+00:00,47138.55,42519.33,4040.79,571.28,7.15,4704.5,603.0,0.0
2025-09-30 04:00:00+00:00,55194.76,50069.0,4563.83,548.31,13.61,4973.0,665.75,0.0
2025-09-30 05:00:00+00:00,59913.7,53631.2,5098.0,627.79,556.71,5292.75,755.25,723.5
2025-09-30 06:00:00+00:00,62253.83,52598.26,4850.78,641.8,4162.99,5189.0,833.25,4969.0
2025-09-30 07:00:00+00:00,62989.27,48410.04,3348.52,516.03,10714.68,3925.25,887.0,11617.75
2025-09-30 08:00:00+00:00,63808.74,42941.07,2579.65,438.22,17849.8,2909.75,913.75,18386.75
2025-09-30 09:00:00+00:00,63729.59,36544.58,3322.22,348.7,23514.09,3196.75,918.0,23288.0
2025-09-30 10:00:00+00:00,62491.22,31834.37,3878.7,347.41,26430.75,3551.25,884.0,25412.5
2025-09-30 11:00:00+00:00,60326.82,30350.72,3618.74,417.81,25939.55,3392.75,813.75,25084.0
2025-09-30 12:00:00+00:00,59028.02,32055.3,3270.93,462.53,23239.26,3077.0,738.75,22930.0
2025-09-30 13:00:00+00:00,57357.66,34631.98,3389.38,335.53,19000.78,3070.75,686.0,19277.75
2025-09-30 14:00:00+00:00,57283.94,39680.04,4129.92,469.21,13004.77,3417.5,691.75,13618.75
2025-09-30 15:00:00+00:00,58532.71,46900.21,4940.13,577.19,6115.18,4070.5,754.5,6890.75
2025-09-30 16:00:00+00:00,59453.66,51658.7,5835.24,833.12,1126.6,5394.75,886.0,1482.75
2025-09-30 17:00:00+00:00,60653.12,51900.88,7539.93,1160.57,51.74,7451.5,1093.75,21.25
2025-09-30 18:00:00+00:00,58579.87,47624.94,9324.63,1618.24,12.06,8927.75,1345.25,0.0
2025-09-30 19:00:00+00:00,55147.74,42975.62,10194.68,1968.5,8.94,9325.75,1571.0,0.0
2025-09-30 20:00:00+00:00,50793.02,38535.5,9852.44,2398.17,6.91,8987.0,1729.25,0.0
2025-09-30 21:00:00+00:00,47215.17,35533.23,9311.43,2363.79,6.72,8169.5,1753.5,0.0
2025-09-30 22:00:00+00:00,44578.44,33702.46,8760.86,2105.23,9.9,7228.25,1799.25,0.0
2025-09-30 23:00:00+00:00,42411.44,32697.9,7966.1,1737.69,9.75,6540.25,1758.0,0.0
2025-10-01 00:00:00+00:00,41397.58,32686.49,7173.4,1528.04,9.66,5980.5,1629.75,0.0
2025-10-01 01:00:00+00:00,41676.21,34399.63,5987.85,1278.98,9.75,5419.0,1448.75,0.0
2025-10-01 02:00:00+00:00,43128.82,36576.13,5570.26,972.33,10.1,5033.75,1262.75,0.0
2025-10-01 03:00:00+00:00,47521.53,41189.07,5581.31,741.05,10.11,4843.0,1133.0,0.0
2025-10-01 04:00:00+00:00,55588.18,49152.26,5420.78,989.45,25.69,4705.75,1108.25,0.0
2025-10-01 05:00:00+00:00,60291.11,52616.17,5707.29,1271.81,695.85,4710.0,1190.75,1066.25
2025-10-01 06:00:00+00:00,62395.47,48669.5,6021.56,1455.35,6249.05,4737.5,1315.5,8497.75
2025-10-01 07:00:00+00:00,63105.34,40777.22,4575.5,1551.26,16201.36,3687.25,1463.75,19849.5
2025-10-01 08:00:00+00:00,62284.09,31956.07,2527.85,1574.72,26225.45,2276.0,1613.75,29985.25
2025-10-01 09:00:00+00:00,60947.18,23705.28,2858.19,1509.63,32874.08,1967.25,1744.5,36086.25
2025-10-01 10:00:00+00:00,59528.36,20320.63,3497.31,1342.43,34367.98,2275.0,1767.75,37328.0
2025-10-01 11:00:00+00:00,57654.54,19678.66,3815.06,1430.24,32730.59,2244.25,1598.75,35243.5
2025-10-01 12:00:00+00:00,55617.48,21875.48,3571.32,1255.84,28914.84,1969.25,1322.75,31673.5
2025-10-01 13:00:00+00:00,55530.09,27445.53,3000.4,1534.0,23550.16,1817.75,1046.0,26407.5
2025-10-01 14:00:00+00:00,56640.15,36038.26,2785.68,1312.17,16504.05,1797.0,848.0,18617.5
2025-10-01 15:00:00+00:00,57664.39,45680.17,2809.97,1129.0,8045.24,1918.75,753.0,9161.75
2025-10-01 16:00:00+00:00,59649.78,53917.49,3307.37,1087.53,1337.4,2527.25,756.75,1751.0
2025-10-01 17:00:00+00:00,60894.05,54557.59,5107.04,1168.04,61.39,3825.25,844.25,22.0
2025-10-01 18:00:00+00:00,58608.79,49820.45,7330.45,1426.53,31.36,5056.5,986.75,0.0
2025-10-01 19:00:00+00:00,55078.6,44263.6,8782.48,2018.7,13.81,5753.5,1169.25,0.0
2025-10-01 20:00:00+00:00,51274.44,38906.08,9767.93,2588.17,12.25,6150.5,1371.25,0.0
2025-10-01 21:00:00+00:00,47685.22,34867.4,9836.18,2970.31,11.33,6190.0,1528.5,0.0
2025-10-01 22:00:00+00:00,45244.93,32837.93,9351.18,3045.07,10.75,6667.0,2119.25,0.0
2025-10-01 23:00:00+00:00,43503.74,32342.1,8216.57,2933.62,11.45,5988.0,2227.25,0.0
2025-10-02 00:00:00+00:00,42875.34,32616.9,7275.72,2972.29,10.43,5335.75,2245.25,0.0
2025-10-02 01:00:00+00:00,43191.07,33720.66,6602.42,2856.66,11.32,4718.0,2145.5,0.0
2025-10-02 02:00:00+00:00,44506.7,35767.21,6381.68,2346.42,11.39,4313.0,2018.0,0.0
2025-10-02 03:00:00+00:00,48419.69,40090.76,6191.31,2125.59,12.03,4249.0,1974.25,0.0
2025-10-02 04:00:00+00:00,56001.61,46413.77,6235.73,3336.58,15.52,4544.75,2071.75,0.0
2025-10-02 05:00:00+00:00,60946.96,50192.92,6733.44,3348.06,672.53,4984.25,2283.5,970.5
2025-10-02 06:00:00+00:00,63015.84,46508.74,6351.48,3280.17,6875.44,5234.5,2564.0,8668.25
2025-10-02 07:00:00+00:00,63175.61,37655.92,4433.09,3169.05,17917.56,4322.5,2874.75,20909.25
2025-10-02 08:00:00+00:00,61998.65,27452.74,2406.32,3006.92,29132.66,2885.0,3134.0,31551.5
2025-10-02 09:00:00+00:00,61366.7,18145.4,2903.31,2787.33,37530.66,2421.5,3203.5,38009.0
2025-10-02 10:00:00+00:00,58448.41,11573.95,3598.11,2318.05,40958.31,2796.75,3079.0,39895.75
2025-10-02 11:00:00+00:00,56422.81,11389.77,3787.12,2083.54,39162.38,2972.0,2856.75,37981.5
2025-10-02 12:00:00+00:00,55296.94,13981.88,3883.84,1945.31,35485.91,2872.75,2703.25,34148.5
2025-10-02 13:00:00+00:00,55104.04,19640.9,3488.09,2250.82,29724.23,2773.0,2686.25,28566.25
2025-10-02 14:00:00+00:00,55007.41,28446.12,3011.56,2594.61,20955.11,2763.75,2737.75,20307.0
2025-10-02 15:00:00+00:00,56313.58,40891.75,2740.88,2481.02,10199.94,2827.25,2876.25,9895.0
2025-10-02 16:00:00+00:00,57840.06,50310.52,3242.42,2743.97,1543.16,3528.5,3149.75,1764.5
2025-10-02 17:00:00+00:00,59270.18,50299.67,5325.84,3568.88,75.79,5349.25,3652.25,19.25
2025-10-02 18:00:00+00:00,56452.42,43344.83,9176.45,3875.98,55.17,7643.0,4253.0,0.0
2025-10-02 19:00:00+00:00,53230.45,36993.89,12035.46,4173.21,27.89,9570.5,4753.5,0.0
2025-10-02 20:00:00+00:00,49493.13,32585.29,12679.79,4206.47,21.58,10991.0,5066.0,0.0
2025-10-02 21:00:00+00:00,45689.75,28216.15,13084.79,4377.92,10.89,12085.5,5276.25,0.0
2025-10-02 22:00:00+00:00,42996.64,24664.99,13958.16,4362.31,11.18,12046.75,4751.25,0.0
2025-10-02 23:00:00+00:00,41674.88,23099.44,14400.35,4164.95,10.15,12404.75,4814.5,0.0
2025-10-03 00:00:00+00:00,40598.41,22030.45,14358.25,4198.81,10.89,12597.0,4826.5,0.0
2025-10-03 01:00:00+00:00,40005.92,21242.04,14551.35,4202.04,10.5,12636.25,4790.0,0.0
2025-10-03 02:00:00+00:00,40258.18,21498.34,14571.81,4177.54,10.49,12592.0,4757.25,0.0
2025-10-03 03:00:00+00:00,40919.23,23212.72,13621.48,4074.3,10.72,12497.75,4815.5,0.0
2025-10-03 04:00:00+00:00,41827.97,24429.44,13408.51,3977.37,12.65,12663.5,4908.75,0.0
2025-10-03 05:00:00+00:00,42990.38,24425.31,13478.15,4261.42,825.51,12917.5,4955.5,973.5
2025-10-03 06:00:00+00:00,45385.66,19260.89,13328.18,4903.43,7893.16,12948.0,4989.5,8035.5
2025-10-03 07:00:00+00:00,48471.94,12642.27,12116.77,5096.18,18616.71,11853.25,4959.75,18455.5
2025-10-03 08:00:00+00:00,49849.23,7116.46,9992.49,5378.79,27361.49,10238.0,4839.5,27160.0
2025-10-03 09:00:00+00:00,50914.72,3251.79,9858.17,5538.81,32265.94,9627.75,4837.0,32413.25
2025-10-03 10:00:00+00:00,50391.32,-1680.37,11970.43,5482.78,34618.48,10238.25,4853.25,34201.0
2025-10-03 11:00:00+00:00,48538.65,-3576.87,13393.56,5238.32,33483.63,11078.25,4941.0,32895.0
2025-10-03 12:00:00+00:00,46467.73,-2032.46,13757.97,4942.86,29799.36,11868.0,4963.75,28998.25
2025-10-03 13:00:00+00:00,46102.9,3183.5,14287.36,4877.1,23754.94,12416.75,4989.0,23134.75
2025-10-03 14:00:00+00:00,46645.95,11563.66,14733.3,5061.08,15287.91,12930.25,5160.25,15220.5
2025-10-03 15:00:00+00:00,48198.38,21250.83,15426.01,5212.32,6309.22,13869.5,5288.25,6681.5
2025-10-03 16:00:00+00:00,50791.02,27028.55,17152.45,5887.35,722.67,16348.0,5346.5,1054.25
2025-10-03 17:00:00+00:00,53283.52,26265.47,21329.66,5625.39,62.99,19875.75,5288.5,22.0
2025-10-03 18:00:00+00:00,51626.72,20357.81,26069.2,5153.58,46.13,23302.25,4963.5,0.0
2025-10-03 19:00:00+00:00,49497.97,14838.95,29986.78,4636.89,35.34,26435.5,4965.0,0.0
2025-10-03 20:00:00+00:00,47868.41,13109.82,30735.49,4003.39,19.72,28205.75,4963.5,0.0
2025-10-03 21:00:00+00:00,45142.35,8408.21,32790.12,3926.88,17.13,29798.75,4904.25,0.0
2025-10-03 22:00:00+00:00,42893.94,6535.12,32151.3,4188.64,18.87,33211.5,5129.25,0.0
2025-10-03 23:00:00+00:00,40909.93,6145.97,32141.99,2611.02,10.94,34150.5,3299.5,0.0
2025-10-04 00:00:00+00:00,39896.15,5792.47,31856.97,2236.07,10.64,35194.75,3243.5,0.0
2025-10-04 01:00:00+00:00,40181.48,6757.53,31116.59,2296.87,10.49,36629.0,3341.5,0.0
2025-10-04 02:00:00+00:00,41303.46,8932.49,30081.63,2278.89,10.44,37892.75,3456.25,0.0
2025-10-04 03:00:00+00:00,42552.06,7891.8,32341.65,2307.88,10.73,39120.75,3654.25,0.0
2025-10-04 04:00:00+00:00,45065.43,7237.21,35258.4,2557.34,12.48,41464.5,3865.0,0.0
2025-10-04 05:00:00+00:00,47617.67,7028.06,37301.31,3022.97,265.33,42552.25,3957.0,298.0
2025-10-04 06:00:00+00:00,50558.23,6617.23,38203.55,4066.13,1671.33,42456.5,4046.0,1896.5
2025-10-04 07:00:00+00:00,53301.11,9002.69,35649.12,4821.39,3827.9,41098.5,4277.0,4239.25
2025-10-04 08:00:00+00:00,55441.98,9252.74,34110.91,5211.75,6866.58,39344.75,4310.0,7121.5
2025-10-04 09:00:00+00:00,56357.29,8031.41,33241.04,4712.59,10372.25,38113.0,4272.0,10134.75
2025-10-04 10:00:00+00:00,55157.28,4152.44,33456.35,4664.96,12883.52,37497.5,4188.5,12541.5
2025-10-04 11:00:00+00:00,53023.59,2913.93,31544.82,4861.45,13703.39,37896.75,4098.5,13622.0
2025-10-04 12:00:00+00:00,52067.08,2413.16,31305.8,4730.15,13617.97,38942.5,4013.75,13115.25
2025-10-04 13:00:00+00:00,52039.92,3989.87,32630.14,4724.5,10695.41,39124.0,3968.75,11348.75
2025-10-04 14:00:00+00:00,52184.52,5108.09,34692.42,5093.0,7291.01,38971.0,3970.75,8139.0
2025-10-04 15:00:00+00:00,53572.31,9105.97,35523.67,5216.52,3726.15,39440.25,4027.0,4267.25
2025-10-04 16:00:00+00:00,55512.95,9064.34,38691.23,7049.44,707.94,40341.5,5870.0,824.25
2025-10-04 17:00:00+00:00,56079.14,8410.24,40773.86,6841.41,53.64,41113.0,5940.25,8.75
2025-10-04 18:00:00+00:00,53092.18,5062.6,41182.49,6813.91,33.19,42295.25,5884.75,0.0
2025-10-04 19:00:00+00:00,50179.49,5049.65,39212.4,5898.1,19.35,43441.25,5797.0,0.0
2025-10-04 20:00:00+00:00,47749.59,4553.58,37568.14,5605.69,22.18,43029.0,5802.25,0.0
2025-10-04 21:00:00+00:00,44913.68,2117.14,37316.14,5469.64,10.75,43373.5,5772.0,0.0
2025-10-04 22:00:00+00:00,42486.0,1348.64,36460.84,4666.15,10.37,41432.75,3463.75,0.0
2025-10-04 23:00:00+00:00,40860.24,1236.7,35426.37,4187.03,10.15,41030.75,3461.75,0.0
2025-10-05 00:00:00+00:00,39955.43,2592.84,33964.07,3388.21,10.31,40416.0,3436.5,0.0
2025-10-05 01:00:00+00:00,39481.39,1228.85,34570.13,3671.4,11.0,39667.5,3409.25,0.0
2025-10-05 02:00:00+00:00,39961.23,2813.13,33559.96,3577.03,11.11,39115.0,3403.0,0.0
2025-10-05 03:00:00+00:00,40270.67,3249.28,33414.81,3595.37,11.22,38493.25,3399.75,0.0
2025-10-05 04:00:00+00:00,41581.68,4187.71,33899.85,3481.86,12.26,38729.75,3405.25,0.0
2025-10-05 05:00:00+00:00,43112.8,4309.35,34529.46,3994.73,279.25,38598.0,3423.5,371.0
2025-10-05 06:00:00+00:00,45607.81,2528.55,35093.17,4855.51,3130.58,38023.75,3439.75,3611.0
2025-10-05 07:00:00+00:00,48680.06,2490.97,33977.33,4271.78,7939.98,37046.75,3324.0,8886.5
2025-10-05 08:00:00+00:00,51210.05,1570.8,33403.11,3850.94,12385.2,36604.0,3235.0,14041.25
2025-10-05 09:00:00+00:00,53879.06,2653.67,32194.17,4086.71,14944.52,36430.25,3144.25,18264.25
2025-10-05 10:00:00+00:00,53215.78,-1250.91,33914.77,3364.69,17187.23,35558.75,3093.0,20922.5
2025-10-05 11:00:00+00:00,51481.52,-3468.88,34034.61,3099.44,17816.36,34651.75,3049.5,20735.75
2025-10-05 12:00:00+00:00,49832.86,-3138.41,33178.3,3219.68,16573.28,34240.25,3023.0,18629.25
2025-10-05 13:00:00+00:00,48508.64,-1504.81,32599.72,3700.43,13713.29,34107.75,3019.25,15109.5
2025-10-05 14:00:00+00:00,48799.22,1822.22,33542.68,4063.11,9371.21,35149.75,3046.0,10180.25
2025-10-05 15:00:00+00:00,51863.25,7508.44,34584.27,5807.68,3962.85,36137.75,4697.0,4693.25
2025-10-05 16:00:00+00:00,54724.52,13071.41,35634.08,5529.93,489.1,36358.75,4725.0,780.5
2025-10-05 17:00:00+00:00,55140.98,14856.75,36423.01,3835.39,25.84,36558.75,4738.75,8.25
2025-10-05 18:00:00+00:00,52736.96,10884.82,37739.09,4093.24,19.81,37056.25,4728.25,0.0
2025-10-05 19:00:00+00:00,50499.49,7860.89,38387.69,4233.17,17.74,37804.5,4707.25,0.0
2025-10-05 20:00:00+00:00,49815.67,8360.01,36693.58,4745.84,16.25,37229.25,4724.5,0.0
2025-10-05 21:00:00+00:00,47568.5,6086.94,36396.23,5069.43,15.89,37075.5,4694.0,0.0
2025-10-05 22:00:00+00:00,44061.43,3543.87,35425.75,5075.89,15.91,36158.0,4463.0,0.0
2025-10-05 23:00:00+00:00,43020.94,949.46,36288.9,5766.77,15.8,35603.75,4609.5,0.0
2025-10-06 00:00:00+00:00,42431.47,790.77,35639.0,5985.43,16.27,34921.75,4765.75,0.0
2025-10-06 01:00:00+00:00,42668.58,2200.0,34853.3,5599.26,16.02,34347.5,4968.75,0.0
2025-10-06 02:00:00+00:00,44315.34,5302.19,34205.03,4792.56,15.55,33784.5,5294.5,0.0
2025-10-06 03:00:00+00:00,48621.36,10286.15,33326.52,4992.52,16.17,32992.25,5520.75,0.0
2025-10-06 04:00:00+00:00,57432.74,19852.28,33116.9,4446.72,16.84,32374.75,5562.0,0.0
2025-10-06 05:00:00+00:00,63472.67,26888.27,30797.93,5596.72,189.74,30876.5,5548.25,275.75
2025-10-06 06:00:00+00:00,65948.31,30069.0,29166.6,4504.61,2208.09,28898.5,5421.75,2792.25
2025-10-06 07:00:00+00:00,66693.73,29789.07,27736.08,3588.47,5580.11,26969.75,5164.0,7147.25
2025-10-06 08:00:00+00:00,66750.47,28696.38,26541.54,3144.92,8367.62,25822.0,4812.0,11178.25
2025-10-06 09:00:00+00:00,67067.39,27884.62,26345.4,2937.49,9899.88,25670.0,4486.5,13754.75
2025-10-06 10:00:00+00:00,66679.94,27311.72,25763.33,2907.79,10697.1,25586.0,4267.25,14423.5
2025-10-06 11:00:00+00:00,66700.62,28477.94,25016.16,2644.61,10561.91,25093.25,4100.75,13605.25
2025-10-06 12:00:00+00:00,64814.67,29175.56,23988.87,2451.99,9198.26,24168.0,3910.25,11974.25
2025-10-06 13:00:00+00:00,63638.43,32401.69,22194.8,2197.57,6844.37,22484.5,3726.25,9411.75
2025-10-06 14:00:00+00:00,62413.9,35476.48,20722.45,1898.09,4316.89,20370.25,3555.75,6001.25
2025-10-06 15:00:00+00:00,62331.92,39846.88,19232.69,1513.96,1738.4,18252.25,3308.0,2576.75
2025-10-06 16:00:00+00:00,62745.03,44047.44,17241.58,1271.51,184.49,16796.75,3027.5,387.25
2025-10-06 17:00:00+00:00,63284.73,46572.26,15375.18,1309.45,27.84,15783.5,2759.0,3.5
2025-10-06 18:00:00+00:00,59915.42,44901.54,13994.84,996.68,22.35,14935.0,2438.25,0.0
2025-10-06 19:00:00+00:00,55968.67,42973.29,12144.16,832.85,18.38,14027.75,2021.75,0.0
2025-10-06 20:00:00+00:00,52220.8,41013.39,10417.63,774.2,15.58,12839.5,1630.0,0.0
2025-10-06 21:00:00+00:00,48258.54,37898.68,9489.3,853.64,16.92,11680.5,1317.0,0.0
2025-10-06 22:00:00+00:00,45180.37,35925.01,8344.37,896.2,14.79,9229.75,916.5,0.0
2025-10-06 23:00:00+00:00,43439.86,35480.81,7166.62,778.19,14.24,8241.25,837.75,0.0
2025-10-07 00:00:00+00:00,42618.13,35722.45,6235.17,646.28,14.24,7320.75,803.25,0.0
2025-10-07 01:00:00+00:00,42542.58,36602.93,5390.56,533.95,15.14,6475.75,815.0,0.0
2025-10-07 02:00:00+00:00,44159.1,38775.98,4570.52,798.61,13.99,5665.5,895.5,0.0
2025-10-07 03:00:00+00:00,47785.07,42772.94,3876.32,1123.54,12.27,4951.5,1033.0,0.0
2025-10-07 04:00:00+00:00,55637.66,50937.44,3369.57,1316.7,13.96,4390.0,1162.75,0.0
2025-10-07 05:00:00+00:00,60843.25,55796.2,3207.79,1719.5,119.77,3913.5,1262.75,172.25
2025-10-07 06:00:00+00:00,63209.27,56373.18,3339.37,1983.29,1513.43,3563.0,1340.75,1541.5
2025-10-07 07:00:00+00:00,63741.19,54018.98,3255.6,1939.91,4526.7,3104.5,1525.5,3988.75
2025-10-07 08:00:00+00:00,64553.21,51234.71,3114.02,2123.95,8080.53,2732.75,1843.75,6723.75
2025-10-07 09:00:00+00:00,65383.12,48899.18,3031.29,2414.43,11038.22,2623.75,2225.25,9094.0
2025-10-07 10:00:00+00:00,64076.31,45653.73,3118.38,2689.38,12614.82,2851.75,2596.75,10732.5
2025-10-07 11:00:00+00:00,63395.76,44783.87,3373.67,2824.46,12413.77,3189.5,2851.0,11244.0
2025-10-07 12:00:00+00:00,61402.63,43613.32,3531.81,3143.69,11113.81,3465.5,3061.5,10545.0
2025-10-07 13:00:00+00:00,60755.06,45699.31,3792.02,3046.58,8217.15,3639.5,3186.25,8682.0
2025-10-07 14:00:00+00:00,60162.83,47901.0,3937.3,3387.34,4937.18,3702.75,3196.0,5783.75
2025-10-07 15:00:00+00:00,61287.77,52036.98,3909.51,3311.15,2030.14,3838.5,3163.25,2638.5
2025-10-07 16:00:00+00:00,62519.69,54742.66,4360.62,3176.17,240.24,4234.25,3138.25,431.0
2025-10-07 17:00:00+00:00,63344.64,55711.02,4667.07,2902.27,64.29,4798.75,3125.75,11.25
2025-10-07 18:00:00+00:00,60266.36,51745.81,5256.12,3210.77,53.66,5311.25,3117.0,0.0
2025-10-07 19:00:00+00:00,56316.94,47356.85,5653.41,3294.07,12.61,5467.5,3126.25,0.0
2025-10-07 20:00:00+00:00,52808.47,43878.06,5788.5,3130.55,11.35,5528.5,3108.75,0.0
2025-10-07 21:00:00+00:00,49106.27,40530.43,5768.04,2796.93,10.86,5532.25,3020.0,0.0
2025-10-07 22:00:00+00:00,45964.47,37600.75,5672.15,2681.32,10.25,6446.25,2889.5,0.0
2025-10-07 23:00:00+00:00,44255.65,36259.3,5456.6,2529.19,10.55,6246.0,2815.25,0.0
2025-10-08 00:00:00+00:00,43388.67,35568.61,5365.15,2444.66,10.25,6075.0,2791.5,0.0
2025-10-08 01:00:00+00:00,43420.03,36078.59,5039.42,2292.05,9.96,5909.5,2749.25,0.0
2025-10-08 02:00:00+00:00,44730.53,37679.46,5007.52,2033.79,9.75,5635.25,2658.75,0.0
2025-10-08 03:00:00+00:00,48915.56,42037.71,4811.54,2056.35,9.97,5342.0,2491.5,0.0
2025-10-08 04:00:00+00:00,56765.55,50062.2,4758.1,1929.75,15.5,5082.0,2243.5,0.0
2025-10-08 05:00:00+00:00,61877.91,55261.58,4700.32,1761.0,155.01,4847.5,1972.0,208.5
2025-10-08 06:00:00+00:00,64150.11,55722.57,4501.2,1598.33,2328.02,4685.0,1721.5,2218.0
2025-10-08 07:00:00+00:00,64134.72,52473.53,3869.26,1103.36,6688.56,4285.5,1525.5,6169.5
2025-10-08 08:00:00+00:00,64248.39,48256.02,3170.78,944.21,11877.38,3775.0,1411.5,10971.75
2025-10-08 09:00:00+00:00,64228.82,44467.11,2836.56,1111.32,15813.83,3494.5,1406.5,15218.0
2025-10-08 10:00:00+00:00,63441.44,41484.24,2778.68,1359.43,17819.09,3448.75,1483.75,17968.0
2025-10-08 11:00:00+00:00,62288.89,39614.7,2764.97,1753.33,18155.89,3481.5,1589.0,18501.75
2025-10-08 12:00:00+00:00,60722.59,39386.04,2877.75,1993.07,16465.72,3622.75,1680.5,17131.0
2025-10-08 13:00:00+00:00,59747.33,40850.62,3276.38,2279.94,13340.39,3620.25,1746.5,14003.25
2025-10-08 14:00:00+00:00,58983.76,45306.3,3086.47,2052.5,8538.49,3464.25,1771.0,9186.0
2025-10-08 15:00:00+00:00,60190.38,51929.24,2643.82,2276.29,3341.03,3400.75,1780.0,3870.0
2025-10-08 16:00:00+00:00,61809.3,56904.0,2649.35,1883.98,371.96,3667.25,1783.0,526.0
2025-10-08 17:00:00+00:00,62170.18,57802.02,2741.02,1520.37,106.76,4153.0,1748.25,0.0
2025-10-08 18:00:00+00:00,58873.57,53996.9,3250.39,1592.67,33.61,4561.25,1699.5,0.0
2025-10-08 19:00:00+00:00,55193.66,50127.32,3401.49,1651.65,13.21,4699.5,1675.0,0.0
2025-10-08 20:00:00+00:00,51498.14,45918.44,3621.74,1947.85,10.11,4937.0,1704.75,0.0
2025-10-08 21:00:00+00:00,47788.32,41874.96,3864.28,2039.75,9.34,5194.0,1730.25,0.0
2025-10-08 22:00:00+00:00,44851.3,39136.1,4085.75,1620.34,9.1,4783.0,1531.75,0.0
2025-10-08 23:00:00+00:00,42853.22,37596.11,3927.73,1319.59,9.79,4801.75,1520.5,0.0
2025-10-09 00:00:00+00:00,42122.14,37038.35,3677.65,1396.45,9.69,4827.75,1526.5,0.0
2025-10-09 01:00:00+00:00,42458.0,37313.89,3638.78,1495.47,9.86,4872.75,1585.75,0.0
2025-10-09 02:00:00+00:00,44307.19,39198.39,3737.09,1361.95,9.77,4936.75,1693.0,0.0
2025-10-09 03:00:00+00:00,48263.71,42984.89,3833.49,1434.75,10.57,5069.75,1854.0,0.0
2025-10-09 04:00:00+00:00,56282.23,50565.94,4172.71,1525.68,17.89,5204.5,2108.75,0.0
2025-10-09 05:00:00+00:00,61788.02,55282.33,4512.54,1897.1,96.05,5298.0,2463.0,216.0
2025-10-09 06:00:00+00:00,64157.27,55115.5,4566.18,2366.08,2109.52,5326.25,2859.25,2826.0
2025-10-09 07:00:00+00:00,64612.89,51013.65,3791.39,2817.13,6990.72,4957.5,3254.5,7800.5
2025-10-09 08:00:00+00:00,65712.84,46134.77,3542.17,3306.15,12729.74,4734.25,3725.25,13469.5
2025-10-09 09:00:00+00:00,66052.26,40488.94,4790.32,3885.82,16887.18,5336.5,4255.5,18073.75
2025-10-09 10:00:00+00:00,65141.46,37537.26,5946.68,4310.55,17346.97,6679.5,4610.25,20389.5
2025-10-09 11:00:00+00:00,64459.23,37252.45,6905.03,4580.3,15721.46,8266.5,4899.0,20527.75
2025-10-09 12:00:00+00:00,62801.6,36165.61,8065.02,4728.47,13842.5,9810.25,5231.75,19024.25
2025-10-09 13:00:00+00:00,61923.2,36913.87,8827.71,4963.64,11217.98,10877.25,5501.5,15587.5
2025-10-09 14:00:00+00:00,61486.9,39962.04,9121.99,5127.67,7275.19,11391.25,5704.75,10410.0
2025-10-09 15:00:00+00:00,62962.26,44261.48,10169.65,5580.69,2950.44,11727.0,5922.5,4431.75
2025-10-09 16:00:00+00:00,64883.35,46553.86,11977.26,6049.95,302.29,12666.25,6067.75,551.75
2025-10-09 17:00:00+00:00,65515.2,45615.12,13549.49,6309.98,40.62,14125.0,6119.25,0.0
2025-10-09 18:00:00+00:00,62399.47,40761.3,15205.74,6409.56,22.86,15382.25,6112.0,0.0
2025-10-09 19:00:00+00:00,58864.0,36332.67,16146.37,6372.33,12.62,16421.75,5996.0,0.0
2025-10-09 20:00:00+00:00,54489.84,32584.14,16433.65,5461.14,10.92,16883.0,5804.5,0.0
2025-10-09 21:00:00+00:00,50860.14,29084.13,16796.48,4969.54,9.99,17359.25,5463.0,0.0
2025-10-09 22:00:00+00:00,47892.26,24942.67,17610.24,5329.47,9.87,17139.25,4843.5,0.0
2025-10-09 23:00:00+00:00,46160.26,23950.68,17593.16,4606.55,9.87,17426.25,4554.5,0.0
2025-10-10 00:00:00+00:00,45080.77,23435.65,17685.86,3948.96,10.3,17543.0,4424.75,0.0
2025-10-10 01:00:00+00:00,45410.78,23321.21,17865.17,4213.87,10.53,17580.0,4421.75,0.0
2025-10-10 02:00:00+00:00,46762.58,24075.77,18058.81,4617.43,10.57,17279.0,4457.25,0.0
2025-10-10 03:00:00+00:00,50191.93,27698.46,17727.8,4754.83,10.84,16679.5,4515.25,0.0
2025-10-10 04:00:00+00:00,58804.75,34948.33,18041.48,5802.18,12.75,16409.5,4562.0,0.0
2025-10-10 05:00:00+00:00,64246.32,40559.83,18040.7,5529.32,116.47,16024.75,4703.5,225.5
2025-10-10 06:00:00+00:00,66897.18,41552.23,17507.27,5743.07,2094.61,15293.75,4684.25,3641.0
2025-10-10 07:00:00+00:00,67224.81,39106.9,16668.76,5327.54,6121.61,14219.75,4440.5,10173.75
2025-10-10 08:00:00+00:00,67212.48,36560.87,15968.89,4530.44,10152.28,13731.0,4063.5,16784.25
2025-10-10 09:00:00+00:00,67206.2,36690.62,14671.25,3252.58,12591.74,14149.25,3581.5,21565.75
2025-10-10 10:00:00+00:00,65937.08,36442.08,13448.73,2731.89,13314.38,14184.0,3235.0,23612.5
2025-10-10 11:00:00+00:00,64694.35,35495.16,13459.37,3089.3,12650.52,13887.0,3160.25,23251.0
2025-10-10 12:00:00+00:00,62807.99,33902.75,14215.9,3616.84,11072.5,14052.0,3211.75,21175.25
2025-10-10 13:00:00+00:00,61906.31,34191.0,14739.31,4160.23,8815.77,14054.5,3301.25,17158.0
2025-10-10 14:00:00+00:00,61535.08,36967.44,14718.43,4343.52,5505.7,13670.0,3423.5,11192.75
2025-10-10 15:00:00+00:00,62240.89,40932.36,14736.85,4425.95,2145.74,13171.25,3534.25,4553.75
2025-10-10 16:00:00+00:00,63255.99,43657.56,14603.75,4788.6,206.08,13292.5,3634.0,535.5
2025-10-10 17:00:00+00:00,63426.08,43982.28,14639.37,4755.36,49.08,13880.25,3730.75,0.0
2025-10-10 18:00:00+00:00,60436.72,40040.49,15661.02,4719.59,15.63,14302.0,3811.0,0.0
2025-10-10 19:00:00+00:00,56634.82,36354.76,15488.63,4779.68,11.75,14468.25,3925.25,0.0
2025-10-10 20:00:00+00:00,52905.92,33787.21,14333.24,4775.26,10.22,14160.0,4143.25,0.0
2025-10-10 21:00:00+00:00,49208.48,30448.76,13697.22,5053.55,8.94,13920.5,4336.75,0.0
2025-10-10 22:00:00+00:00,45930.02,26853.99,13728.37,5338.55,9.1,13113.0,4604.75,0.0
2025-10-10 23:00:00+00:00,44281.78,25555.59,13681.19,5035.98,9.02,12774.25,4307.75,0.0
2025-10-11 00:00:00+00:00,42808.44,24391.11,13932.77,4475.22,9.34,12485.0,3976.0,0.0
2025-10-11 01:00:00+00:00,42938.7,24541.55,14206.24,4181.17,9.74,12387.5,3761.0,0.0
2025-10-11 02:00:00+00:00,43306.04,24740.96,14647.41,3908.26,9.41,12287.5,3704.75,0.0
2025-10-11 03:00:00+00:00,44020.65,25897.12,14500.78,3612.89,9.86,12208.25,3639.5,0.0
2025-10-11 04:00:00+00:00,46042.05,28021.0,14401.53,3607.64,11.86,12320.75,3553.75,0.0
2025-10-11 05:00:00+00:00,48818.41,31548.52,13834.97,3376.96,57.96,12189.25,3512.75,164.25
2025-10-11 06:00:00+00:00,51071.28,32204.13,13690.19,3480.09,1696.87,11765.5,3427.25,2709.0
2025-10-11 07:00:00+00:00,53762.37,31518.97,13367.63,3164.96,5710.81,11281.75,3238.0,7760.0
2025-10-11 08:00:00+00:00,54708.6,28248.39,12948.74,3020.8,10490.68,11186.0,3014.5,13263.25
2025-10-11 09:00:00+00:00,55197.25,24848.81,13021.84,2936.22,14390.39,11502.5,2788.5,17647.5
2025-10-11 10:00:00+00:00,55012.11,22283.61,13351.01,2700.53,16676.96,11670.75,2668.25,19913.75
2025-10-11 11:00:00+00:00,53254.89,20371.72,13018.25,3056.18,16808.73,11658.75,2595.75,20388.0
2025-10-11 12:00:00+00:00,51887.11,21151.75,12669.76,3079.17,14986.43,11779.0,2559.0,19015.5
2025-10-11 13:00:00+00:00,51228.76,25327.45,11808.1,2812.89,11280.32,11616.0,2560.75,15448.75
2025-10-11 14:00:00+00:00,51122.79,31601.12,10319.54,2644.77,6557.35,10778.5,2694.25,9970.0
2025-10-11 15:00:00+00:00,53005.17,39335.29,8964.18,2374.21,2331.49,9587.25,2841.25,3941.25
2025-10-11 16:00:00+00:00,54912.34,44344.75,8293.78,2055.86,217.96,8911.25,2847.25,425.0
2025-10-11 17:00:00+00:00,54973.21,45387.64,7734.38,1768.59,82.6,8713.25,2797.0,0.0
2025-10-11 18:00:00+00:00,51960.53,42576.13,7604.77,1741.69,37.94,8453.75,2728.75,0.0
2025-10-11 19:00:00+00:00,49492.68,40285.33,7507.95,1682.26,17.13,7965.75,2706.25,0.0
2025-10-11 20:00:00+00:00,47252.74,38401.2,7126.01,1713.34,12.19,7477.75,2675.5,0.0
2025-10-11 21:00:00+00:00,44225.3,35369.25,7111.62,1733.44,10.99,7262.25,2614.75,0.0
2025-10-11 22:00:00+00:00,41520.28,32335.05,7143.82,2029.83,11.58,7275.75,2130.0,0.0
2025-10-11 23:00:00+00:00,39633.48,30122.05,7349.1,2149.42,12.92,7470.75,2338.75,0.0
2025-10-12 00:00:00+00:00,38633.53,28257.97,7713.91,2650.65,11.0,7781.75,2710.5,0.0
2025-10-12 01:00:00+00:00,38174.34,26639.27,8274.93,3249.09,11.05,8377.5,3239.25,0.0
2025-10-12 02:00:00+00:00,38535.3,25871.89,8894.64,3757.38,11.38,9152.25,3826.25,0.0
2025-10-12 03:00:00+00:00,39041.66,25965.27,9056.03,4009.63,10.72,9851.0,4358.25,0.0
2025-10-12 04:00:00+00:00,40188.86,26463.07,9661.68,4052.99,11.12,10571.75,4748.75,0.0
2025-10-12 05:00:00+00:00,42241.7,27847.48,10182.29,4146.28,65.65,10988.5,4916.25,118.25
2025-10-12 06:00:00+00:00,44724.88,28447.67,10686.79,3833.87,1756.55,11142.5,4832.25,2158.75
2025-10-12 07:00:00+00:00,47583.29,27208.34,10950.24,3809.35,5615.36,11093.25,4573.75,6627.75
2025-10-12 08:00:00+00:00,48949.27,24244.92,10846.27,3945.09,9912.99,10987.0,4244.5,11597.75
2025-10-12 09:00:00+00:00,50727.99,22479.43,10872.56,4354.25,13021.75,11101.25,3954.5,15184.75
2025-10-12 10:00:00+00:00,50918.28,21227.93,10813.75,4306.52,14570.08,11300.0,3669.25,16553.0
2025-10-12 11:00:00+00:00,49160.29,20792.87,10347.37,3829.36,14190.7,11388.75,3490.5,16448.25
2025-10-12 12:00:00+00:00,47375.48,21005.37,9618.04,3607.14,13144.93,11419.0,3379.5,14921.75
2025-10-12 13:00:00+00:00,46391.77,23356.34,9086.6,3511.39,10437.43,10970.0,3365.25,12005.0
2025-10-12 14:00:00+00:00,46848.19,28628.62,8302.66,3464.27,6452.64,10085.25,3338.75,7671.75
2025-10-12 15:00:00+00:00,49670.45,36637.34,7150.01,3441.47,2441.64,9125.0,3272.25,3072.0
2025-10-12 16:00:00+00:00,52479.46,43261.21,6061.33,2962.11,194.81,8571.25,3097.0,327.0
2025-10-12 17:00:00+00:00,53036.33,45313.12,5383.15,2318.39,21.67,8114.5,2804.25,0.0
2025-10-12 18:00:00+00:00,50503.96,43645.39,5142.97,1701.05,14.55,7429.25,2474.25,0.0
2025-10-12 19:00:00+00:00,48390.86,42192.06,4950.54,1235.4,12.85,6423.5,2180.5,0.0
2025-10-12 20:00:00+00:00,46706.14,41153.89,4391.49,1149.86,10.89,5485.5,1977.0,0.0
2025-10-12 21:00:00+00:00,44174.56,39001.29,3972.67,1190.88,9.72,4774.0,1778.25,0.0
2025-10-12 22:00:00+00:00,41317.24,36631.42,3533.44,1142.5,9.89,3760.75,1862.25,0.0
2025-10-12 23:00:00+00:00,39507.44,35697.86,2958.05,842.25,9.29,3222.25,1706.5,0.0
2025-10-13 00:00:00+00:00,38887.75,35786.77,2380.57,710.67,9.73,2861.5,1577.0,0.0
2025-10-13 01:00:00+00:00,39344.96,36702.53,1937.48,694.86,10.08,2523.25,1445.5,0.0
2025-10-13 02:00:00+00:00,41448.58,38999.36,1695.19,743.64,10.4,2227.75,1294.25,0.0
2025-10-13 03:00:00+00:00,45731.36,43417.76,1558.86,744.27,10.48,2022.0,1169.5,0.0
2025-10-13 04:00:00+00:00,54009.73,51860.81,1375.49,757.5,15.93,1844.25,1078.75,0.0
2025-10-13 05:00:00+00:00,59938.43,57666.84,1333.44,794.54,143.6,1707.25,1012.75,129.5
2025-10-13 06:00:00+00:00,62710.08,58305.38,1390.01,783.01,2231.69,1630.0,905.5,2584.75
2025-10-13 07:00:00+00:00,63510.55,54809.71,1013.44,805.22,6882.18,1370.25,747.5,7752.5
2025-10-13 08:00:00+00:00,64376.89,50893.96,740.41,648.3,12094.22,1046.75,591.25,13850.0
2025-10-13 09:00:00+00:00,65129.68,47474.44,668.02,484.56,16502.66,918.0,496.5,19059.75
2025-10-13 10:00:00+00:00,64518.64,43963.68,758.5,388.81,19407.65,939.75,498.0,22292.5
2025-10-13 11:00:00+00:00,63062.77,41854.07,837.19,441.03,19930.48,1016.5,526.0,23412.75
2025-10-13 12:00:00+00:00,61598.34,41987.09,1038.6,468.16,18104.5,1162.25,546.5,22195.0
2025-10-13 13:00:00+00:00,60406.25,44205.43,1254.18,444.92,14501.71,1353.5,616.75,18212.25
2025-10-13 14:00:00+00:00,59780.33,48621.17,1387.62,551.77,9219.76,1694.75,764.25,12744.75
2025-10-13 15:00:00+00:00,60503.81,55014.33,1410.6,790.21,3288.67,1816.75,974.25,5665.25
2025-10-13 16:00:00+00:00,62048.18,59083.71,1638.0,1077.4,249.07,2301.75,1196.0,458.75
2025-10-13 17:00:00+00:00,62522.12,59049.94,2060.79,1329.99,81.4,2948.5,1362.25,0.0
2025-10-13 18:00:00+00:00,59330.51,55329.34,2486.69,1494.77,19.71,3208.25,1445.75,0.0
2025-10-13 19:00:00+00:00,55715.33,51208.87,2914.26,1580.83,11.38,3049.25,1442.0,0.0
2025-10-13 20:00:00+00:00,52237.76,47624.28,3063.13,1538.88,11.46,2850.25,1408.0,0.0
2025-10-13 21:00:00+00:00,48786.27,43926.48,3340.33,1509.21,10.25,2685.75,1406.25,0.0
2025-10-13 22:00:00+00:00,46347.96,41071.06,3643.49,1623.28,10.13,3156.25,1803.75,0.0
2025-10-13 23:00:00+00:00,44612.32,38558.35,4130.79,1913.33,9.86,3512.25,2039.0,0.0
2025-10-14 00:00:00+00:00,44003.86,37202.88,4765.62,2025.46,9.9,3935.75,2371.75,0.0
2025-10-14 01:00:00+00:00,44179.51,36428.24,5398.47,2342.88,9.92,4381.0,2730.0,0.0
2025-10-14 02:00:00+00:00,45833.53,37187.84,6098.99,2536.64,10.06,4928.25,3010.0,0.0
2025-10-14 03:00:00+00:00,49459.7,40017.0,6714.56,2717.58,10.56,5488.75,3235.25,0.0
2025-10-14 04:00:00+00:00,56736.27,46991.96,7215.09,2517.13,12.1,5959.75,3430.5,0.0
2025-10-14 05:00:00+00:00,61730.52,51702.83,7238.17,2699.21,90.3,6138.0,3640.0,111.75
2025-10-14 06:00:00+00:00,63961.34,51732.74,7010.65,2996.03,2221.92,6047.25,3747.75,2557.5
2025-10-14 07:00:00+00:00,63909.54,47915.32,5990.89,2883.22,7120.11,5423.0,3716.25,8074.0
2025-10-14 08:00:00+00:00,64323.64,43596.7,4958.05,3086.05,12682.84,4749.0,3434.5,14126.75
2025-10-14 09:00:00+00:00,64537.88,39016.48,4759.66,2870.93,17890.81,4551.75,3091.75,18507.75
2025-10-14 10:00:00+00:00,63779.83,35486.84,4714.58,2649.46,20928.95,4455.75,2883.75,20443.0
2025-10-14 11:00:00+00:00,62029.98,33990.96,4638.85,2431.92,20968.25,4330.0,2852.25,20351.5
2025-10-14 12:00:00+00:00,59992.12,34310.23,4378.71,2019.11,19284.08,4254.0,2804.0,18560.0
2025-10-14 13:00:00+00:00,59029.59,37585.67,3973.41,1730.6,15739.9,4087.0,2653.5,14982.75
2025-10-14 14:00:00+00:00,58635.75,43358.35,3530.31,1663.32,10083.77,3769.75,2429.25,9558.25
2025-10-14 15:00:00+00:00,59835.78,51577.77,3195.59,1474.42,3588.0,3422.75,2239.5,3537.75
2025-10-14 16:00:00+00:00,61488.44,57085.2,2896.33,1257.69,249.21,3312.75,2057.75,292.5
2025-10-14 17:00:00+00:00,61962.45,58179.81,2655.22,1025.3,102.11,3334.0,1866.75,0.0
2025-10-14 18:00:00+00:00,59125.11,55355.34,2715.39,1021.72,32.66,3153.5,1683.5,0.0
2025-10-14 19:00:00+00:00,55565.44,52115.41,2536.53,901.07,12.43,2711.75,1525.5,0.0
2025-10-14 20:00:00+00:00,51833.8,49013.43,1992.49,816.65,11.24,2296.75,1374.75,0.0
2025-10-14 21:00:00+00:00,48166.13,45815.78,1624.07,715.3,10.98,1919.0,1174.25,0.0
2025-10-14 22:00:00+00:00,45639.94,43834.43,1258.64,535.73,11.14,1704.75,1140.0,0.0
2025-10-14 23:00:00+00:00,43937.78,42374.45,1027.95,524.74,10.64,1449.75,1125.0,0.0
2025-10-15 00:00:00+00:00,43270.36,41625.84,1017.64,617.55,9.34,1313.25,1146.75,0.0
2025-10-15 01:00:00+00:00,43722.39,41913.82,1025.68,773.23,9.65,1229.5,1239.75,0.0
2025-10-15 02:00:00+00:00,45044.44,42798.55,1220.96,1015.21,9.72,1170.0,1342.25,0.0
2025-10-15 03:00:00+00:00,48642.52,46158.56,1311.16,1162.8,10.0,1120.5,1468.75,0.0
2025-10-15 04:00:00+00:00,56103.86,53225.21,1382.04,1483.84,12.78,1113.75,1556.0,0.0
2025-10-15 05:00:00+00:00,61403.86,58090.26,1588.18,1647.32,78.1,1147.25,1646.5,94.0
2025-10-15 06:00:00+00:00,63874.89,58593.36,1716.12,1673.46,1891.95,1256.75,1677.75,2077.5
2025-10-15 07:00:00+00:00,64411.36,54723.57,1547.17,1660.15,6480.47,1246.0,1684.5,6485.75
2025-10-15 08:00:00+00:00,65157.99,50125.52,1385.45,1777.81,11869.21,1212.75,1724.75,11583.75
2025-10-15 09:00:00+00:00,65780.86,46439.72,1630.26,1689.55,16021.33,1355.5,1802.5,15835.0
2025-10-15 10:00:00+00:00,64684.44,43203.54,1921.92,2045.17,17513.81,1590.75,1937.0,18206.25
2025-10-15 11:00:00+00:00,63184.05,42367.82,2348.24,2028.08,16439.92,1925.25,2117.25,18423.75
2025-10-15 12:00:00+00:00,61712.1,42426.47,2915.87,2419.21,13950.56,2443.5,2310.25,16963.5
2025-10-15 13:00:00+00:00,61108.37,44592.17,3304.21,2660.14,10551.86,2977.25,2508.0,13518.75
2025-10-15 14:00:00+00:00,60907.75,47719.29,3619.15,3003.42,6565.89,3299.0,2694.5,8470.75
2025-10-15 15:00:00+00:00,62208.15,52598.37,3887.63,3315.14,2407.02,3375.0,2959.25,3037.5
2025-10-15 16:00:00+00:00,63671.74,55323.29,4304.36,3872.63,171.46,3777.5,3251.25,226.75
2025-10-15 17:00:00+00:00,64027.0,55318.23,4683.85,3979.94,44.98,4456.0,3514.5,0.0
2025-10-15 18:00:00+00:00,61026.29,51758.66,5099.2,4140.26,28.17,5020.25,3737.0,0.0
2025-10-15 19:00:00+00:00,57928.71,47690.14,5657.76,4556.5,24.3,5349.5,4017.75,0.0
2025-10-15 20:00:00+00:00,53982.8,43765.21,6136.36,4067.09,14.13,5630.75,4297.0,0.0
2025-10-15 21:00:00+00:00,50670.59,39238.83,6847.5,4573.85,10.4,5973.75,4463.5,0.0
2025-10-15 22:00:00+00:00,47553.3,35159.03,7262.87,5120.81,10.59,6540.75,4923.25,0.0
2025-10-15 23:00:00+00:00,46121.04,32934.72,7442.24,5733.8,10.28,7005.75,5070.75,0.0
2025-10-16 00:00:00+00:00,44578.15,32489.63,7077.53,5000.83,10.17,7426.0,5152.75,0.0
2025-10-16 01:00:00+00:00,44601.71,32731.98,7158.26,4701.04,10.43,7766.0,5211.5,0.0
2025-10-16 02:00:00+00:00,46112.13,33753.7,7266.6,5081.45,10.37,7995.0,5343.0,0.0
2025-10-16 03:00:00+00:00,50438.03,37603.06,7542.09,5281.26,11.63,8150.25,5433.5,0.0
2025-10-16 04:00:00+00:00,57902.63,44500.72,7764.87,5609.87,27.18,8427.25,5328.0,0.0
2025-10-16 05:00:00+00:00,63290.47,49780.44,8014.93,5443.97,51.12,8695.25,5218.0,75.25
2025-10-16 06:00:00+00:00,65435.82,50959.27,8254.29,4643.85,1578.41,8912.0,5144.0,1998.25
2025-10-16 07:00:00+00:00,65843.45,47932.38,8278.65,4099.06,5533.36,8847.5,4950.25,6415.25
2025-10-16 08:00:00+00:00,66147.93,44570.16,7731.55,3755.05,10091.17,8932.75,4638.75,11394.5
2025-10-16 09:00:00+00:00,66059.17,40384.22,7091.66,4231.29,14352.0,9536.5,4440.5,15629.0
2025-10-16 10:00:00+00:00,65250.66,36793.96,6988.11,4668.66,16799.93,10092.0,4251.0,18301.75
2025-10-16 11:00:00+00:00,64625.36,35943.22,7461.62,4681.66,16538.86,10605.0,4133.0,18682.75
2025-10-16 12:00:00+00:00,63030.75,36521.86,8261.31,3863.1,14384.49,11160.25,4130.0,17051.75
2025-10-16 13:00:00+00:00,62492.23,37593.82,9383.61,4389.45,11125.35,11420.0,4223.25,13567.25
2025-10-16 14:00:00+00:00,61401.84,41491.66,8952.07,4358.65,6599.46,11106.0,4397.0,8492.25
2025-10-16 15:00:00+00:00,62509.37,47880.32,7853.82,4688.57,2086.66,10456.75,4600.25,2987.75
2025-10-16 16:00:00+00:00,64078.69,50792.39,8081.78,5062.79,141.73,10409.0,4827.75,225.75
2025-10-16 17:00:00+00:00,64259.43,50060.49,8367.82,5775.15,55.97,10701.75,4829.5,0.0
2025-10-16 18:00:00+00:00,61610.37,46511.67,9232.66,5846.34,19.7,10959.25,4760.5,0.0
2025-10-16 19:00:00+00:00,58118.65,43622.93,9451.81,5024.99,18.92,11047.0,4689.75,0.0
2025-10-16 20:00:00+00:00,54473.55,40493.8,9170.56,4797.08,12.11,10638.5,4569.75,0.0
2025-10-16 21:00:00+00:00,50940.13,36708.31,9099.28,5121.35,11.19,10253.25,4326.0,0.0
2025-10-16 22:00:00+00:00,48208.44,34114.44,8725.14,5357.49,11.37,9246.5,4711.25,0.0
2025-10-16 23:00:00+00:00,46239.78,32661.68,8336.27,5230.42,11.41,8946.75,4447.0,0.0
2025-10-17 00:00:00+00:00,45066.48,31928.43,8074.7,5052.08,11.27,8657.75,4280.75,0.0
2025-10-17 01:00:00+00:00,44849.34,32075.42,8304.49,4459.37,10.07,8667.25,4181.5,0.0
2025-10-17 02:00:00+00:00,45802.93,32944.8,8602.34,4245.66,10.13,8713.75,4141.25,0.0
2025-10-17 03:00:00+00:00,49464.3,37086.15,8519.37,3848.31,10.47,8667.0,4172.0,0.0
2025-10-17 04:00:00+00:00,56966.96,44602.93,8616.54,3734.56,12.94,8885.75,4186.0,0.0
2025-10-17 05:00:00+00:00,62452.75,50137.8,8779.85,3487.74,47.37,8932.25,4118.0,68.25
2025-10-17 06:00:00+00:00,64862.84,51460.06,8195.82,3601.46,1605.5,8628.0,3980.5,2108.0
2025-10-17 07:00:00+00:00,64887.47,48773.71,7057.04,3170.39,5886.33,7991.0,3846.25,6894.25
2025-10-17 08:00:00+00:00,65647.1,44293.58,7076.96,3190.8,11085.75,7857.5,3679.5,12387.5
2025-10-17 09:00:00+00:00,66114.9,39615.26,8291.12,3120.87,15087.66,8493.5,3603.0,16813.25
2025-10-17 10:00:00+00:00,65116.58,36494.33,9326.78,2891.91,16403.56,9261.75,3612.0,19043.5
2025-10-17 11:00:00+00:00,63160.08,34556.66,10872.31,2722.58,15008.53,10217.75,3658.75,18846.0
2025-10-17 12:00:00+00:00,61748.24,34611.79,11546.95,3049.9,12539.6,11248.25,3690.5,16849.5
2025-10-17 13:00:00+00:00,60851.73,36381.43,12038.42,3204.67,9227.21,11779.0,3749.75,13167.0
2025-10-17 14:00:00+00:00,60911.2,40168.83,11821.05,3731.21,5190.11,11571.25,3815.25,8084.0
2025-10-17 15:00:00+00:00,61638.6,45014.04,10777.42,4204.31,1642.82,10901.75,3958.0,2833.25
2025-10-17 16:00:00+00:00,62855.76,47771.59,10448.44,4514.9,120.83,10706.75,4052.0,207.0
2025-10-17 17:00:00+00:00,62768.96,47022.21,11080.2,4620.23,46.33,10871.25,4146.0,0.0
2025-10-17 18:00:00+00:00,60272.19,44234.38,11630.92,4386.69,20.2,10958.75,4054.25,0.0
2025-10-17 19:00:00+00:00,57245.31,41355.9,11698.31,4177.22,13.88,10634.75,3719.0,0.0
2025-10-17 20:00:00+00:00,53272.36,38208.61,11374.92,3676.67,12.15,10002.75,3255.75,0.0
2025-10-17 21:00:00+00:00,49596.25,35466.14,11136.0,2983.41,10.7,9414.5,2773.5,0.0
2025-10-17 22:00:00+00:00,46480.37,33215.28,10631.39,2623.88,9.83,9643.0,2072.75,0.0
2025-10-17 23:00:00+00:00,44306.03,31936.4,9962.91,2397.04,9.67,9167.25,1733.75,0.0
2025-10-18 00:00:00+00:00,42803.48,31561.84,9264.85,1966.79,10.0,8528.25,1472.5,0.0
2025-10-18 01:00:00+00:00,42614.9,31757.71,8960.49,1886.86,9.82,7900.75,1306.0,0.0
2025-10-18 02:00:00+00:00,43199.99,32926.13,8612.23,1651.49,10.14,7300.25,1190.75,0.0
2025-10-18 03:00:00+00:00,43987.17,34350.15,8041.28,1585.46,10.29,6726.25,1096.0,0.0
2025-10-18 04:00:00+00:00,46271.76,37215.7,7427.58,1616.12,12.36,6240.25,1008.5,0.0
2025-10-18 05:00:00+00:00,49024.67,40661.85,6775.56,1523.67,63.59,5673.25,927.5,120.25
2025-10-18 06:00:00+00:00,51858.72,41595.43,5863.41,1448.32,2951.56,5036.5,855.0,4087.75
2025-10-18 07:00:00+00:00,53725.92,36542.24,4213.04,1438.9,11531.74,3908.5,776.25,12939.0
2025-10-18 08:00:00+00:00,54550.19,28651.77,2832.02,1220.75,21845.65,2771.75,670.75,22077.75
2025-10-18 09:00:00+00:00,54808.24,21101.59,2717.11,1100.97,29888.57,2255.5,566.0,29066.0
2025-10-18 10:00:00+00:00,53595.97,16958.84,2645.25,1049.85,32942.02,1948.75,482.5,32578.25
2025-10-18 11:00:00+00:00,50804.51,14985.14,2258.95,807.84,32752.58,1680.75,427.25,32495.25
2025-10-18 12:00:00+00:00,49053.89,16129.44,1950.38,698.77,30275.3,1510.25,386.75,29649.5
2025-10-18 13:00:00+00:00,47838.57,20884.4,1728.44,631.18,24594.54,1445.75,371.25,23351.75
2025-10-18 14:00:00+00:00,48664.93,30964.14,1660.57,652.8,15387.41,1497.0,380.5,14084.5
2025-10-18 15:00:00+00:00,50554.7,43242.16,2030.05,878.95,4403.54,1923.0,443.25,4572.0
2025-10-18 16:00:00+00:00,53168.59,47702.83,4106.87,1199.11,159.78,3243.75,586.25,266.25
2025-10-18 17:00:00+00:00,53175.71,44028.55,7553.24,1533.01,60.91,5173.5,805.0,0.0
2025-10-18 18:00:00+00:00,50202.02,38462.29,9819.51,1888.26,31.96,6924.0,1100.0,0.0
2025-10-18 19:00:00+00:00,47926.4,34117.49,11373.85,2409.19,25.87,8393.5,1431.0,0.0
2025-10-18 20:00:00+00:00,45747.58,30722.78,12306.21,2693.14,25.45,9415.75,1758.25,0.0
2025-10-18 21:00:00+00:00,43156.83,26887.6,13230.13,3013.51,25.58,10237.5,2044.0,0.0
2025-10-18 22:00:00+00:00,40810.66,23598.92,13901.41,3296.39,13.94,10965.5,2306.5,0.0
2025-10-18 23:00:00+00:00,39136.94,20967.16,14790.06,3367.16,12.56,11312.75,2402.25,0.0
2025-10-19 00:00:00+00:00,38408.29,20054.92,14938.4,3403.03,11.95,11553.25,2514.75,0.0
2025-10-19 01:00:00+00:00,38062.2,19731.18,14930.15,3388.57,12.3,11680.5,2622.75,0.0
2025-10-19 02:00:00+00:00,38480.3,20483.17,14817.0,3168.23,11.91,11874.75,2693.25,0.0
2025-10-19 03:00:00+00:00,39003.41,20793.14,14999.83,3197.03,13.41,12383.0,2771.25,0.0
2025-10-19 04:00:00+00:00,39874.1,20784.36,15792.8,3283.97,12.98,13352.25,2901.0,0.0
2025-10-19 05:00:00+00:00,41885.22,21925.88,16773.77,3096.08,89.48,14316.75,3079.5,87.25
2025-10-19 06:00:00+00:00,44727.07,21294.38,17678.57,3188.58,2565.54,15110.5,3294.0,2869.75
2025-10-19 07:00:00+00:00,48085.25,18525.81,17114.66,3356.52,9088.25,15243.5,3497.5,9116.0
2025-10-19 08:00:00+00:00,50173.0,14407.81,14953.74,3660.09,17151.36,13478.0,3677.0,15685.5
2025-10-19 09:00:00+00:00,51900.78,10768.72,12956.34,3770.29,24405.43,11387.75,3783.0,21658.0
2025-10-19 10:00:00+00:00,51614.51,8777.31,11725.3,3144.06,27967.84,10991.5,3747.5,25674.0
2025-10-19 11:00:00+00:00,49142.72,7553.4,10455.68,3241.92,27891.72,10896.75,3659.0,26423.75
2025-10-19 12:00:00+00:00,47095.15,7573.08,11580.17,3472.97,24468.94,11110.0,3646.25,23565.75
2025-10-19 13:00:00+00:00,46865.38,9936.41,13895.99,4596.77,18436.21,11724.5,3823.75,17633.25
2025-10-19 14:00:00+00:00,47768.46,18323.53,15023.13,4761.11,9660.7,12668.25,4221.0,10099.25
2025-10-19 15:00:00+00:00,50191.52,25520.78,16956.6,5385.58,2328.55,14932.25,4848.75,3108.0
2025-10-19 16:00:00+00:00,54605.28,26310.34,21939.29,6283.38,72.27,18497.75,5482.75,163.5
2025-10-19 17:00:00+00:00,55344.85,22801.19,25895.48,6628.66,19.52,21333.25,5956.0,0.0
2025-10-19 18:00:00+00:00,53405.12,20194.49,26741.28,6455.85,13.49,22769.0,6213.25,0.0
2025-10-19 19:00:00+00:00,51546.58,18991.24,25996.86,6544.3,14.17,23486.25,6299.25,0.0
2025-10-19 20:00:00+00:00,50264.21,19531.37,24391.43,6329.16,12.25,23089.25,6225.0,0.0
2025-10-19 21:00:00+00:00,47335.12,16987.16,23825.97,6511.88,10.12,22854.75,6127.0,0.0
2025-10-19 22:00:00+00:00,45256.45,15762.71,23028.13,6455.03,10.58,22555.5,5997.25,0.0
2025-10-19 23:00:00+00:00,43881.09,15054.42,22522.99,6292.79,10.9,22378.0,6003.5,0.0
2025-10-20 00:00:00+00:00,43235.77,14338.67,22684.97,6201.85,10.28,22431.0,6037.0,0.0
2025-10-20 01:00:00+00:00,43355.08,14229.1,22942.35,6172.78,10.85,23021.5,6123.75,0.0
2025-10-20 02:00:00+00:00,45028.67,15603.6,23204.66,6209.79,10.61,23763.0,6266.5,0.0
2025-10-20 03:00:00+00:00,48987.2,18619.93,23853.09,6503.06,11.12,24485.75,6447.5,0.0
2025-10-20 04:00:00+00:00,57461.18,25517.0,25078.06,6853.09,13.03,25764.75,6636.75,0.0
2025-10-20 05:00:00+00:00,63925.34,31776.28,24708.31,7343.28,97.48,26238.0,6672.25,82.75
2025-10-20 06:00:00+00:00,66522.85,32593.06,24449.94,7307.6,2172.24,26004.75,6650.75,2709.0
2025-10-20 07:00:00+00:00,67256.59,30150.49,22775.41,7323.54,7007.15,25275.0,6570.0,8294.0
2025-10-20 08:00:00+00:00,67303.27,27621.48,20832.07,6909.88,11939.85,23788.25,6384.25,13365.25
2025-10-20 09:00:00+00:00,68229.68,26914.97,19129.59,6676.53,15508.59,22052.0,6064.25,16635.0
2025-10-20 10:00:00+00:00,67055.93,26595.21,18191.64,5964.68,16304.4,20722.0,5685.0,17711.25
2025-10-20 11:00:00+00:00,66337.01,27139.83,18044.95,5337.81,15814.42,19978.75,5264.0,16702.0
2025-10-20 12:00:00+00:00,63812.81,26621.49,18512.39,5217.37,13461.55,19798.5,4840.0,14054.5
2025-10-20 13:00:00+00:00,63311.0,30456.44,18411.37,4747.09,9696.1,19913.25,4452.0,10288.25
2025-10-20 14:00:00+00:00,62788.53,33751.68,19451.18,4369.95,5215.71,20691.0,4269.25,5888.25
2025-10-20 15:00:00+00:00,64350.06,36373.38,21680.88,4746.09,1549.71,22447.0,4388.0,1815.75
2025-10-20 16:00:00+00:00,66526.17,36237.81,24840.09,5319.64,128.63,24727.0,4843.25,120.0
2025-10-20 17:00:00+00:00,65860.89,33163.29,26948.6,5684.8,64.21,26576.0,5393.25,0.0
2025-10-20 18:00:00+00:00,62766.57,28433.44,27894.62,6410.31,28.21,27736.75,5878.75,0.0
2025-10-20 19:00:00+00:00,58686.39,23610.65,28107.0,6954.31,14.43,29016.25,6263.5,0.0
2025-10-20 20:00:00+00:00,55264.49,20916.2,27224.62,7108.03,15.64,29222.75,6402.5,0.0
2025-10-20 21:00:00+00:00,51717.7,17443.67,27432.99,6825.25,15.79,29695.25,6469.5,0.0
2025-10-20 22:00:00+00:00,48738.23,13712.35,27666.61,7343.05,16.22,29511.0,6670.0,0.0
2025-10-20 23:00:00+00:00,46914.59,11440.8,28439.96,7017.88,15.96,29932.0,6673.75,0.0
2025-10-21 00:00:00+00:00,46037.79,10432.76,28904.21,6686.04,14.77,30252.5,6669.0,0.0
2025-10-21 01:00:00+00:00,45943.11,9987.75,29333.36,6606.89,15.1,30683.75,6692.5,0.0
2025-10-21 02:00:00+00:00,47410.84,11298.29,29961.66,6136.09,14.8,31148.5,6741.75,0.0
2025-10-21 03:00:00+00:00,50588.68,13949.78,30677.0,5946.53,15.37,31551.75,6746.25,0.0
2025-10-21 04:00:00+00:00,58116.62,19051.3,32740.02,6309.5,15.81,32604.75,6698.25,0.0
2025-10-21 05:00:00+00:00,64124.34,24675.27,32818.21,6597.74,33.12,33066.0,6667.75,47.5
2025-10-21 06:00:00+00:00,66760.67,26312.52,32552.12,6061.35,1834.68,32793.25,6507.25,2429.75
2025-10-21 07:00:00+00:00,67048.0,22780.05,31198.51,5312.88,7756.57,32302.25,6088.75,8378.5
2025-10-21 08:00:00+00:00,67760.79,18345.62,30519.45,4813.19,14082.53,31784.75,5666.0,14624.5
2025-10-21 09:00:00+00:00,67956.47,15021.08,30531.28,4708.13,17695.99,31699.5,5294.5,18930.0
2025-10-21 10:00:00+00:00,67379.69,12999.74,30515.82,4828.94,19035.19,31698.0,5361.25,21116.25
2025-10-21 11:00:00+00:00,65467.4,11838.14,30203.67,5083.89,18341.7,30931.25,5486.25,20941.75
2025-10-21 12:00:00+00:00,63492.17,12258.63,29494.41,5488.13,16251.01,29808.5,5714.5,18675.25
2025-10-21 13:00:00+00:00,62315.63,16836.31,27957.35,4558.93,12963.04,28100.75,5800.0,14797.75
2025-10-21 14:00:00+00:00,62169.28,23477.12,26136.71,4827.24,7728.2,26032.0,5931.75,8966.25
2025-10-21 15:00:00+00:00,63971.79,31910.31,23627.29,6320.03,2114.16,24478.75,6091.25,2652.25
2025-10-21 16:00:00+00:00,66538.39,37699.01,22692.28,6074.34,72.76,23963.5,6195.5,92.5
2025-10-21 17:00:00+00:00,66275.85,37164.24,22884.83,6196.29,30.49,24121.75,6171.5,0.0
2025-10-21 18:00:00+00:00,62995.42,34117.96,23091.89,5767.42,18.15,24517.0,6214.0,0.0
2025-10-21 19:00:00+00:00,58836.02,29994.97,22967.12,5857.64,16.28,25147.5,6262.25,0.0
2025-10-21 20:00:00+00:00,54761.06,27109.04,21582.18,6055.48,14.35,24819.0,6256.5,0.0
2025-10-21 21:00:00+00:00,51222.03,24150.55,21301.58,5757.1,12.81,24467.25,6229.25,0.0
2025-10-21 22:00:00+00:00,48160.01,21766.64,20510.31,5869.54,13.52,21885.5,6122.25,0.0
2025-10-21 23:00:00+00:00,45711.84,20443.45,19606.78,5646.98,14.63,21134.5,6006.0,0.0
2025-10-22 00:00:00+00:00,44457.38,20227.09,18481.48,5734.25,14.56,20337.25,5824.0,0.0
2025-10-22 01:00:00+00:00,44430.41,21453.71,17422.04,5540.3,14.36,19573.75,5770.0,0.0
2025-10-22 02:00:00+00:00,45776.02,23716.23,16567.55,5477.64,14.61,18717.25,5762.25,0.0
2025-10-22 03:00:00+00:00,49588.58,28404.11,15415.59,5753.28,15.59,17841.75,5756.0,0.0
2025-10-22 04:00:00+00:00,57211.17,36909.53,14723.19,5563.93,14.52,17298.0,5785.5,0.0
2025-10-22 05:00:00+00:00,63492.0,44010.48,13919.49,5534.16,27.87,16400.25,5709.75,21.5
2025-10-22 06:00:00+00:00,65779.97,46648.29,13291.32,4820.72,1019.63,15061.0,5533.75,1215.25
2025-10-22 07:00:00+00:00,66299.96,45076.15,12167.18,4691.45,4365.18,13449.0,5288.25,4538.0
2025-10-22 08:00:00+00:00,66892.0,42928.18,11092.83,4330.59,8540.41,11833.75,4980.25,8309.0
2025-10-22 09:00:00+00:00,67262.34,41567.51,9862.37,4220.63,11611.83,10754.75,4589.25,11357.5
2025-10-22 10:00:00+00:00,66208.44,39713.31,8893.86,4150.29,13450.98,10053.25,4291.75,13038.5
2025-10-22 11:00:00+00:00,64796.57,38671.91,8066.63,4080.48,13977.56,9281.25,4024.5,13352.0
2025-10-22 12:00:00+00:00,63117.55,39589.99,7324.72,3830.76,12372.08,8410.0,3717.5,12467.5
2025-10-22 13:00:00+00:00,62160.84,43663.79,6121.64,3125.4,9250.02,7231.0,3378.5,10078.5
2025-10-22 14:00:00+00:00,61157.5,49147.61,4396.21,2464.91,5148.77,5891.5,3000.75,6192.0
2025-10-22 15:00:00+00:00,62164.5,55382.59,3505.41,1908.1,1368.4,4956.5,2558.5,1815.25
2025-10-22 16:00:00+00:00,63679.94,58925.29,3394.33,1250.45,109.87,4767.25,2085.0,68.75
2025-10-22 17:00:00+00:00,63084.95,58440.55,3765.78,789.09,89.53,4873.25,1587.5,0.0
2025-10-22 18:00:00+00:00,59911.87,54395.76,4380.4,1086.55,49.15,4900.75,1157.0,0.0
2025-10-22 19:00:00+00:00,56546.56,50567.55,4865.02,1091.95,22.03,4779.25,856.0,0.0
2025-10-22 20:00:00+00:00,52643.87,46453.65,5462.89,711.08,16.25,4900.25,689.5,0.0
2025-10-22 21:00:00+00:00,48811.51,41669.73,6491.8,638.3,11.69,5495.25,614.75,0.0
2025-10-22 22:00:00+00:00,45884.3,36870.9,8449.37,545.43,18.61,9139.75,627.0,0.0
2025-10-22 23:00:00+00:00,43600.8,31546.43,11319.71,722.07,12.58,11428.75,871.0,0.0
2025-10-23 00:00:00+00:00,41702.75,24894.93,15330.55,1466.64,10.63,14842.25,1464.5,0.0
2025-10-23 01:00:00+00:00,42465.1,19432.98,20413.57,2607.95,10.6,19088.25,2551.0,0.0
2025-10-23 02:00:00+00:00,44480.73,15199.75,24863.98,4406.07,10.93,23318.25,3949.25,0.0
2025-10-23 03:00:00+00:00,49168.18,15745.91,28366.18,5044.74,11.35,27048.75,5047.25,0.0
2025-10-23 04:00:00+00:00,56691.11,20419.54,30847.18,5410.81,13.58,30431.75,5695.25,0.0
2025-10-23 05:00:00+00:00,63005.5,23887.08,33468.41,5622.74,27.27,32600.75,5904.25,13.5
2025-10-23 06:00:00+00:00,66939.41,25609.55,34857.63,5711.64,760.6,33761.5,5940.5,840.0
2025-10-23 07:00:00+00:00,67868.31,24172.2,34976.91,5825.52,2893.67,34223.75,5985.75,3240.75
2025-10-23 08:00:00+00:00,67827.36,22859.02,33945.83,5306.71,5715.81,34143.25,6020.25,6237.75
2025-10-23 09:00:00+00:00,68074.68,21966.53,32897.08,5110.6,8100.48,33687.75,5879.0,8972.25
2025-10-23 10:00:00+00:00,68190.16,19463.63,33035.0,5657.68,10033.85,33118.75,5831.75,11048.25
2025-10-23 11:00:00+00:00,67871.26,17694.93,33770.78,5861.61,10543.95,32676.5,5893.75,11502.25
2025-10-23 12:00:00+00:00,66217.12,17012.63,34230.3,5201.86,9772.34,32868.0,5929.75,10783.75
2025-10-23 13:00:00+00:00,65778.49,18734.29,33870.95,5042.62,8130.63,32665.0,5877.25,8558.5
2025-10-23 14:00:00+00:00,64356.86,20725.27,33362.03,5648.65,4620.92,32380.75,5827.25,4993.25
2025-10-23 15:00:00+00:00,65196.78,24667.6,34742.06,4606.08,1181.04,32556.75,5557.5,1426.75
2025-10-23 16:00:00+00:00,66948.5,25500.94,36657.1,4731.87,58.59,33550.75,5060.75,48.75
2025-10-23 17:00:00+00:00,65860.91,23741.02,38051.31,4028.42,40.15,35072.75,4494.75,0.0
2025-10-23 18:00:00+00:00,62792.98,19768.01,39855.99,3141.23,27.75,36364.5,3931.75,0.0
2025-10-23 19:00:00+00:00,59413.79,16058.97,40563.8,2773.24,17.78,37535.5,3460.25,0.0
2025-10-23 20:00:00+00:00,55800.68,13870.6,39464.97,2448.39,16.71,37350.75,3067.5,0.0
2025-10-23 21:00:00+00:00,52123.82,9995.45,39606.88,2505.45,16.04,37675.25,2724.75,0.0
2025-10-23 22:00:00+00:00,49433.21,7534.89,38229.95,3652.91,15.46,39657.55,2714.15,0.0
2025-10-23 23:00:00+00:00,47171.83,4797.68,38737.75,3620.95,15.46,40004.52,3343.36,0.0
2025-10-24 00:00:00+00:00,46293.68,2921.07,39496.39,3860.63,15.59,40073.96,3745.02,0.0
2025-10-24 01:00:00+00:00,46725.09,3176.66,39220.7,4312.34,15.39,40528.96,4146.09,0.0
2025-10-24 02:00:00+00:00,48320.7,4909.97,38892.6,4502.46,15.67,41234.03,4477.0,0.0
2025-10-24 03:00:00+00:00,52001.25,7539.15,40195.44,4250.3,16.35,41846.14,4505.99,0.0
2025-10-24 04:00:00+00:00,59102.38,12457.15,42685.0,3942.61,17.63,43421.11,4411.27,0.0
2025-10-24 05:00:00+00:00,63789.44,17123.67,43455.56,3175.55,34.66,43514.4,4494.36,18.67
2025-10-24 06:00:00+00:00,67399.87,18707.59,44176.31,3178.51,1337.47,43284.85,4465.15,1529.47
2025-10-24 07:00:00+00:00,68143.83,15205.9,44360.18,3333.15,5244.6,43464.99,4491.57,5858.64
2025-10-24 08:00:00+00:00,69052.7,9631.78,45305.51,4284.1,9831.3,43916.69,4479.76,10874.29
2025-10-24 09:00:00+00:00,69386.33,5507.1,44975.41,5071.07,13832.74,44432.68,4467.61,15504.22
2025-10-24 10:00:00+00:00,67742.63,4136.51,42467.39,4923.71,16215.02,44392.68,4375.92,18886.35
2025-10-24 11:00:00+00:00,65763.08,3376.89,40834.98,4990.66,16560.55,44053.98,4081.31,19870.57
2025-10-24 12:00:00+00:00,64125.77,3066.19,40643.23,5013.88,15402.48,44291.15,3901.17,18227.6
2025-10-24 13:00:00+00:00,62688.3,2583.04,41915.5,5348.98,12840.78,44001.1,4001.37,14651.23
2025-10-24 14:00:00+00:00,62527.38,6762.45,42681.17,5307.01,7776.75,43834.37,4134.33,8887.49
2025-10-24 15:00:00+00:00,63637.63,14176.59,42834.69,4515.2,2111.15,43220.04,4301.89,2538.26
2025-10-24 16:00:00+00:00,64048.0,17483.2,42378.84,4096.27,89.69,42542.93,4541.95,54.81
2025-10-24 17:00:00+00:00,63347.42,17894.12,41230.83,4136.24,86.23,42423.03,4714.21,0.0
2025-10-24 18:00:00+00:00,60184.53,14015.61,41027.74,5105.04,36.13,42468.23,4831.17,0.0
2025-10-24 19:00:00+00:00,56273.03,10405.9,40814.05,5032.43,20.64,42451.01,4944.91,0.0
2025-10-24 20:00:00+00:00,53365.91,9262.2,38173.33,5912.99,17.39,41119.93,5033.98,0.0
2025-10-24 21:00:00+00:00,50165.81,7211.99,37079.48,5856.06,18.28,40494.66,5185.14,0.0
2025-10-24 22:00:00+00:00,47677.88,6007.27,36482.31,5167.84,20.45,37877.41,5675.4,0.0
2025-10-24 23:00:00+00:00,45752.47,4778.27,35762.64,5189.58,21.97,37099.8,5687.25,0.0
2025-10-25 00:00:00+00:00,44425.35,4221.73,34744.02,5444.14,15.45,36369.0,5715.35,0.0
2025-10-25 01:00:00+00:00,43991.46,3940.25,34165.39,5871.5,14.32,36021.27,5713.24,0.0
2025-10-25 02:00:00+00:00,44078.21,4485.3,33862.16,5718.06,12.7,35871.59,5723.04,0.0
2025-10-25 03:00:00+00:00,45022.9,4533.31,34851.95,5623.98,13.67,35904.06,5713.86,0.0
2025-10-25 04:00:00+00:00,47384.69,4650.39,37099.39,5619.04,15.87,37112.91,5679.64,0.0
2025-10-25 05:00:00+00:00,50360.59,6755.36,37734.98,5843.5,26.74,37731.05,5634.38,14.71
2025-10-25 06:00:00+00:00,53320.48,7406.93,38042.25,6673.33,1197.98,37538.96,5618.13,1354.23
2025-10-25 07:00:00+00:00,55947.18,5861.0,38130.54,6631.14,5324.51,37574.99,5493.12,5188.14
2025-10-25 08:00:00+00:00,57477.84,3716.32,38350.16,6480.94,8930.42,37833.45,5480.38,9213.24
2025-10-25 09:00:00+00:00,58602.7,2559.37,38605.15,6307.29,11130.89,38204.42,5463.5,11506.26
2025-10-25 10:00:00+00:00,58600.51,2205.67,39221.05,5916.9,11256.88,38289.2,5467.3,12094.78
2025-10-25 11:00:00+00:00,57269.2,1363.8,38838.7,6365.03,10701.67,37749.65,5500.11,11594.0
2025-10-25 12:00:00+00:00,55512.91,1616.22,37630.2,6010.97,10255.52,37150.96,5518.13,10285.05
2025-10-25 13:00:00+00:00,54605.26,2713.08,37122.3,6903.7,7866.18,36749.58,5510.35,7886.1
2025-10-25 14:00:00+00:00,54997.49,6626.67,36767.1,7071.29,4532.43,37155.95,5564.69,4516.08
2025-10-25 15:00:00+00:00,56972.64,11159.78,36803.09,7903.82,1105.95,37610.42,5613.71,1196.96
2025-10-25 16:00:00+00:00,59184.41,14838.05,36507.19,7771.46,67.71,37528.81,5665.44,31.0
2025-10-25 17:00:00+00:00,58009.06,15478.56,35553.53,6865.37,111.6,37345.21,5689.62,0.0
2025-10-25 18:00:00+00:00,54993.54,12493.84,35135.79,7328.49,35.43,37379.35,5682.11,0.0
2025-10-25 19:00:00+00:00,52603.22,10878.09,34263.46,7442.62,19.05,37625.94,5658.46,0.0
2025-10-25 20:00:00+00:00,50577.14,11577.94,31866.88,7111.91,20.41,36753.53,5613.71,0.0
2025-10-25 21:00:00+00:00,47635.29,9610.08,31588.01,6421.23,15.98,36544.69,5591.7,0.0
2025-10-25 22:00:00+00:00,44448.09,6690.87,31337.44,6400.31,19.48,,5867.31,
2025-10-25 23:00:00+00:00,42570.9,4930.09,31455.51,6166.94,18.37,33243.27,5813.54,0.0
2025-10-26 00:00:00+00:00,41280.14,3895.09,31237.11,6132.95,15.0,33457.25,5739.19,0.0
2025-10-26 01:00:00+00:00,40662.21,2490.19,31987.89,6168.82,15.31,33919.7,5662.18,0.0
2025-10-26 02:00:00+00:00,40761.86,1485.52,33050.48,6211.48,14.37,34904.21,5675.43,0.0
2025-10-26 03:00:00+00:00,41108.54,-12.18,34581.82,6523.38,15.53,36062.01,5854.7,0.0
2025-10-26 04:00:00+00:00,41512.62,-1074.58,36279.74,6291.74,15.72,37325.97,6020.24,0.0
2025-10-26 05:00:00+00:00,43291.18,-2471.55,39186.16,6556.32,20.24,38987.52,6018.59,14.09
2025-10-26 06:00:00+00:00,45619.98,-1447.34,38956.61,6749.14,1361.57,38895.97,6011.75,2059.1
2025-10-26 07:00:00+00:00,49492.73,-1694.74,37757.8,6705.02,6724.66,38493.61,4087.1,7591.7
2025-10-26 08:00:00+00:00,52674.85,-2762.67,37175.21,6169.56,12092.75,39023.11,4008.51,12464.95
2025-10-26 09:00:00+00:00,53987.57,-4991.17,38564.83,6269.12,14144.8,40064.01,3946.02,14659.54
2025-10-26 10:00:00+00:00,55159.42,-3390.65,38082.45,5802.54,14665.08,40595.13,3878.19,14508.39
2025-10-26 11:00:00+00:00,55140.6,-2436.23,38031.99,5517.59,14027.25,41203.59,3788.77,12854.22
2025-10-26 12:00:00+00:00,53531.18,-492.41,37264.28,4839.9,11919.41,41973.5,3781.29,11010.94
2025-10-26 13:00:00+00:00,52418.35,1387.13,37482.58,4863.48,8685.17,42120.95,3767.8,8704.17
2025-10-26 14:00:00+00:00,52491.55,442.69,41457.45,5707.97,4883.43,42752.82,3771.33,5260.5
2025-10-26 15:00:00+00:00,53915.13,1836.43,44463.89,6274.23,1340.58,43844.23,5377.07,1494.61
2025-10-26 16:00:00+00:00,57012.75,5349.78,45916.87,5692.18,53.92,44391.33,5277.22,36.8
2025-10-26 17:00:00+00:00,56327.32,5686.45,45749.32,4860.98,30.57,44353.83,5285.73,2.0
2025-10-26 18:00:00+00:00,54817.25,5381.59,45317.38,4095.9,22.38,43977.26,5381.77,0.0
2025-10-26 19:00:00+00:00,52946.36,2773.51,45312.86,4840.98,19.02,43257.0,5512.07,0.0
2025-10-26 20:00:00+00:00,51821.19,2237.76,44427.22,5138.35,17.86,42427.27,5764.66,0.0
2025-10-26 21:00:00+00:00,51138.05,2818.0,42161.01,6143.38,15.66,41160.31,5792.08,0.0
2025-10-26 22:00:00+00:00,48360.96,1971.42,41267.66,5105.68,16.2,40665.47,5447.36,0.0
2025-10-26 23:00:00+00:00,46030.4,3228.24,38785.94,3999.59,16.63,40274.94,4312.08,0.0
2025-10-27 00:00:00+00:00,45034.25,2574.25,38093.14,4350.51,16.35,39441.71,3514.91,0.0
2025-10-27 01:00:00+00:00,44344.75,3140.17,37203.57,3984.33,16.68,39219.7,3320.97,0.0
2025-10-27 02:00:00+00:00,44927.12,4737.85,36338.63,3834.59,16.04,38665.22,3438.77,0.0
2025-10-27 03:00:00+00:00,46559.47,6825.28,35915.9,3801.77,16.52,37594.04,3599.32,0.0
2025-10-27 04:00:00+00:00,50806.16,10949.1,35256.52,4584.26,16.28,36483.19,3691.06,0.0
2025-10-27 05:00:00+00:00,59239.72,18470.55,37031.13,3718.46,19.59,36235.98,3776.13,6.11
2025-10-27 06:00:00+00:00,65088.7,25012.3,36092.26,3649.77,334.37,35127.71,3864.04,491.27
2025-10-27 07:00:00+00:00,68163.85,27719.75,34431.57,3886.28,2126.25,34219.19,3894.38,2242.5
2025-10-27 08:00:00+00:00,68627.42,25474.07,33474.86,4882.23,4796.27,33583.33,3970.17,4674.97
2025-10-27 09:00:00+00:00,68575.88,22907.89,32143.27,5028.7,8496.03,33170.68,4257.07,7009.0
2025-10-27 10:00:00+00:00,69149.17,20886.08,31521.61,5222.48,11519.01,32949.55,4813.98,8833.03
2025-10-27 11:00:00+00:00,68502.35,18831.93,31580.42,5747.53,12342.46,32964.34,5225.64,9844.34
2025-10-27 12:00:00+00:00,66839.9,17766.53,31257.74,6074.54,11741.09,33210.32,5333.69,9462.07
2025-10-27 13:00:00+00:00,65405.7,18800.94,30966.97,5997.83,9639.96,33027.75,5328.24,7734.77
2025-10-27 14:00:00+00:00,64840.2,21306.5,31992.26,6035.64,5505.8,33049.88,5326.36,4663.31
2025-10-27 15:00:00+00:00,64990.56,23545.1,33703.83,6433.72,1307.91,33175.06,5414.11,1238.04
2025-10-27 16:00:00+00:00,68376.04,26519.06,35159.05,6638.02,59.91,33246.14,5515.11,29.16
2025-10-27 17:00:00+00:00,68615.52,25896.42,35876.04,6769.23,73.83,33724.25,5581.15,0.0
2025-10-27 18:00:00+00:00,67255.63,22468.33,38357.8,6385.53,43.97,34647.47,5583.8,0.0
2025-10-27 19:00:00+00:00,63784.91,18708.87,39416.56,5642.33,17.15,35790.92,5616.12,0.0
2025-10-27 20:00:00+00:00,60601.56,14478.71,40005.64,6101.21,16.01,36481.01,5639.11,0.0
2025-10-27 21:00:00+00:00,56719.83,12440.76,38582.89,5680.42,15.77,36200.02,5715.52,0.0
2025-10-27 22:00:00+00:00,53216.68,8663.75,38899.88,5636.73,16.31,36402.34,5821.03,0.0
2025-10-27 23:00:00+00:00,49668.15,5704.76,38577.76,5368.77,16.86,37294.06,6011.96,0.0
2025-10-28 00:00:00+00:00,47869.82,4069.47,38234.28,5550.52,15.55,37056.0,6022.07,0.0
2025-10-28 01:00:00+00:00,47003.49,4721.55,36639.79,5626.74,15.42,36486.33,6056.78,0.0
2025-10-28 02:00:00+00:00,48247.67,6939.86,35540.5,5753.54,13.77,35745.25,6162.43,0.0
2025-10-28 03:00:00+00:00,49207.27,8792.59,34761.69,5639.14,13.85,34997.72,5963.45,0.0
2025-10-28 04:00:00+00:00,52503.62,13022.7,34635.8,4830.48,14.63,34673.29,5359.19,0.0
2025-10-28 05:00:00+00:00,59992.06,20505.93,35214.0,4251.02,21.11,35159.66,4714.12,2.58
2025-10-28 06:00:00+00:00,65407.47,24533.15,34997.22,4981.93,895.16,34189.13,4729.7,910.38
2025-10-28 07:00:00+00:00,68521.49,23811.43,34583.8,6532.06,3594.2,33853.62,5274.19,3486.92
2025-10-28 08:00:00+00:00,68544.0,21780.88,34254.37,6616.25,5892.5,34342.84,5624.23,5758.18
2025-10-28 09:00:00+00:00,69541.15,20513.84,35115.28,5771.41,8140.62,35052.63,5531.22,7474.34
2025-10-28 10:00:00+00:00,69895.96,17065.52,36529.98,5982.52,10317.94,35934.67,5457.42,8942.51
2025-10-28 11:00:00+00:00,69286.78,14742.82,37968.82,5277.9,11297.25,37075.94,5470.02,9911.01
2025-10-28 12:00:00+00:00,68171.82,14683.01,37825.45,5281.3,10382.06,38519.98,5521.87,9902.81
2025-10-28 13:00:00+00:00,65922.13,14979.95,37679.84,5467.71,7794.63,38958.02,5589.72,8181.39
2025-10-28 14:00:00+00:00,64958.06,17397.39,37476.4,5901.61,4182.67,38449.05,5655.97,4841.32
2025-10-28 15:00:00+00:00,65008.12,19963.65,38240.23,5861.45,942.79,37412.02,5614.04,1241.4
2025-10-28 16:00:00+00:00,68435.52,22489.94,39989.81,5897.31,58.46,36523.59,5581.33,22.43
2025-10-28 17:00:00+00:00,68596.8,23627.03,39233.06,5684.04,52.68,35853.73,5441.05,0.0
2025-10-28 18:00:00+00:00,65951.29,21618.2,38705.99,5598.4,28.7,35389.44,5371.94,0.0
2025-10-28 19:00:00+00:00,62822.07,19948.19,37670.75,5184.75,18.39,35353.62,5398.46,0.0
2025-10-28 20:00:00+00:00,58911.81,17048.75,36939.52,4906.48,17.06,34778.61,5405.86,0.0
2025-10-28 21:00:00+00:00,54755.58,14803.22,34879.91,5057.83,14.62,33212.8,5473.41,0.0
2025-10-28 22:00:00+00:00,51379.15,12008.13,34224.18,5132.07,14.77,32246.86,5691.1,0.0
2025-10-28 23:00:00+00:00,49319.59,9249.14,33728.41,6327.09,14.96,32260.01,5720.68,0.0
2025-10-29 00:00:00+00:00,47874.6,9264.21,32183.85,6410.55,15.99,30706.91,5914.86,0.0
2025-10-29 01:00:00+00:00,47161.89,9969.85,30957.71,6219.17,15.16,28965.22,6060.68,0.0
2025-10-29 02:00:00+00:00,47726.1,12526.24,29137.76,6047.17,14.93,27295.34,6175.09,0.0
2025-10-29 03:00:00+00:00,48749.8,15926.05,27138.13,5672.1,13.52,25618.47,6219.01,0.0
2025-10-29 04:00:00+00:00,52598.16,21056.0,25520.45,6008.72,12.98,24009.53,6223.85,0.0
2025-10-29 05:00:00+00:00,60901.35,29052.38,25215.05,6588.13,45.78,22960.0,6209.9,1.94
2025-10-29 06:00:00+00:00,65573.81,33485.6,23276.0,7122.15,1690.06,21491.33,6260.9,2156.88
2025-10-29 07:00:00+00:00,67790.35,31265.63,21203.36,6991.0,8330.36,20088.16,6339.58,9009.47
2025-10-29 08:00:00+00:00,67437.7,24682.35,18711.2,7533.55,16510.6,18667.17,6390.23,16565.82
2025-10-29 09:00:00+00:00,67125.46,19645.77,17824.95,7246.48,22408.27,18086.13,6246.92,22140.08
2025-10-29 10:00:00+00:00,66238.6,17705.83,17271.33,6947.18,24314.27,18461.99,5957.36,24387.22
2025-10-29 11:00:00+00:00,64845.78,18631.32,16889.96,6612.39,22712.1,18484.17,5684.36,23304.55
2025-10-29 12:00:00+00:00,63933.14,23051.53,16715.45,6271.63,17894.54,18260.7,5507.97,19788.94
2025-10-29 13:00:00+00:00,62799.35,28208.2,15949.56,6239.04,12402.55,17814.09,5373.42,14173.8
2025-10-29 14:00:00+00:00,62858.64,35651.76,15987.94,5787.88,5431.06,17651.42,5169.84,7174.6
2025-10-29 15:00:00+00:00,63793.6,40060.54,17390.42,5318.39,1024.25,18532.96,4973.25,1519.85
2025-10-29 16:00:00+00:00,66700.27,41565.85,20017.35,4998.12,118.95,20132.67,4651.63,22.88
2025-10-29 17:00:00+00:00,67012.57,38454.15,23219.8,5272.75,65.87,21674.02,4262.08,0.0
2025-10-29 18:00:00+00:00,65663.01,36245.69,23681.61,5697.76,37.95,22636.83,3842.58,0.0
2025-10-29 19:00:00+00:00,62247.38,33317.22,23312.01,5581.08,37.07,22927.09,3440.63,0.0
2025-10-29 20:00:00+00:00,58343.33,30835.13,22916.38,4571.49,20.33,22444.74,3029.24,0.0
2025-10-29 21:00:00+00:00,54423.03,29035.4,22138.66,3230.67,18.31,21427.07,2632.45,0.0
2025-10-29 22:00:00+00:00,49932.74,23955.27,22819.43,3141.75,16.29,20997.05,2389.83,0.0
2025-10-29 23:00:00+00:00,47087.27,20431.77,24154.52,2484.88,16.1,23978.23,3276.74,0.0
2025-10-30 00:00:00+00:00,45023.76,17013.75,25389.76,2604.92,15.33,24564.63,3009.31,0.0
2025-10-30 01:00:00+00:00,44285.06,14080.67,26494.8,3694.86,14.74,25620.96,3154.47,0.0
2025-10-30 02:00:00+00:00,45090.37,11384.61,29154.2,4536.2,15.37,27298.88,3883.03,0.0
2025-10-30 03:00:00+00:00,46108.22,9575.63,31805.27,4711.48,15.85,29277.4,4871.38,0.0
2025-10-30 04:00:00+00:00,50249.57,9617.94,35077.75,5538.09,15.78,31463.83,5637.4,0.0
2025-10-30 05:00:00+00:00,58546.45,14643.8,38815.21,5068.18,19.25,34317.12,5927.58,0.17
2025-10-30 06:00:00+00:00,64436.74,17148.35,42206.43,4631.52,450.44,35902.98,5872.8,852.51
2025-10-30 07:00:00+00:00,66557.65,17996.13,39435.42,4480.43,4645.67,36982.07,5672.03,5290.52
2025-10-30 08:00:00+00:00,66145.97,11391.88,38455.88,3667.17,12631.05,37310.88,5580.48,12245.21
2025-10-30 09:00:00+00:00,65120.17,5109.61,37843.79,3047.39,19119.38,36467.82,5595.11,19374.45
2025-10-30 10:00:00+00:00,65631.05,1926.27,36717.61,3471.95,23515.22,35677.36,5602.73,24382.47
2025-10-30 11:00:00+00:00,64683.39,1774.05,34370.24,3766.18,24772.93,34825.82,5542.6,26212.05
2025-10-30 12:00:00+00:00,62742.19,2859.85,33264.35,3725.72,22892.26,34029.31,5512.29,24575.74
2025-10-30 13:00:00+00:00,61950.18,7342.36,32483.86,4003.84,18120.12,32323.8,5505.36,19250.16
2025-10-30 14:00:00+00:00,62974.6,19914.89,28706.92,4695.75,9657.04,28830.91,5417.23,10572.05
2025-10-30 15:00:00+00:00,64477.09,32701.34,25189.23,4934.59,1651.94,25042.05,5236.39,2352.91
2025-10-30 16:00:00+00:00,68231.1,40292.58,23568.59,4316.99,52.94,22584.88,4892.16,18.1
2025-10-30 17:00:00+00:00,68298.68,41993.46,22101.78,4152.57,50.87,21010.39,4378.42,0.0
2025-10-30 18:00:00+00:00,66086.54,42177.21,20041.99,3823.28,44.06,19572.95,3830.69,0.0
2025-10-30 19:00:00+00:00,62845.94,41140.45,18417.97,3271.07,16.44,18244.85,3342.98,0.0
2025-10-30 20:00:00+00:00,59398.84,39593.46,16673.69,3117.14,14.54,16673.8,3052.64,0.0
2025-10-30 21:00:00+00:00,55543.25,37138.99,15155.83,3231.91,16.53,15191.75,3026.46,0.0
2025-10-30 22:00:00+00:00,51126.52,33829.42,14089.41,3195.89,11.81,14478.98,3103.62,0.0
2025-10-30 23:00:00+00:00,48035.03,31591.4,13308.47,3123.16,12.01,11957.06,2824.24,0.0
2025-10-31 00:00:00+00:00,46177.1,30673.67,12758.72,2731.86,12.85,11432.41,2936.54,0.0
2025-10-31 01:00:00+00:00,44842.12,29145.44,12926.54,2757.45,12.7,11384.04,3268.4,0.0
2025-10-31 02:00:00+00:00,44778.96,28728.22,12998.9,3038.91,12.92,11373.47,3681.71,0.0
2025-10-31 03:00:00+00:00,45898.26,30079.1,12378.61,3427.27,13.28,11442.81,4026.13,0.0
2025-10-31 04:00:00+00:00,48834.26,32083.5,12499.29,4237.73,13.73,11686.3,4327.47,0.0
2025-10-31 05:00:00+00:00,53459.04,35583.03,13491.89,4332.65,51.46,12183.85,4609.38,0.4
2025-10-31 06:00:00+00:00,57851.57,37763.13,14064.23,4261.06,1763.14,12608.8,4793.42,2014.09
2025-10-31 07:00:00+00:00,60077.52,33543.7,14037.34,4313.1,8183.38,12781.09,4869.23,9328.72
2025-10-31 08:00:00+00:00,60647.16,27816.7,12794.82,4545.42,15490.22,12160.17,4829.17,17849.7
2025-10-31 09:00:00+00:00,60591.81,24796.29,10588.73,4109.79,21097.0,10137.76,4654.74,24532.34
2025-10-31 10:00:00+00:00,60752.6,24629.05,8470.84,4097.05,23555.65,7905.34,4344.06,28190.13
2025-10-31 11:00:00+00:00,59758.05,26220.58,7385.34,3820.35,22331.77,6995.14,4005.38,28126.2
2025-10-31 12:00:00+00:00,58570.51,29495.66,7448.16,3672.24,17954.45,7025.13,3771.04,24113.66
2025-10-31 13:00:00+00:00,57276.26,33778.02,7848.86,3862.68,11786.7,7748.65,3673.83,16806.97
2025-10-31 14:00:00+00:00,57077.53,38022.08,9607.92,4151.56,5295.97,9731.89,3871.52,8430.3
2025-10-31 15:00:00+00:00,58252.81,39697.58,13178.91,4518.52,857.81,13247.16,4204.81,1728.24
2025-10-31 16:00:00+00:00,60908.44,39449.31,16571.24,4793.69,94.2,16897.78,4545.05,42.92
2025-10-31 17:00:00+00:00,60463.64,36193.37,18364.61,5829.15,76.51,19444.85,4883.09,1.75
2025-10-31 18:00:00+00:00,58437.14,33502.77,19253.45,5657.56,23.35,20645.63,5236.0,0.0
2025-10-31 19:00:00+00:00,55800.89,30759.87,19397.32,5627.2,16.51,21000.22,5454.43,0.0
2025-10-31 20:00:00+00:00,53563.41,26968.17,20773.34,5809.98,11.92,20755.99,5531.96,0.0
2025-10-31 21:00:00+00:00,50500.38,24354.23,20728.19,5406.61,11.35,20001.78,5517.7,0.0
2025-10-31 22:00:00+00:00,46845.11,21994.42,20101.69,4738.74,10.25,19441.77,5536.39,0.0
2025-10-31 23:00:00+00:00,44136.4,19230.52,19521.49,5380.15,4.23,18482.69,5519.27,0.0
2025-11-01 00:00:00+00:00,42600.44,18209.82,19255.71,5131.14,3.77,18128.38,5477.36,0.0
2025-11-01 01:00:00+00:00,41941.16,18548.7,18988.68,4400.97,2.8,17972.61,5421.21,0.0
2025-11-01 02:00:00+00:00,41387.4,18304.78,19049.42,4030.39,2.81,18206.64,5373.79,0.0
2025-11-01 03:00:00+00:00,40257.87,16257.34,19529.42,4468.2,2.9,18833.55,5352.51,0.0
2025-11-01 04:00:00+00:00,40697.36,15679.09,20423.32,4591.87,3.08,19891.17,5419.96,0.0
2025-11-01 05:00:00+00:00,43441.82,15807.07,22585.27,5041.22,8.26,21235.25,5606.28,0.1
2025-11-01 06:00:00+00:00,45324.02,15368.7,23589.6,4868.76,1496.96,21817.13,5591.56,1623.72
2025-11-01 07:00:00+00:00,48687.51,11910.38,24136.72,5360.14,7280.28,22260.87,5545.53,7463.09
2025-11-01 08:00:00+00:00,51774.75,8316.63,24169.72,6048.33,13240.06,21969.48,5475.2,13348.11
2025-11-01 09:00:00+00:00,52131.64,7020.45,23247.19,5624.14,16239.86,20803.94,5439.24,17154.14
2025-11-01 10:00:00+00:00,54047.3,9220.03,23231.63,5548.2,16047.44,19546.91,5481.03,18219.49
2025-11-01 11:00:00+00:00,54362.85,11505.16,23591.34,5900.02,13366.33,19341.88,5550.33,16331.2
2025-11-01 12:00:00+00:00,52685.8,14859.25,24106.77,4743.93,8975.85,20373.33,5686.3,12284.0
2025-11-01 13:00:00+00:00,52528.32,17538.09,25137.74,5238.04,4614.45,21837.51,5850.5,7732.49
2025-11-01 14:00:00+00:00,53788.93,20695.47,25483.37,5894.94,1715.14,23056.06,6063.99,3545.73
2025-11-01 15:00:00+00:00,54668.66,23089.98,24278.02,7057.53,243.12,23723.48,6253.81,633.11
2025-11-01 16:00:00+00:00,56254.38,26569.98,22580.15,7071.26,32.99,23865.45,6391.97,9.92
2025-11-01 17:00:00+00:00,56355.49,26419.88,22690.81,7219.33,25.47,23686.32,6398.84,0.0
2025-11-01 18:00:00+00:00,54264.52,25043.19,22976.84,6225.94,18.55,23437.31,6360.44,0.0
2025-11-01 19:00:00+00:00,51468.09,22835.08,22402.24,6221.11,9.65,23109.25,6284.65,0.0
2025-11-01 20:00:00+00:00,49414.13,22960.39,20544.18,5903.41,6.15,22079.68,6021.15,0.0
2025-11-01 21:00:00+00:00,47361.38,24247.4,18275.81,4831.68,6.48,20246.06,5620.57,0.0
2025-11-01 22:00:00+00:00,43912.71,20759.84,17843.97,5304.2,4.7,18719.39,5242.4,0.0
2025-11-01 23:00:00+00:00,41306.6,19693.46,16624.99,4982.75,5.41,18244.51,5096.44,0.0
2025-11-02 00:00:00+00:00,39693.54,18751.4,16189.4,4745.83,6.91,17018.06,4976.33,0.0
2025-11-02 01:00:00+00:00,38861.22,17894.13,16344.15,4616.9,6.03,16399.38,5058.13,0.0
2025-11-02 02:00:00+00:00,38644.17,18255.7,16330.89,4052.5,5.09,16044.36,5230.97,0.0
2025-11-02 03:00:00+00:00,38952.61,19235.97,15818.73,3891.9,6.01,15725.98,5163.46,0.0
2025-11-02 04:00:00+00:00,39612.84,20700.71,15536.87,3367.85,7.41,15570.2,4979.79,0.0
2025-11-02 05:00:00+00:00,40914.02,21732.82,15678.52,3495.71,6.98,15748.22,4889.48,0.0
2025-11-02 06:00:00+00:00,42547.11,24002.45,14690.77,3638.33,215.56,15425.33,4732.38,467.01
2025-11-02 07:00:00+00:00,45948.85,26729.04,14125.4,3222.64,1871.77,14721.08,4409.54,2764.21
2025-11-02 08:00:00+00:00,49433.61,28936.08,12726.74,3345.62,4425.17,13507.03,4050.34,5796.18
2025-11-02 09:00:00+00:00,51396.25,28630.45,10968.54,3979.8,7817.47,12296.42,3791.82,8199.17
2025-11-02 10:00:00+00:00,53068.7,29790.69,9630.72,3693.57,9953.72,11361.45,3634.11,9427.11
2025-11-02 11:00:00+00:00,52906.35,29924.03,8795.65,3677.74,10508.92,10379.52,3471.55,9412.58
2025-11-02 12:00:00+00:00,51010.64,30974.23,7793.28,3121.91,9121.21,9469.41,3223.83,8409.3
2025-11-02 13:00:00+00:00,50359.11,34006.81,7174.66,2847.18,6330.47,8396.77,3010.34,6320.93
2025-11-02 14:00:00+00:00,50342.43,37143.61,7183.12,2847.15,3168.54,7643.42,2931.5,3340.09
2025-11-02 15:00:00+00:00,51069.19,38817.56,8354.54,3349.47,547.62,7784.47,3013.82,740.22
2025-11-02 16:00:00+00:00,55147.44,41840.09,10008.22,3246.0,53.13,8821.61,3171.53,16.37
2025-11-02 17:00:00+00:00,56032.33,41052.33,12083.57,2834.19,62.24,10192.6,3222.62,0.0
2025-11-02 18:00:00+00:00,54299.19,37971.0,14159.46,2143.37,25.36,11657.88,3255.45,0.0
2025-11-02 19:00:00+00:00,52157.75,34823.08,15250.55,2076.14,7.98,13105.99,3195.08,0.0
2025-11-02 20:00:00+00:00,49797.88,32477.66,15357.21,1956.23,6.79,14133.02,3036.93,0.0
2025-11-02 21:00:00+00:00,47703.63,30103.58,15631.47,1960.55,8.02,14749.9,2880.13,0.0
2025-11-02 22:00:00+00:00,44903.89,26439.74,16478.32,1977.43,8.4,15301.58,2949.3,0.0
2025-11-02 23:00:00+00:00,42892.63,23606.69,16844.0,2434.47,7.48,16623.66,3340.19,0.0
2025-11-03 00:00:00+00:00,42024.79,21758.35,17935.52,2324.1,6.82,17013.42,3487.06,0.0
2025-11-03 01:00:00+00:00,41916.11,21023.63,18554.83,2331.16,6.49,17280.84,3703.24,0.0
2025-11-03 02:00:00+00:00,42364.08,20837.34,18534.64,2985.3,6.79,17421.3,4057.13,0.0
2025-11-03 03:00:00+00:00,44108.7,22121.25,18442.41,3539.31,5.73,17469.14,4360.07,0.0
2025-11-03 04:00:00+00:00,48553.09,26272.25,18805.01,3468.96,6.87,17512.07,4722.44,0.0
2025-11-03 05:00:00+00:00,57298.29,33052.68,19786.62,4449.59,9.4,18088.5,5164.91,0.0
2025-11-03 06:00:00+00:00,62601.08,36025.1,20173.61,5667.7,734.66,18518.64,5573.73,1123.5
2025-11-03 07:00:00+00:00,65851.48,34602.72,19060.24,6376.87,5811.64,18893.31,5892.78,6485.22
2025-11-03 08:00:00+00:00,66386.29,28653.5,17954.53,6727.45,13050.81,19095.52,6059.96,13006.98
2025-11-03 09:00:00+00:00,66570.67,23605.42,17935.54,6068.5,18961.21,19420.56,6121.71,17805.58
2025-11-03 10:00:00+00:00,66576.89,20473.71,19145.9,5533.72,21423.57,19994.74,6146.82,19787.98
2025-11-03 11:00:00+00:00,66041.5,18490.38,20867.6,6174.42,20509.1,20699.66,6159.86,19195.8
2025-11-03 12:00:00+00:00,65317.53,19591.18,22057.66,6433.95,17234.75,21387.13,6135.17,16451.59
2025-11-03 13:00:00+00:00,64269.01,23630.96,22012.81,5819.69,12805.54,21581.06,6020.75,11851.97
2025-11-03 14:00:00+00:00,64093.42,28801.36,22743.39,6156.14,6392.53,21735.58,5873.42,6040.94
2025-11-03 15:00:00+00:00,65157.33,34723.8,24285.95,5160.0,987.58,22890.39,5866.53,1095.36
2025-11-03 16:00:00+00:00,68240.38,37430.45,26172.07,4609.42,28.44,24856.53,5887.81,5.82
2025-11-03 17:00:00+00:00,68461.82,35453.69,28442.91,4548.98,16.23,26832.01,5921.74,0.0
2025-11-03 18:00:00+00:00,67392.72,33419.34,29637.81,4324.9,10.67,28135.76,5971.21,0.0
2025-11-03 19:00:00+00:00,63786.6,29858.69,29734.79,4185.9,7.22,28853.08,5976.71,0.0
2025-11-03 20:00:00+00:00,60133.67,27651.28,28875.77,3600.12,6.51,28567.56,5967.76,0.0
2025-11-03 21:00:00+00:00,56225.27,26570.43,26454.64,3193.81,6.39,27401.86,5978.12,0.0
2025-11-03 22:00:00+00:00,52884.64,23884.29,25643.63,3352.33,4.4,26399.25,6020.38,0.0
2025-11-03 23:00:00+00:00,48861.71,20413.09,24498.77,3945.79,4.06,26562.85,6046.98,0.0
2025-11-04 00:00:00+00:00,47046.77,19870.95,23357.38,3814.36,4.07,25195.51,6086.22,0.0
2025-11-04 01:00:00+00:00,46382.73,20356.27,22325.48,3696.48,4.5,24223.72,6117.06,0.0
2025-11-04 02:00:00+00:00,46577.8,21205.71,21399.22,3968.45,4.43,23548.27,6138.06,0.0
2025-11-04 03:00:00+00:00,47992.08,22683.18,21034.48,4270.28,4.14,22921.42,6173.73,0.0
2025-11-04 04:00:00+00:00,51585.87,25735.83,20918.18,4927.28,4.57,22241.09,6213.64,0.0
2025-11-04 05:00:00+00:00,59236.16,33459.78,20647.11,5119.01,10.26,21804.83,6268.54,0.0
2025-11-04 06:00:00+00:00,63863.06,37666.28,19350.54,5649.87,1196.37,20779.76,6326.38,1477.86
2025-11-04 07:00:00+00:00,66254.95,34304.13,18109.98,6569.79,7271.05,19456.38,6336.7,7995.77
2025-11-04 08:00:00+00:00,66728.49,28529.01,16284.43,6793.74,15121.32,17364.86,6371.8,15783.9
2025-11-04 09:00:00+00:00,66940.51,23776.09,14654.51,6804.25,21705.67,15365.45,6368.26,22257.05
2025-11-04 10:00:00+00:00,65827.46,19854.39,13671.57,6573.19,25728.3,14314.84,6286.11,26058.84
2025-11-04 11:00:00+00:00,64674.78,19021.78,13441.51,6012.2,26199.28,13472.78,6222.95,26676.82
2025-11-04 12:00:00+00:00,63224.95,21352.89,12981.75,6205.35,22684.96,12831.47,6162.11,23870.05
2025-11-04 13:00:00+00:00,62234.21,27990.16,12202.89,6063.32,15977.84,11864.48,6068.25,17597.4
2025-11-04 14:00:00+00:00,62397.95,36525.05,12551.05,5872.97,7448.88,11443.56,5883.95,8812.83
2025-11-04 15:00:00+00:00,63659.66,42658.72,14270.93,5578.76,1151.26,12560.13,5705.13,1584.67
2025-11-04 16:00:00+00:00,67239.36,43704.08,17789.2,5698.9,47.18,14773.11,5602.34,10.82
2025-11-04 17:00:00+00:00,68022.43,41017.11,20521.22,6440.38,43.72,16890.89,5652.66,0.0
2025-11-04 18:00:00+00:00,66600.26,37824.27,22067.83,6689.3,18.85,18291.26,5800.44,0.0
2025-11-04 19:00:00+00:00,63077.7,33205.84,23247.13,6615.37,9.36,19208.59,5853.24,0.0
2025-11-04 20:00:00+00:00,59264.0,29360.03,23374.18,6522.08,7.71,19721.06,5879.16,0.0
2025-11-04 21:00:00+00:00,55142.19,26254.75,22596.79,6281.98,8.67,19809.18,5763.26,0.0
2025-11-04 22:00:00+00:00,51398.53,22508.11,22466.85,6416.47,7.1,20060.18,5736.2,0.0
2025-11-04 23:00:00+00:00,48854.95,19830.16,22463.44,6555.24,6.11,19948.14,5733.74,0.0
2025-11-05 00:00:00+00:00,46984.42,19293.41,21298.48,6386.59,5.93,19522.91,5723.84,0.0
2025-11-05 01:00:00+00:00,45984.02,19108.79,20560.25,6308.75,6.24,19052.14,5718.58,0.0
2025-11-05 02:00:00+00:00,46548.55,20189.6,20015.51,6336.7,6.74,18756.37,5725.97,0.0
2025-11-05 03:00:00+00:00,48211.91,21525.69,20212.03,6466.9,7.29,18861.14,5737.68,0.0
2025-11-05 04:00:00+00:00,52575.09,25457.76,20632.3,6477.37,7.66,19206.6,5683.81,0.0
2025-11-05 05:00:00+00:00,61378.11,33090.07,21438.75,6839.17,10.12,19786.38,5637.82,0.0
2025-11-05 06:00:00+00:00,65747.92,37610.42,20849.32,6164.57,1123.61,19382.94,5548.03,1545.02
2025-11-05 07:00:00+00:00,68573.87,35005.67,19299.2,6031.08,8237.92,18718.06,5504.63,9400.26
2025-11-05 08:00:00+00:00,68262.25,28555.58,16306.16,5507.61,17892.91,17249.64,5378.86,18612.69
2025-11-05 09:00:00+00:00,67407.83,24889.68,12353.63,4726.7,25437.82,14004.63,5174.18,25865.02
2025-11-05 10:00:00+00:00,66902.53,23854.51,9412.63,4298.11,29337.29,10114.05,4893.61,29697.88
2025-11-05 11:00:00+00:00,65847.36,25353.64,7427.04,4026.75,29039.94,7883.41,4506.66,29927.4
2025-11-05 12:00:00+00:00,63676.04,29109.1,6131.42,3476.3,24959.23,6750.1,4010.71,26407.96
2025-11-05 13:00:00+00:00,62147.29,35401.75,5444.56,3128.5,18172.47,6675.04,3537.84,19136.47
2025-11-05 14:00:00+00:00,62946.89,44928.1,6311.56,3061.89,8645.34,7623.24,3130.41,9404.62
2025-11-05 15:00:00+00:00,64088.16,50495.52,9080.83,3198.14,1313.67,9385.19,2889.7,1549.83
2025-11-05 16:00:00+00:00,67057.83,50716.28,12349.05,3954.32,38.19,11629.22,2989.23,5.89
2025-11-05 17:00:00+00:00,67413.05,48077.19,14603.29,4700.27,32.3,13332.47,3228.67,0.0
2025-11-05 18:00:00+00:00,66241.1,45476.85,15541.6,5198.35,24.3,14437.86,3465.35,0.0
2025-11-05 19:00:00+00:00,62931.25,42673.64,15271.29,4980.36,5.97,15295.77,3530.24,0.0
2025-11-05 20:00:00+00:00,58994.95,39020.5,15591.26,4377.79,5.4,15516.39,3400.51,0.0
2025-11-05 21:00:00+00:00,54820.59,35788.18,15136.88,3885.25,10.28,15044.26,3164.44,0.0
2025-11-05 22:00:00+00:00,51255.71,33205.38,14811.16,3233.67,5.51,14430.49,2909.07,0.0
2025-11-05 23:00:00+00:00,49045.07,31306.8,15054.2,2678.49,5.58,12831.18,2455.4,0.0
2025-11-06 00:00:00+00:00,47232.8,30543.39,14702.77,1979.92,6.72,12363.4,2163.63,0.0
2025-11-06 01:00:00+00:00,46595.99,30313.1,14441.46,1836.0,5.43,12216.63,1932.5,0.0
2025-11-06 02:00:00+00:00,46981.93,31445.35,13527.27,2004.29,5.02,12089.34,1727.01,0.0
2025-11-06 03:00:00+00:00,48377.65,33733.37,12809.51,1830.07,4.69,11839.05,1585.87,0.0
2025-11-06 04:00:00+00:00,52296.91,38802.75,11852.2,1633.94,8.01,11414.93,1482.86,0.0
2025-11-06 05:00:00+00:00,60694.59,47289.08,11696.02,1695.24,14.25,11090.19,1393.7,0.0
2025-11-06 06:00:00+00:00,65670.17,51536.36,11800.53,1497.38,835.9,10604.8,1346.64,1291.91
2025-11-06 07:00:00+00:00,68325.59,49538.63,10915.5,1045.98,6825.49,10106.29,1319.77,8395.02
2025-11-06 08:00:00+00:00,68417.19,43661.15,8463.31,1071.45,15221.28,8903.68,1273.95,16987.01
2025-11-06 09:00:00+00:00,68247.08,40069.85,5366.31,1086.31,21724.62,6635.84,1205.96,23864.56
2025-11-06 10:00:00+00:00,67449.4,37274.85,3869.98,777.86,25526.71,4371.94,1108.5,27725.86
2025-11-06 11:00:00+00:00,66436.19,36868.03,3139.21,572.51,25856.45,3206.68,1015.9,28631.47
2025-11-06 12:00:00+00:00,64755.02,38444.22,3023.48,543.56,22743.75,2774.78,973.53,25729.1
2025-11-06 13:00:00+00:00,63623.72,43692.63,3371.85,635.94,15923.3,3073.15,996.09,18662.21
2025-11-06 14:00:00+00:00,63718.97,51896.64,4149.13,942.09,6731.11,4164.46,1112.47,9018.47
2025-11-06 15:00:00+00:00,64677.62,55694.84,7106.59,1198.01,678.17,6216.01,1317.45,1396.94
2025-11-06 16:00:00+00:00,68022.03,55703.04,10713.39,1558.65,46.95,8734.06,1580.06,4.38
2025-11-06 17:00:00+00:00,68234.63,53137.35,12978.79,2096.35,22.14,10517.17,1853.88,0.0
2025-11-06 18:00:00+00:00,67035.88,50509.9,13887.87,2628.27,9.83,11204.77,2032.53,0.0
2025-11-06 19:00:00+00:00,63789.84,47174.09,13747.19,2863.49,5.06,11194.45,2022.91,0.0
2025-11-06 20:00:00+00:00,59761.27,44090.76,12990.21,2675.56,4.74,10734.08,1859.66,0.0
2025-11-06 21:00:00+00:00,56323.81,42023.77,12205.42,2089.78,4.84,9911.23,1590.33,0.0
2025-11-06 22:00:00+00:00,52038.46,38978.98,11577.85,1477.24,4.39,9192.4,1329.76,0.0
2025-11-06 23:00:00+00:00,49208.1,37359.53,10773.46,1070.72,4.38,8275.18,1318.06,0.0
2025-11-07 00:00:00+00:00,47481.11,36430.98,10112.9,932.68,4.55,7910.24,1190.46,0.0
2025-11-07 01:00:00+00:00,47057.82,36302.96,9805.35,944.8,4.72,7737.93,1146.37,0.0
2025-11-07 02:00:00+00:00,47627.51,37467.1,9265.05,890.61,4.74,7562.66,1134.82,0.0
2025-11-07 03:00:00+00:00,48915.87,39687.37,8413.56,810.34,4.6,7271.78,1126.95,0.0
2025-11-07 04:00:00+00:00,52471.41,43589.21,7943.25,933.96,4.98,6923.73,1125.82,0.0
2025-11-07 05:00:00+00:00,59978.58,51417.53,7549.05,1003.99,8.01,6613.46,1100.51,0.0
2025-11-07 06:00:00+00:00,65353.59,56645.18,7301.77,953.76,452.88,6230.9,1043.53,889.01
2025-11-07 07:00:00+00:00,68213.4,57178.15,6137.95,689.28,4208.01,5605.45,966.53,6072.34
2025-11-07 08:00:00+00:00,68328.24,53434.03,4546.32,615.85,9732.04,4497.12,887.88,12641.35
2025-11-07 09:00:00+00:00,68927.89,51016.15,2999.53,542.18,14370.03,3116.62,777.74,18134.93
2025-11-07 10:00:00+00:00,68467.32,48759.3,2287.42,360.92,17059.68,2130.74,644.9,21645.89
2025-11-07 11:00:00+00:00,67455.9,47792.32,1782.05,560.3,17321.23,1661.52,510.16,22610.64
2025-11-07 12:00:00+00:00,65726.48,48753.32,1516.46,457.45,14999.25,1449.17,417.81,20378.82
2025-11-07 13:00:00+00:00,64381.3,52334.51,1387.58,410.42,10248.79,1377.31,371.54,14807.08
2025-11-07 14:00:00+00:00,64444.7,58641.83,1239.7,264.73,4298.45,1501.27,351.15,7088.54
2025-11-07 15:00:00+00:00,65326.81,63155.32,1447.82,258.35,465.32,2020.66,377.67,1100.96
2025-11-07 16:00:00+00:00,67618.76,65495.05,1736.69,338.36,48.66,2702.83,443.51,4.72
2025-11-07 17:00:00+00:00,66799.69,64308.78,2066.22,402.39,22.3,3186.2,518.81,0.0
2025-11-07 18:00:00+00:00,64346.61,61627.4,2333.04,375.3,10.87,3418.91,567.04,0.0
2025-11-07 19:00:00+00:00,60708.87,57908.05,2513.15,279.64,8.02,3447.69,565.67,0.0
2025-11-07 20:00:00+00:00,56756.94,54024.78,2506.05,221.09,5.02,3314.16,518.39,0.0
2025-11-07 21:00:00+00:00,53540.99,51056.58,2322.61,156.68,5.12,3149.5,433.75,0.0
2025-11-07 22:00:00+00:00,50549.98,48369.77,2092.38,83.24,4.6,3028.08,350.22,0.0
2025-11-07 23:00:00+00:00,47658.04,45771.28,1864.14,17.62,5.0,2672.52,101.04,0.0
2025-11-08 00:00:00+00:00,45722.87,43937.11,1779.74,1.5,4.53,2549.89,84.46,0.0
2025-11-08 01:00:00+00:00,44600.9,42751.07,1844.51,0.67,4.64,2358.78,84.46,0.0
2025-11-08 02:00:00+00:00,44233.08,42361.97,1842.94,23.55,4.61,2136.51,92.34,0.0
2025-11-08 03:00:00+00:00,44400.45,42552.75,1729.18,113.94,4.57,1959.53,113.7,0.0
2025-11-08 04:00:00+00:00,45255.44,43505.86,1572.53,172.48,4.58,1895.83,137.31,0.0
2025-11-08 05:00:00+00:00,47133.82,45356.96,1589.42,182.05,5.39,1908.25,155.35,0.0
2025-11-08 06:00:00+00:00,50032.02,47995.08,1608.75,160.17,268.02,1884.56,167.91,570.13
2025-11-08 07:00:00+00:00,53528.42,49443.81,1426.09,106.45,2552.08,1620.71,160.19,3699.95
2025-11-08 08:00:00+00:00,56191.1,49143.2,1063.32,59.37,5925.21,1165.8,137.3,7782.26
2025-11-08 09:00:00+00:00,57492.31,48062.12,608.65,24.79,8796.74,765.4,117.85,11124.94
2025-11-08 10:00:00+00:00,58654.88,47666.3,429.5,48.04,10511.03,546.43,99.67,13216.18
2025-11-08 11:00:00+00:00,58531.7,47179.89,379.52,34.85,10937.44,427.22,81.22,13492.56
2025-11-08 12:00:00+00:00,56463.67,46608.37,387.24,34.8,9433.26,381.87,67.54,11796.5
2025-11-08 13:00:00+00:00,55377.52,48878.64,402.39,20.34,6076.16,406.39,67.08,8274.22
2025-11-08 14:00:00+00:00,55480.17,52596.35,427.41,23.12,2433.29,488.39,75.07,3807.29
2025-11-08 15:00:00+00:00,56807.75,55953.75,523.8,42.19,288.01,631.37,89.29,597.14
2025-11-08 16:00:00+00:00,59485.01,58639.62,766.78,66.27,12.34,797.19,105.38,6.06
2025-11-08 17:00:00+00:00,59134.13,58010.67,1051.3,57.16,15.0,938.34,119.58,0.0
2025-11-08 18:00:00+00:00,57041.89,55771.4,1226.42,36.96,7.11,1021.52,126.75,0.0
2025-11-08 19:00:00+00:00,53684.36,52163.54,1499.42,16.31,5.09,1039.92,120.52,0.0
2025-11-08 20:00:00+00:00,51046.75,49269.53,1757.98,14.3,4.94,1119.71,104.83,0.0
2025-11-08 21:00:00+00:00,49242.41,47371.22,1848.06,18.56,4.57,1262.28,90.04,0.0
2025-11-08 22:00:00+00:00,46302.78,44554.15,1725.34,18.96,4.32,1437.93,79.11,0.0
2025-11-08 23:00:00+00:00,43912.06,42259.06,1622.12,22.53,8.35,1538.65,62.11,0.0
2025-11-09 00:00:00+00:00,41501.27,39870.32,1582.4,44.06,4.48,1635.59,62.26,0.0
2025-11-09 01:00:00+00:00,39967.25,38254.95,1645.1,62.72,4.49,1742.86,70.0,0.0
2025-11-09 02:00:00+00:00,39667.01,37748.57,1843.78,70.33,4.33,1901.66,83.19,0.0
2025-11-09 03:00:00+00:00,39990.32,37924.57,1999.34,63.48,2.93,2093.17,101.24,0.0
2025-11-09 04:00:00+00:00,40395.92,38220.38,2109.93,62.5,3.11,2290.01,121.22,0.0
2025-11-09 05:00:00+00:00,41607.24,39390.81,2130.35,81.93,4.15,2496.71,143.07,0.0
2025-11-09 06:00:00+00:00,43673.39,41351.96,2114.91,80.29,126.24,2659.64,181.9,242.47
2025-11-09 07:00:00+00:00,46888.77,43402.27,2065.68,95.68,1325.13,2640.6,231.97,1756.78
2025-11-09 08:00:00+00:00,50078.04,44624.72,1969.28,228.36,3255.68,2461.34,287.66,4072.16
2025-11-09 09:00:00+00:00,52517.08,45361.58,1766.47,400.1,4988.93,2215.33,360.16,6109.69
2025-11-09 10:00:00+00:00,55016.28,46762.22,1560.38,635.68,6057.99,2073.09,435.1,7387.74
2025-11-09 11:00:00+00:00,55383.33,46675.94,1554.94,750.12,6402.32,2078.66,488.64,7518.27
2025-11-09 12:00:00+00:00,54083.08,45981.38,1640.03,883.39,5578.28,2098.59,564.21,6625.95
2025-11-09 13:00:00+00:00,53132.57,46895.94,1734.89,748.05,3753.7,2084.19,645.42,4852.26
2025-11-09 14:00:00+00:00,53166.35,49323.02,1512.97,653.73,1676.63,2165.61,670.25,2346.42
2025-11-09 15:00:00+00:00,54327.07,51998.41,1652.5,439.72,236.44,2497.92,637.94,407.26
2025-11-09 16:00:00+00:00,57532.23,55171.14,1954.38,394.86,11.85,3012.51,571.1,0.0
2025-11-09 17:00:00+00:00,57556.31,54767.2,2426.07,353.41,9.63,3431.68,488.12,0.0
2025-11-09 18:00:00+00:00,55626.8,52295.6,3048.4,273.85,8.95,3548.8,420.11,0.0
2025-11-09 19:00:00+00:00,53401.9,49892.15,3233.29,270.68,5.78,3421.25,394.47,0.0
2025-11-09 20:00:00+00:00,51205.4,47807.53,3075.08,317.33,5.47,3313.87,427.89,0.0
2025-11-09 21:00:00+00:00,49819.25,46353.56,3029.39,429.78,6.52,3217.41,494.49,0.0
2025-11-09 22:00:00+00:00,46972.48,43461.3,2980.13,527.38,3.67,3223.87,574.07,0.0
2025-11-09 23:00:00+00:00,44611.02,41122.49,2947.56,537.5,3.47,2733.1,800.34,0.0
2025-11-10 00:00:00+00:00,42891.37,39418.68,2845.56,623.51,3.62,2752.2,890.26,0.0
2025-11-10 01:00:00+00:00,42405.03,38753.07,2962.83,685.58,3.55,2813.38,944.73,0.0
2025-11-10 02:00:00+00:00,43025.77,39113.2,3127.48,780.15,4.95,2861.47,977.11,0.0
2025-11-10 03:00:00+00:00,44905.14,41043.85,3001.36,854.98,4.96,2884.07,1006.66,0.0
2025-11-10 04:00:00+00:00,49509.45,45697.01,2843.39,963.67,5.4,2884.26,1084.41,0.0
2025-11-10 05:00:00+00:00,58275.58,54375.41,2778.14,1115.12,6.9,2907.91,1212.22,0.0
2025-11-10 06:00:00+00:00,63983.78,59991.65,2737.96,1078.51,175.67,3056.01,1403.58,254.11
2025-11-10 07:00:00+00:00,66766.07,60368.67,2736.9,1394.88,2265.62,3079.66,1674.72,2434.09
2025-11-10 08:00:00+00:00,67588.68,57277.47,2575.39,1709.41,6026.41,2824.78,2022.18,5976.5
2025-11-10 09:00:00+00:00,67960.35,54280.32,2288.06,2069.53,9322.44,2435.79,2367.09,9172.1
2025-11-10 10:00:00+00:00,68092.78,51962.88,2150.29,2405.37,11574.25,2342.44,2638.86,11385.89
2025-11-10 11:00:00+00:00,67821.57,50096.33,2220.93,2528.59,12975.71,2447.29,2810.59,11999.98
2025-11-10 12:00:00+00:00,66849.57,48893.96,2533.63,2725.3,12696.68,2516.02,2917.4,10836.74
2025-11-10 13:00:00+00:00,65395.85,50305.4,2903.57,2693.81,9493.08,2624.66,2992.07,8036.59
2025-11-10 14:00:00+00:00,64984.45,54619.18,3411.57,2668.43,4285.27,2986.36,3099.32,3834.44
2025-11-10 15:00:00+00:00,65781.03,57425.5,5085.81,2846.55,423.17,3967.51,3289.58,543.06
2025-11-10 16:00:00+00:00,68473.0,58162.31,6869.02,3379.73,61.95,5396.35,3610.89,0.0
2025-11-10 17:00:00+00:00,68334.25,55203.18,8841.42,4260.71,28.94,6998.3,3971.16,0.0
2025-11-10 18:00:00+00:00,66724.14,52065.41,10413.48,4235.57,9.69,8472.17,4255.19,0.0
2025-11-10 19:00:00+00:00,63325.21,47712.99,11398.42,4207.01,6.79,9859.81,4458.74,0.0
2025-11-10 20:00:00+00:00,59615.71,43212.06,12314.39,4079.22,10.05,11258.96,4535.83,0.0
2025-11-10 21:00:00+00:00,55956.07,38578.49,13056.28,4314.05,7.25,12024.7,4543.97,0.0
2025-11-10 22:00:00+00:00,52145.19,34025.89,14053.43,4057.88,7.99,12742.37,4629.2,0.0
2025-11-10 23:00:00+00:00,49535.04,30453.45,14750.08,4325.96,5.55,15135.52,4201.13,0.0
2025-11-11 00:00:00+00:00,47458.11,27889.88,15144.22,4419.07,4.94,15683.95,4356.75,0.0
2025-11-11 01:00:00+00:00,46703.31,26881.72,15501.53,4315.28,4.79,16177.95,4441.21,0.0
2025-11-11 02:00:00+00:00,47411.89,26686.95,15897.32,4822.63,4.98,16507.12,4635.09,0.0
2025-11-11 03:00:00+00:00,49140.5,27788.9,16270.33,5073.89,7.38,16707.47,4765.39,0.0
2025-11-11 04:00:00+00:00,52142.86,31037.96,16189.6,4907.4,7.9,16850.82,4716.91,0.0
2025-11-11 05:00:00+00:00,60071.47,38273.65,16423.99,5365.67,8.17,17105.83,4696.71,0.0
2025-11-11 06:00:00+00:00,65423.04,44097.51,15615.89,5530.77,178.87,16878.56,4742.86,339.8
2025-11-11 07:00:00+00:00,68228.5,45411.68,15069.9,5340.47,2406.45,16501.62,4762.49,3092.31
2025-11-11 08:00:00+00:00,68459.25,41834.34,14307.28,5194.2,7123.43,15993.71,4647.76,7280.76
2025-11-11 09:00:00+00:00,68548.67,38536.59,13182.4,4552.75,12276.93,15768.85,4540.46,11420.61
2025-11-11 10:00:00+00:00,68411.14,36140.02,12813.34,3954.21,15503.58,15467.37,4352.02,14309.42
2025-11-11 11:00:00+00:00,67024.32,35226.94,11739.58,3704.44,16353.35,14429.08,4123.47,15178.61
2025-11-11 12:00:00+00:00,66195.11,37651.11,10139.22,3783.88,14620.9,12640.21,3911.26,14102.8
2025-11-11 13:00:00+00:00,65061.18,42015.77,9034.19,3579.05,10432.16,10106.91,3727.89,10758.71
2025-11-11 14:00:00+00:00,64626.57,48320.36,7975.35,3516.02,4814.84,8137.75,3636.55,5116.24
2025-11-11 15:00:00+00:00,65674.72,52201.71,8753.26,4124.42,595.33,7949.26,3783.29,690.4
2025-11-11 16:00:00+00:00,68382.1,54004.44,9838.69,4463.09,75.87,8967.51,4227.88,0.0
2025-11-11 17:00:00+00:00,68557.05,52553.75,11149.26,4828.2,25.84,10344.4,4756.07,0.0
2025-11-11 18:00:00+00:00,66879.28,48900.28,13059.55,4911.17,8.27,11431.0,5193.87,0.0
2025-11-11 19:00:00+00:00,63409.11,43943.26,14159.36,5296.27,10.22,12458.34,5366.39,0.0
2025-11-11 20:00:00+00:00,59399.38,39331.36,14617.04,5445.1,5.89,13104.51,5387.43,0.0
2025-11-11 21:00:00+00:00,55728.79,35102.06,14977.04,5644.47,5.22,13377.58,5378.41,0.0
2025-11-11 22:00:00+00:00,52100.8,30763.52,15574.76,5756.69,5.82,13829.93,5443.92,0.0
2025-11-11 23:00:00+00:00,49338.5,27523.02,16077.83,5730.82,6.83,14472.78,5557.39,0.0
2025-11-12 00:00:00+00:00,47802.63,26110.09,16079.65,5606.81,6.08,15154.55,5517.7,0.0
2025-11-12 01:00:00+00:00,46806.84,25593.24,16153.27,5055.05,5.28,16314.66,5482.78,0.0
2025-11-12 02:00:00+00:00,47534.07,26682.85,16688.83,4156.3,6.09,17607.72,5540.43,0.0
2025-11-12 03:00:00+00:00,49250.06,26955.97,17631.38,4657.87,4.84,18675.6,5630.51,0.0
2025-11-12 04:00:00+00:00,53034.58,30355.9,18442.97,4229.36,6.35,20018.08,5700.25,0.0
2025-11-12 05:00:00+00:00,60844.95,36212.07,20245.9,4378.21,8.76,21809.38,5726.68,0.0
2025-11-12 06:00:00+00:00,66530.24,40340.01,21548.46,4310.0,331.77,22625.27,5827.48,590.39
2025-11-12 07:00:00+00:00,69299.09,39187.9,21470.1,4247.09,4393.99,22882.84,5921.23,5751.82
2025-11-12 08:00:00+00:00,69890.51,33248.03,20928.67,4605.89,11107.92,22393.64,5993.73,13154.1
2025-11-12 09:00:00+00:00,69506.7,29120.95,18684.58,4591.82,17109.34,20763.0,6056.56,19702.5
2025-11-12 10:00:00+00:00,69107.09,26549.29,16151.01,4965.06,21441.73,18242.59,6130.34,24043.41
2025-11-12 11:00:00+00:00,67989.68,26159.57,14707.46,5102.57,22020.09,16257.85,6172.95,24888.4
2025-11-12 12:00:00+00:00,66584.0,28417.44,14085.97,5552.76,18527.83,15908.03,6178.26,21697.08
2025-11-12 13:00:00+00:00,65006.77,33654.52,14238.48,5631.69,11482.09,16990.58,6170.75,15138.74
2025-11-12 14:00:00+00:00,64787.71,37430.63,17151.49,5888.4,4317.18,19242.8,6200.05,6758.72
2025-11-12 15:00:00+00:00,66346.14,38539.03,21865.96,5546.11,395.05,22068.12,6156.07,841.78
2025-11-12 16:00:00+00:00,69157.21,38040.3,25727.23,5345.73,43.95,24997.4,6104.5,0.0
2025-11-12 17:00:00+00:00,69042.69,34192.01,28204.62,6610.99,35.06,26978.94,6088.61,0.0
2025-11-12 18:00:00+00:00,67213.0,31852.67,29057.27,6280.72,22.34,28072.89,6118.24,0.0
2025-11-12 19:00:00+00:00,63738.96,27854.49,29682.92,6193.66,7.89,28927.34,6163.5,0.0
2025-11-12 20:00:00+00:00,59973.12,24254.36,29850.47,5861.03,7.26,29319.18,6190.78,0.0
2025-11-12 21:00:00+00:00,56122.91,21605.47,28374.29,6136.12,7.03,29100.78,6151.94,0.0
2025-11-12 22:00:00+00:00,52228.79,17630.88,28975.8,5615.69,6.42,29262.07,6126.28,0.0
2025-11-12 23:00:00+00:00,49183.2,13918.16,29715.91,5543.38,5.75,29364.7,6146.22,0.0
2025-11-13 00:00:00+00:00,48170.75,13457.22,29430.08,5278.05,5.4,29455.5,6132.05,0.0
2025-11-13 01:00:00+00:00,47209.92,12706.37,29424.9,5073.35,5.29,29676.55,6091.7,0.0
2025-11-13 02:00:00+00:00,47686.25,13650.32,28834.38,5196.04,5.51,29791.46,6091.93,0.0
2025-11-13 03:00:00+00:00,48927.41,14344.76,29264.12,5311.78,6.75,29825.25,6147.85,0.0
2025-11-13 04:00:00+00:00,52746.6,17615.46,29849.92,5274.06,7.16,30142.53,6243.03,0.0
2025-11-13 05:00:00+00:00,60757.74,23467.17,32707.79,4573.57,9.21,31249.98,6242.71,0.0
2025-11-13 06:00:00+00:00,66187.86,28075.77,33502.05,4280.12,329.93,31398.24,6282.48,720.97
2025-11-13 07:00:00+00:00,68939.54,27255.62,32691.71,4580.97,4411.23,31556.5,6189.84,6915.64
2025-11-13 08:00:00+00:00,69728.0,21612.98,31764.71,4703.7,11646.61,30978.22,5939.52,15547.71
2025-11-13 09:00:00+00:00,70722.0,16463.91,30735.0,5380.58,18142.51,29708.34,5685.48,22308.39
2025-11-13 10:00:00+00:00,70175.7,14247.03,29319.74,5061.63,21547.3,28012.99,5565.22,25823.99
2025-11-13 11:00:00+00:00,69239.14,16266.38,27359.01,4519.67,21094.09,26193.55,5486.59,25529.73
2025-11-13 12:00:00+00:00,67634.85,20746.83,25533.77,4290.37,17063.87,25614.45,5424.24,21619.58
2025-11-13 13:00:00+00:00,66646.76,27528.52,24333.2,4385.37,10399.67,25351.1,5354.03,14781.36
2025-11-13 14:00:00+00:00,65809.24,33030.35,23919.71,4829.89,4029.29,24996.35,5218.38,6385.15
2025-11-13 15:00:00+00:00,67321.71,37742.76,24912.9,4303.13,362.92,24523.23,4831.6,714.7
2025-11-13 16:00:00+00:00,69307.46,40679.73,25175.27,3436.35,16.1,23675.35,3982.95,0.0
2025-11-13 17:00:00+00:00,69030.11,41821.43,24609.77,2574.98,23.92,22400.03,3094.44,0.0
2025-11-13 18:00:00+00:00,66315.0,42719.44,21735.02,1847.39,13.16,20739.08,2460.34,0.0
2025-11-13 19:00:00+00:00,62832.33,41469.26,19601.5,1751.84,9.72,19033.66,2029.69,0.0
2025-11-13 20:00:00+00:00,59198.26,40839.79,16494.03,1853.91,10.51,16800.1,1795.49,0.0
2025-11-13 21:00:00+00:00,55336.83,40643.94,12894.24,1789.35,9.29,14441.55,1676.01,0.0
2025-11-13 22:00:00+00:00,51218.97,38430.22,11275.3,1504.26,9.19,12660.5,1546.1,0.0
2025-11-13 23:00:00+00:00,47899.08,37100.72,9584.7,1205.6,8.07,11924.14,1510.54,0.0
2025-11-14 00:00:00+00:00,45829.06,36349.1,8486.33,986.45,7.18,10800.46,1301.43,0.0
2025-11-14 01:00:00+00:00,45425.48,36511.06,7830.33,1075.2,8.89,9966.17,1172.76,0.0
2025-11-14 02:00:00+00:00,45718.76,36352.16,7848.54,1509.35,8.71,9408.33,1179.2,0.0
2025-11-14 03:00:00+00:00,47009.15,37606.21,7908.52,1486.25,8.17,9044.29,1232.53,0.0
2025-11-14 04:00:00+00:00,50839.83,41091.06,8488.23,1252.65,7.9,9162.0,1351.15,0.0
2025-11-14 05:00:00+00:00,58994.64,48381.14,9243.42,1351.53,18.55,9897.44,1554.38,0.0
2025-11-14 06:00:00+00:00,64473.51,51356.59,10791.09,1928.89,396.94,10516.62,1790.49,521.97
2025-11-14 07:00:00+00:00,66998.96,48640.64,12780.22,2447.06,3131.04,11168.25,2023.87,4551.97
2025-11-14 08:00:00+00:00,67410.4,44391.71,13436.64,2792.7,6789.35,11572.82,2202.05,10166.62
2025-11-14 09:00:00+00:00,67741.78,42354.03,12783.13,2945.84,9658.77,11473.13,2340.13,14666.17
2025-11-14 10:00:00+00:00,67821.98,41550.71,12469.57,2880.39,10921.32,10755.86,2573.59,17295.68
2025-11-14 11:00:00+00:00,67053.08,41774.34,12054.66,3123.29,10100.79,9647.92,2904.91,17475.46
2025-11-14 12:00:00+00:00,65373.01,41634.41,11980.6,3735.09,8022.91,9025.92,3274.51,15028.21
2025-11-14 13:00:00+00:00,64232.94,42819.97,11953.69,4466.84,4992.44,9009.48,3585.71,10169.47
2025-11-14 14:00:00+00:00,64278.71,45102.93,12475.57,4615.07,2085.14,9501.11,3826.36,4310.46
2025-11-14 15:00:00+00:00,65552.84,48905.22,11959.3,4478.32,210.0,10226.3,3977.63,487.78
2025-11-14 16:00:00+00:00,67658.28,51832.4,11838.5,3949.63,37.75,10872.94,4069.47,0.0
2025-11-14 17:00:00+00:00,67167.86,50633.04,11958.98,4547.92,27.92,11537.2,4155.26,0.0
2025-11-14 18:00:00+00:00,64510.67,47692.7,12449.23,4352.12,16.62,12251.8,4300.08,0.0
2025-11-14 19:00:00+00:00,60490.35,43387.96,12563.65,4530.97,7.76,13083.98,4482.29,0.0
2025-11-14 20:00:00+00:00,57476.58,38550.08,13573.65,5347.72,5.14,13935.44,4722.42,0.0
2025-11-14 21:00:00+00:00,54237.67,33733.96,14629.91,5867.9,5.91,14551.14,5043.44,0.0
2025-11-14 22:00:00+00:00,50753.49,29663.41,15292.71,5792.77,4.59,15455.95,5328.81,0.0
2025-11-14 23:00:00+00:00,47793.61,27378.95,15079.17,5332.08,3.41,17941.03,5826.48,0.0
2025-11-15 00:00:00+00:00,45687.1,25501.94,15026.68,5155.51,2.97,18174.76,5806.86,0.0
2025-11-15 01:00:00+00:00,44421.38,23291.22,16377.33,4749.86,2.97,18668.4,5717.47,0.0
2025-11-15 02:00:00+00:00,43673.25,21623.01,17601.21,4443.51,5.52,19320.7,5622.76,0.0
2025-11-15 03:00:00+00:00,44283.57,20344.35,19433.12,4500.87,5.24,19990.1,5568.93,0.0
2025-11-15 04:00:00+00:00,44994.91,19939.95,20335.58,4714.57,4.81,20503.41,5595.02,0.0
2025-11-15 05:00:00+00:00,47899.81,22068.98,21218.01,4608.7,4.12,21032.01,5700.79,0.0
2025-11-15 06:00:00+00:00,50262.24,23408.56,21849.28,4930.42,73.98,20751.53,5725.3,215.4
2025-11-15 07:00:00+00:00,53065.23,24152.96,22090.9,5228.53,1592.85,20494.76,5621.67,1827.13
2025-11-15 08:00:00+00:00,55878.79,23976.42,22026.86,5078.1,4797.41,20116.08,5470.86,4700.55
2025-11-15 09:00:00+00:00,57833.81,22964.77,21648.85,4986.63,8233.55,19525.68,5385.03,7609.41
2025-11-15 10:00:00+00:00,58841.92,22303.71,21149.18,4951.42,10437.61,18744.9,5242.16,9668.1
2025-11-15 11:00:00+00:00,57671.97,21616.05,20607.21,5214.31,10234.4,17726.16,5163.5,10208.76
2025-11-15 12:00:00+00:00,56592.47,23589.66,18948.13,5806.31,8248.37,16852.36,5179.16,8969.66
2025-11-15 13:00:00+00:00,55772.33,27711.68,16957.93,5778.68,5324.02,15829.27,5219.28,6111.71
2025-11-15 14:00:00+00:00,55783.97,31852.49,15868.1,5909.11,2154.28,15333.86,5238.45,2565.59
2025-11-15 15:00:00+00:00,57027.38,35579.59,15599.59,5674.06,174.14,15011.7,5195.11,308.37
2025-11-15 16:00:00+00:00,59153.23,36963.15,16459.21,5698.83,32.05,15277.3,5158.25,0.0
2025-11-15 17:00:00+00:00,58895.64,35471.94,17503.0,5897.25,23.46,15342.53,5108.5,0.0
2025-11-15 18:00:00+00:00,56305.31,32939.71,17628.88,5726.65,10.07,14900.46,5024.87,0.0
2025-11-15 19:00:00+00:00,53667.53,31186.6,16888.41,5587.08,5.44,14219.71,4968.58,0.0
2025-11-15 20:00:00+00:00,50827.86,30935.38,14774.89,5110.4,7.19,13123.58,4655.17,0.0
2025-11-15 21:00:00+00:00,48841.44,31121.96,12611.48,5103.34,4.67,11422.9,4311.3,0.0
2025-11-15 22:00:00+00:00,45950.16,30841.2,10725.98,4379.78,3.2,9782.28,3849.5,0.0
2025-11-15 23:00:00+00:00,43103.7,29460.34,9622.08,4014.69,6.59,10438.28,3834.67,0.0
2025-11-16 00:00:00+00:00,40857.41,28312.68,8825.03,3714.7,5.0,9217.05,3508.45,0.0
2025-11-16 01:00:00+00:00,40125.23,28278.75,8212.76,3629.41,4.31,8384.52,3396.85,0.0
2025-11-16 02:00:00+00:00,39824.79,29031.89,7304.12,3485.14,3.65,8002.42,3470.97,0.0
2025-11-16 03:00:00+00:00,39904.39,29405.69,7213.92,3281.23,3.55,8137.8,3600.69,0.0
2025-11-16 04:00:00+00:00,40466.54,29497.14,7277.34,3688.54,3.51,8599.99,3679.17,0.0
2025-11-16 05:00:00+00:00,41662.9,30048.07,7615.91,3993.37,5.55,8878.82,3599.6,0.0
2025-11-16 06:00:00+00:00,44025.28,32442.74,7696.13,3713.51,172.9,8563.73,3283.23,310.76
2025-11-16 07:00:00+00:00,47212.71,33913.5,7491.69,3060.88,2746.65,7944.16,2741.83,3023.0
2025-11-16 08:00:00+00:00,49979.5,34012.38,6564.36,2279.49,7123.28,6928.87,2118.6,7105.73
2025-11-16 09:00:00+00:00,52214.01,35269.32,4865.37,1583.08,10496.25,5799.13,1606.25,10489.91
2025-11-16 10:00:00+00:00,54503.7,37519.7,4031.61,1042.24,11910.15,4983.04,1308.93,12373.94
2025-11-16 11:00:00+00:00,54262.38,38112.29,4051.23,749.87,11348.99,4650.04,1276.86,12140.62
2025-11-16 12:00:00+00:00,53078.17,39512.29,4293.44,1117.59,8154.85,4514.85,1469.01,9839.74
2025-11-16 13:00:00+00:00,52028.94,42240.0,4260.8,1090.82,4437.32,4475.72,1816.33,6362.15
2025-11-16 14:00:00+00:00,52141.08,44742.91,4433.17,1412.94,1552.06,4675.93,2220.51,2631.57
2025-11-16 15:00:00+00:00,53940.18,46597.25,4955.36,2272.67,114.9,5127.21,2566.4,302.51
2025-11-16 16:00:00+00:00,56795.65,48272.35,5541.25,2948.25,33.8,5605.86,2976.56,0.0
2025-11-16 17:00:00+00:00,57118.87,47388.19,6128.89,3561.01,40.78,6116.28,3471.03,0.0
2025-11-16 18:00:00+00:00,55248.4,43958.4,7265.93,4000.39,23.68,6968.52,4062.77,0.0
2025-11-16 19:00:00+00:00,53429.17,40250.72,8380.31,4790.9,7.24,8106.41,4604.67,0.0
2025-11-16 20:00:00+00:00,51602.3,36918.62,9212.33,5465.1,6.25,9234.07,5097.97,0.0
2025-11-16 21:00:00+00:00,50085.72,34729.81,9702.99,5647.33,5.59,10250.44,5496.53,0.0
2025-11-16 22:00:00+00:00,47765.41,31457.92,9849.06,6454.14,4.29,11239.57,5793.07,0.0
2025-11-16 23:00:00+00:00,45336.31,28376.54,10298.86,6655.75,5.16,12817.77,6145.23,0.0
2025-11-17 00:00:00+00:00,43663.45,26604.87,10622.43,6430.38,5.77,13612.62,6158.93,0.0
2025-11-17 01:00:00+00:00,43615.07,25654.93,11301.2,6654.27,4.67,14454.55,6129.62,0.0
2025-11-17 02:00:00+00:00,44758.4,24908.23,12693.28,7152.82,4.06,15280.5,6084.13,0.0
2025-11-17 03:00:00+00:00,46698.14,26756.59,13051.38,6885.16,5.02,15724.29,6001.93,0.0
2025-11-17 04:00:00+00:00,50402.19,31059.17,12648.32,6688.9,5.8,15754.38,5868.26,0.0
2025-11-17 05:00:00+00:00,59660.54,41012.94,12311.32,6323.72,12.55,15655.98,5700.4,0.0
2025-11-17 06:00:00+00:00,65880.22,47171.08,12479.7,6195.16,34.28,15098.15,5231.6,119.37
2025-11-17 07:00:00+00:00,69100.07,50261.2,12023.76,5681.39,1133.73,14861.74,5203.64,1737.34
2025-11-17 08:00:00+00:00,69754.86,48265.26,11550.15,5859.45,4080.0,15212.91,4966.59,5107.23
2025-11-17 09:00:00+00:00,70312.19,45662.33,11686.85,5868.5,7094.51,16369.92,4844.52,8395.6
2025-11-17 10:00:00+00:00,71286.98,41809.99,13321.64,6175.09,9980.26,17973.44,4846.14,10965.75
2025-11-17 11:00:00+00:00,71301.7,38780.17,15332.98,6487.15,10701.4,20080.11,4877.59,12107.97
2025-11-17 12:00:00+00:00,70351.07,36698.94,17776.64,6442.57,9432.92,21505.76,4926.01,11216.76
2025-11-17 13:00:00+00:00,69214.11,37952.25,18853.95,5904.67,6503.24,21119.37,5075.25,8228.15
2025-11-17 14:00:00+00:00,68851.07,42902.98,17278.88,5949.33,2719.88,19802.45,5309.21,3536.42
2025-11-17 15:00:00+00:00,69584.88,46278.89,16598.16,6462.13,245.7,18653.12,5577.91,395.38
2025-11-17 16:00:00+00:00,71875.86,48231.45,16575.86,7043.89,24.66,18306.71,5669.26,0.0
2025-11-17 17:00:00+00:00,70305.2,46639.88,16915.31,6726.73,23.28,18292.97,5631.51,0.0
2025-11-17 18:00:00+00:00,68499.56,44749.27,17229.92,6496.19,24.18,18380.55,5539.33,0.0
2025-11-17 19:00:00+00:00,65634.95,40835.72,18458.76,6331.44,9.03,18455.79,5406.21,0.0
2025-11-17 20:00:00+00:00,62719.39,36730.34,19471.91,6509.3,7.83,18402.52,5338.38,0.0
2025-11-17 21:00:00+00:00,58532.81,34084.98,18438.0,6002.83,7.01,18248.0,5317.3,0.0
2025-11-17 22:00:00+00:00,54578.24,29547.58,19073.26,5952.3,5.09,18431.32,5318.9,0.0
2025-11-17 23:00:00+00:00,51719.93,25215.76,20243.13,6255.98,5.06,17890.72,5365.17,0.0
2025-11-18 00:00:00+00:00,50728.57,24216.02,20675.92,5832.52,4.12,18597.43,5322.6,0.0
2025-11-18 01:00:00+00:00,50371.8,23537.98,20853.55,5976.84,3.42,18883.28,5274.99,0.0
2025-11-18 02:00:00+00:00,50631.91,23281.12,21394.32,5951.72,4.75,19071.13,5170.01,0.0
2025-11-18 03:00:00+00:00,52069.27,24259.92,21658.94,6147.08,3.34,19030.08,4953.39,0.0
2025-11-18 04:00:00+00:00,56316.34,28822.71,21056.57,6434.08,2.98,18824.34,4742.01,0.0
2025-11-18 05:00:00+00:00,64045.5,36340.87,21083.53,6617.07,4.03,18878.91,4409.21,0.0
2025-11-18 06:00:00+00:00,70100.63,42979.92,20796.35,6139.19,185.16,18453.56,3959.14,240.05
2025-11-18 07:00:00+00:00,72981.15,43455.47,20572.94,5851.56,3101.18,18031.82,3535.18,3240.16
2025-11-18 08:00:00+00:00,71871.25,39454.04,19284.37,4869.58,8263.27,17513.58,3086.07,8337.61
2025-11-18 09:00:00+00:00,71728.38,36182.77,18371.5,4278.17,12895.93,17330.63,2755.91,12440.79
2025-11-18 10:00:00+00:00,71330.84,33493.33,18755.6,3482.45,15599.46,17399.29,2487.39,14795.56
2025-11-18 11:00:00+00:00,69823.4,32460.41,18652.7,2659.32,16050.97,17591.03,2301.59,14994.52
2025-11-18 12:00:00+00:00,68860.22,33292.86,18941.25,2455.85,14170.26,17823.78,2093.68,13116.38
2025-11-18 13:00:00+00:00,67580.48,37270.73,18399.74,2592.82,9317.2,17275.54,1863.59,9249.34
2025-11-18 14:00:00+00:00,67771.92,43432.51,18106.26,2355.54,3877.61,16538.89,1657.12,3990.47
2025-11-18 15:00:00+00:00,69284.66,47783.35,19003.18,2193.39,304.75,16530.61,1483.76,446.74
2025-11-18 16:00:00+00:00,71441.17,49390.38,20101.92,1906.68,42.2,17066.98,1309.51,0.0
2025-11-18 17:00:00+00:00,71095.6,47739.89,21650.24,1679.03,26.43,18082.21,1213.44,0.0
2025-11-18 18:00:00+00:00,69174.31,46131.76,21723.7,1308.94,9.91,18763.44,1097.13,0.0
2025-11-18 19:00:00+00:00,65900.44,42860.47,21984.72,1046.42,8.83,19027.25,989.68,0.0
2025-11-18 20:00:00+00:00,62301.41,39588.98,21916.3,787.81,8.32,18897.77,884.31,0.0
2025-11-18 21:00:00+00:00,58186.82,36655.66,20876.6,646.94,7.62,18335.64,800.95,0.0
2025-11-18 22:00:00+00:00,54445.96,32832.99,20672.24,935.3,5.43,18061.87,786.13,0.0
2025-11-18 23:00:00+00:00,52058.88,30564.17,20213.01,1276.91,4.79,19076.0,849.67,0.0
2025-11-19 00:00:00+00:00,49669.88,28656.09,19810.91,1197.52,5.36,18637.47,1022.14,0.0
2025-11-19 01:00:00+00:00,49167.25,28432.14,19127.14,1602.49,5.48,18236.47,1240.24,0.0
2025-11-19 02:00:00+00:00,49362.92,29408.75,18454.5,1494.63,5.04,17839.55,1376.91,0.0
2025-11-19 03:00:00+00:00,50326.28,31424.35,17535.78,1361.55,4.6,17457.28,1405.43,0.0
2025-11-19 04:00:00+00:00,54163.46,35723.56,17183.38,1252.07,4.45,17349.97,1430.45,0.0
2025-11-19 05:00:00+00:00,61684.79,42460.21,17686.21,1531.9,6.47,17758.98,1540.1,0.0
2025-11-19 06:00:00+00:00,67828.61,48442.98,17199.22,2038.43,147.98,17832.3,1749.45,332.13
2025-11-19 07:00:00+00:00,70577.18,48260.42,16814.13,2252.47,3250.16,17954.45,1965.12,3902.03
2025-11-19 08:00:00+00:00,71336.32,43744.16,15817.72,2571.98,9202.45,17400.09,2241.1,9104.02
2025-11-19 09:00:00+00:00,71479.11,40001.88,14855.09,2855.92,13766.21,16263.92,2617.5,12857.89
2025-11-19 10:00:00+00:00,72145.85,39935.61,14159.49,3133.05,14917.71,15587.92,2931.71,14171.58
2025-11-19 11:00:00+00:00,70958.98,40389.01,13691.54,3359.51,13518.93,15267.9,3265.91,12934.06
2025-11-19 12:00:00+00:00,69928.69,42316.72,13576.33,3717.47,10318.17,15128.05,3605.13,10001.13
2025-11-19 13:00:00+00:00,68938.93,45831.52,13557.46,3883.09,5666.87,15007.55,3954.61,6286.46
2025-11-19 14:00:00+00:00,68816.94,48912.86,13549.74,4402.48,1951.87,15200.81,4253.84,2420.23
2025-11-19 15:00:00+00:00,69793.37,50282.58,14419.55,4954.68,136.55,15692.44,4269.0,237.0
2025-11-19 16:00:00+00:00,71698.23,51715.25,15082.7,4873.96,26.32,16153.99,4426.45,0.0
2025-11-19 17:00:00+00:00,71539.17,50268.89,15421.49,5834.66,14.14,16429.82,4567.61,0.0
2025-11-19 18:00:00+00:00,69584.63,49203.93,14758.63,5609.56,12.51,16188.28,4322.39,0.0
2025-11-19 19:00:00+00:00,66081.07,45830.26,14371.27,5861.64,17.9,15807.64,4001.2,0.0
2025-11-19 20:00:00+00:00,62905.23,43367.49,13781.43,5748.46,7.85,15326.83,3583.28,0.0
2025-11-19 21:00:00+00:00,59493.12,41246.75,13306.1,4933.29,6.98,14727.96,3200.51,0.0
2025-11-19 22:00:00+00:00,55837.91,37571.12,13798.24,4462.04,6.52,14282.9,2828.65,0.0
2025-11-19 23:00:00+00:00,51833.27,33797.68,14183.42,3846.07,6.1,15942.68,3684.9,0.0
2025-11-20 00:00:00+00:00,50071.47,31819.72,14451.01,3795.12,5.62,16063.0,3355.03,0.0
2025-11-20 01:00:00+00:00,49703.2,31481.01,14735.21,3480.74,6.24,16138.56,3040.83,0.0
2025-11-20 02:00:00+00:00,49842.54,31679.73,14876.56,3279.8,6.45,16321.35,2721.27,0.0
2025-11-20 03:00:00+00:00,50788.59,32363.22,15609.34,2808.79,7.24,16312.75,2382.78,0.0
2025-11-20 04:00:00+00:00,54557.27,35922.72,16172.8,2454.67,7.08,16116.69,2087.6,0.0
2025-11-20 05:00:00+00:00,62608.79,44021.92,16257.35,2320.78,8.75,16032.9,1829.41,0.0
2025-11-20 06:00:00+00:00,68529.87,50724.26,15586.59,2188.01,31.01,15477.0,1577.16,94.9
2025-11-20 07:00:00+00:00,71387.76,53798.97,14635.21,1830.32,1123.25,14778.93,1389.47,1723.11
2025-11-20 08:00:00+00:00,71799.01,52804.31,13475.1,1434.17,4085.42,13973.71,1230.3,5376.29
2025-11-20 09:00:00+00:00,72674.96,51709.17,12662.53,1309.75,6993.52,13218.6,1115.64,8876.99
2025-11-20 10:00:00+00:00,72756.35,50040.03,12247.47,1386.4,9082.44,12667.7,1072.34,11263.4
2025-11-20 11:00:00+00:00,72463.85,49447.18,11972.94,1257.76,9785.97,12290.01,1053.66,12058.08
2025-11-20 12:00:00+00:00,71398.41,49675.84,11758.75,1170.98,8792.84,12036.64,1129.06,10867.05
2025-11-20 13:00:00+00:00,70367.63,51409.66,11460.96,1270.3,6226.72,11339.08,1327.25,7768.39
2025-11-20 14:00:00+00:00,70191.31,55583.72,10524.75,1561.41,2521.43,10583.15,1570.59,3288.63
2025-11-20 15:00:00+00:00,71636.04,58844.63,10544.44,2076.24,170.73,10342.02,1823.66,325.37
2025-11-20 16:00:00+00:00,73721.95,61056.93,10413.81,2235.21,16.0,10365.85,2071.88,0.0
2025-11-20 17:00:00+00:00,72834.94,61057.52,9386.43,2382.32,8.68,10187.92,2215.9,0.0
2025-11-20 18:00:00+00:00,70910.95,59866.24,8601.32,2435.52,7.88,9646.2,2334.99,0.0
2025-11-20 19:00:00+00:00,67718.8,57411.72,7983.48,2319.07,4.53,9028.84,2435.63,0.0
2025-11-20 20:00:00+00:00,64421.23,54368.08,7288.06,2760.42,4.67,8385.71,2443.57,0.0
2025-11-20 21:00:00+00:00,60314.02,51418.16,6465.87,2426.28,3.72,7706.99,2302.31,0.0
2025-11-20 22:00:00+00:00,56846.15,48371.62,6011.31,2460.5,2.73,7173.85,2145.32,0.0
2025-11-20 23:00:00+00:00,54207.06,46372.75,5716.16,2115.18,2.97,6072.62,1737.97,0.0
2025-11-21 00:00:00+00:00,52653.91,45203.97,5514.33,1932.51,3.09,5736.5,1689.29,0.0
2025-11-21 01:00:00+00:00,51909.57,44993.08,5100.12,1812.78,3.58,5431.46,1659.96,0.0
2025-11-21 02:00:00+00:00,51834.27,44850.97,4845.12,2134.33,3.85,5208.13,1634.41,0.0
2025-11-21 03:00:00+00:00,53276.99,46228.46,4936.25,2108.42,3.86,5040.11,1618.29,0.0
2025-11-21 04:00:00+00:00,56544.65,48819.38,4969.16,2752.9,3.2,4939.7,1653.24,0.0
2025-11-21 05:00:00+00:00,63758.58,55841.06,5312.51,2601.49,3.52,4971.33,1672.47,0.0
2025-11-21 06:00:00+00:00,69409.82,59994.47,5737.38,3639.21,38.77,4967.61,1646.73,152.71
2025-11-21 07:00:00+00:00,72484.19,61821.12,5220.43,3350.74,2091.91,4859.16,1543.64,3414.82
2025-11-21 08:00:00+00:00,72568.83,57476.66,4335.49,2586.07,8170.61,4404.69,1403.98,10026.75
2025-11-21 09:00:00+00:00,72560.78,52306.58,3419.16,1620.2,15214.84,3624.6,1226.86,15996.39
2025-11-21 10:00:00+00:00,71739.39,47826.74,2920.43,1554.07,19438.15,3143.41,1105.94,19705.34
2025-11-21 11:00:00+00:00,70176.86,45738.39,3032.92,1427.03,19978.52,3145.99,1077.59,20011.69
2025-11-21 12:00:00+00:00,67848.29,46314.36,3251.42,1232.01,17050.5,3284.14,1079.04,16937.48
2025-11-21 13:00:00+00:00,66610.91,51177.89,3032.74,1258.79,11141.49,3546.98,1097.5,11304.37
2025-11-21 14:00:00+00:00,66818.56,58403.55,3160.65,1343.12,3911.23,4153.31,1115.08,4502.09
2025-11-21 15:00:00+00:00,68305.59,62476.98,4264.61,1294.27,269.73,5345.94,1153.27,392.66
2025-11-21 16:00:00+00:00,70389.0,63107.44,5797.69,1425.96,57.92,6709.48,1137.65,0.0
2025-11-21 17:00:00+00:00,69479.76,61628.01,6635.78,1194.45,21.52,7558.72,1036.33,0.0
2025-11-21 18:00:00+00:00,67622.48,59052.99,7208.16,1342.6,18.74,7839.29,943.95,0.0
2025-11-21 19:00:00+00:00,64388.27,55387.03,7508.45,1480.15,12.63,7887.57,945.24,0.0
2025-11-21 20:00:00+00:00,61152.27,51827.02,7826.09,1491.54,7.63,7890.41,1002.97,0.0
2025-11-21 21:00:00+00:00,58451.98,48288.07,8357.23,1796.94,9.74,7994.14,1189.97,0.0
2025-11-21 22:00:00+00:00,55082.74,43991.19,8715.9,2368.59,7.05,8408.22,1475.38,0.0
2025-11-21 23:00:00+00:00,52722.07,40745.88,9318.98,2650.84,6.37,7237.59,2022.74,0.0
2025-11-22 00:00:00+00:00,51080.44,37580.22,10052.95,3441.51,5.77,7507.78,2546.74,0.0
2025-11-22 01:00:00+00:00,50670.13,35841.21,10820.94,4003.33,4.65,7757.55,3128.52,0.0
2025-11-22 02:00:00+00:00,50089.78,34973.15,10789.33,4323.0,4.3,8148.02,3666.94,0.0
2025-11-22 03:00:00+00:00,50064.4,34529.82,10662.45,4867.05,5.08,8543.93,4231.54,0.0
2025-11-22 04:00:00+00:00,50486.92,34525.13,10770.0,5186.65,5.14,8821.04,4868.33,0.0
2025-11-22 05:00:00+00:00,52332.74,35894.41,10910.78,5521.33,6.23,9182.55,5379.06,0.0
2025-11-22 06:00:00+00:00,55082.16,37912.91,11376.81,5723.83,68.6,9429.72,5684.49,160.25
2025-11-22 07:00:00+00:00,58898.55,38141.49,11947.3,5859.14,2950.61,9958.83,5645.9,3986.92
2025-11-22 08:00:00+00:00,61291.4,33237.32,11337.92,6058.87,10657.28,10509.0,5674.52,11898.45
2025-11-22 09:00:00+00:00,63005.13,27421.91,10500.22,6319.49,18763.51,10152.36,5721.89,18509.73
2025-11-22 10:00:00+00:00,62200.98,22433.52,9512.55,6432.32,23822.6,9169.81,5749.3,22333.34
2025-11-22 11:00:00+00:00,61439.4,21150.77,9205.4,6560.64,24522.59,8827.01,5806.61,22803.64
2025-11-22 12:00:00+00:00,59779.91,23031.12,9241.51,6629.85,20877.43,9217.2,5839.5,19483.39
2025-11-22 13:00:00+00:00,58532.65,29103.55,9464.44,6411.26,13553.41,10260.95,5841.69,13227.58
2025-11-22 14:00:00+00:00,59132.35,37587.52,10783.75,5993.57,4767.51,11770.25,5862.23,5401.26
2025-11-22 15:00:00+00:00,61491.89,41396.35,14366.22,5442.67,286.65,13726.19,5862.46,427.21
2025-11-22 16:00:00+00:00,64243.06,41751.64,17115.96,5342.43,33.03,15896.44,5870.41,0.0
2025-11-22 17:00:00+00:00,64419.92,40058.0,19037.68,5297.88,26.36,17557.12,5897.42,0.0
2025-11-22 18:00:00+00:00,63264.34,37217.29,20806.07,5230.07,10.9,18726.92,5919.76,0.0
2025-11-22 19:00:00+00:00,60430.28,33839.7,21486.89,5098.93,4.76,19678.08,5936.88,0.0
2025-11-22 20:00:00+00:00,58014.45,31736.15,21264.85,4998.79,14.67,20445.49,5922.82,0.0
2025-11-22 21:00:00+00:00,56332.0,31297.2,20007.59,5001.7,25.52,20368.6,5922.84,0.0
2025-11-22 22:00:00+00:00,53755.84,29001.65,19879.3,4866.04,8.84,20458.41,5919.33,0.0
2025-11-22 23:00:00+00:00,50354.07,26471.39,19451.11,4424.5,7.07,19199.87,5860.91,0.0
2025-11-23 00:00:00+00:00,48944.16,26232.86,18806.2,3898.74,6.36,19029.86,5672.0,0.0
2025-11-23 01:00:00+00:00,48002.95,25034.53,18675.7,4285.3,7.42,18939.12,5680.38,0.0
2025-11-23 02:00:00+00:00,47609.18,24223.41,18648.87,4731.59,5.31,18972.66,5680.56,0.0
2025-11-23 03:00:00+00:00,47613.48,23758.03,18952.52,4897.2,5.74,19230.74,5694.97,0.0
2025-11-23 04:00:00+00:00,47351.85,23367.44,19524.04,4454.35,6.02,19801.45,5724.18,0.0
2025-11-23 05:00:00+00:00,48419.29,22855.76,20712.33,4844.37,6.84,20909.68,5763.15,0.0
2025-11-23 06:00:00+00:00,50924.88,24977.42,20950.45,4928.94,68.07,21349.22,5776.67,252.07
2025-11-23 07:00:00+00:00,54569.28,25090.2,20864.38,5667.07,2947.63,21714.38,5764.98,4663.68
2025-11-23 08:00:00+00:00,56741.82,22087.31,19344.62,5824.72,9485.17,21476.73,5715.24,12373.45
2025-11-23 09:00:00+00:00,58730.53,18302.11,18535.44,5595.4,16297.58,19954.79,5646.26,18293.99
2025-11-23 10:00:00+00:00,60164.34,16043.37,17528.8,5837.56,20754.61,18401.67,5568.09,21334.15
2025-11-23 11:00:00+00:00,59555.24,14330.46,17890.96,5730.58,21603.24,18174.67,5506.53,20981.74
2025-11-23 12:00:00+00:00,57721.46,14495.91,19477.97,6096.66,17650.91,19162.39,5489.69,17204.75
2025-11-23 13:00:00+00:00,57037.37,19017.78,21951.87,6485.11,9582.62,21522.7,5515.41,10924.64
2025-11-23 14:00:00+00:00,58594.48,23162.03,25881.25,7171.22,2379.99,24988.27,5730.38,3953.48
2025-11-23 15:00:00+00:00,61799.38,25127.32,29837.04,6774.21,60.82,28696.02,5758.78,238.3
2025-11-23 16:00:00+00:00,64932.89,25774.34,32506.87,6635.55,16.12,31479.96,5773.58,0.0
2025-11-23 17:00:00+00:00,65878.22,27379.85,32416.42,6067.38,14.56,32550.58,5777.38,0.0
2025-11-23 18:00:00+00:00,63818.71,26987.08,30680.88,6137.83,12.92,32439.16,6079.27,0.0
2025-11-23 19:00:00+00:00,60905.18,25430.7,29492.86,5972.99,8.64,31790.02,6170.65,0.0
2025-11-23 20:00:00+00:00,58363.02,24713.0,27675.25,5967.25,7.53,30397.73,6034.19,0.0
2025-11-23 21:00:00+00:00,56640.88,25647.14,24971.27,6016.68,5.8,28153.22,5906.72,0.0
2025-11-23 22:00:00+00:00,53449.88,24670.5,23097.82,5676.55,5.01,26460.26,5532.72,0.0
2025-11-23 23:00:00+00:00,50937.74,23390.71,21671.21,5870.99,4.83,24772.99,5476.86,0.0
2025-11-24 00:00:00+00:00,49293.8,23385.15,20082.09,5821.91,4.64,23315.25,5479.88,0.0
2025-11-24 01:00:00+00:00,48816.72,23827.12,18901.55,6083.44,4.61,22319.19,5476.3,0.0
2025-11-24 02:00:00+00:00,48778.8,24377.42,18247.07,6149.75,4.56,21680.13,5381.59,0.0
2025-11-24 03:00:00+00:00,50665.37,26201.09,18381.91,6078.52,3.84,21266.01,5230.09,0.0
2025-11-24 04:00:00+00:00,54823.97,30451.2,18723.23,5646.54,3.0,21025.69,5026.82,0.0
2025-11-24 05:00:00+00:00,63640.41,39308.36,19053.91,5274.4,3.74,21116.59,4896.78,0.0
2025-11-24 06:00:00+00:00,70009.82,47087.4,18931.28,3982.04,9.09,20479.72,4703.25,40.56
2025-11-24 07:00:00+00:00,72983.25,51490.25,17883.78,3196.59,412.64,19747.77,4510.09,775.96
2025-11-24 08:00:00+00:00,74173.94,51611.42,17072.64,3542.04,1947.84,18417.61,4248.32,2621.69
2025-11-24 09:00:00+00:00,74749.19,51762.33,15640.14,3466.11,3880.62,16277.64,3992.23,4449.58
2025-11-24 10:00:00+00:00,75214.46,52955.04,13587.44,3353.71,5318.27,14259.58,3666.5,5508.49
2025-11-24 11:00:00+00:00,74367.3,53547.15,12193.3,2989.22,5637.63,12749.52,3252.18,5597.29
2025-11-24 12:00:00+00:00,73030.87,54520.13,10822.78,2790.75,4897.21,11655.05,2701.87,4714.88
2025-11-24 13:00:00+00:00,71712.6,56019.6,10082.71,2436.18,3174.11,10898.01,2205.52,3001.27
2025-11-24 14:00:00+00:00,71430.23,58005.71,10107.46,2173.15,1143.9,10531.55,1851.6,1067.16
2025-11-24 15:00:00+00:00,72493.91,59635.79,10428.4,2369.32,60.4,10595.36,1628.25,123.98
2025-11-24 16:00:00+00:00,73676.88,60867.82,10499.65,2296.91,12.51,10637.27,1498.61,0.0
2025-11-24 17:00:00+00:00,72750.92,60030.98,10374.12,2333.29,12.53,10406.88,1368.16,0.0
2025-11-24 18:00:00+00:00,70682.39,58503.54,10064.86,2105.03,8.97,9891.24,1238.84,0.0
2025-11-24 19:00:00+00:00,67062.49,55845.85,9397.32,1815.19,4.13,9243.43,1079.41,0.0
2025-11-24 20:00:00+00:00,63646.85,53129.45,8788.71,1725.96,2.73,8320.91,940.9,0.0
2025-11-24 21:00:00+00:00,59817.83,50308.64,7671.03,1835.28,2.87,7263.91,841.89,0.0
2025-11-24 22:00:00+00:00,55822.34,47037.0,6605.79,2175.17,4.37,6372.11,803.49,0.0
2025-11-24 23:00:00+00:00,53007.12,44982.87,5963.2,2056.91,4.15,4708.37,1998.23,0.0
2025-11-25 00:00:00+00:00,51215.87,43889.46,5229.32,2093.45,3.63,3971.33,2203.55,0.0
2025-11-25 01:00:00+00:00,50332.09,43909.21,4187.0,2232.32,3.55,3360.32,2440.64,0.0
2025-11-25 02:00:00+00:00,50796.19,44549.49,3412.88,2830.38,3.44,2772.36,2663.13,0.0
2025-11-25 03:00:00+00:00,52255.58,46302.98,2746.61,3202.31,3.68,2194.96,2845.7,0.0
2025-11-25 04:00:00+00:00,56065.23,50637.44,2083.39,3340.98,3.42,1786.82,2997.1,0.0
2025-11-25 05:00:00+00:00,63683.91,58670.85,1739.31,3269.29,4.47,1600.94,3096.05,0.0
2025-11-25 06:00:00+00:00,69747.8,64581.43,1616.63,3535.47,14.28,1479.9,3142.97,33.48
2025-11-25 07:00:00+00:00,72533.61,66647.2,1421.08,3741.64,723.69,1416.82,3131.27,681.17
2025-11-25 08:00:00+00:00,72823.17,64843.09,1094.73,3917.64,2967.71,1376.87,3052.6,2364.72
2025-11-25 09:00:00+00:00,72724.49,62583.3,872.91,3866.32,5401.96,1280.21,2917.32,4072.27
2025-11-25 10:00:00+00:00,72769.11,61341.66,828.21,3539.89,7059.34,1190.62,2716.36,5100.47
2025-11-25 11:00:00+00:00,71888.39,60850.11,809.92,3253.83,6974.53,1187.14,2530.28,5114.22
2025-11-25 12:00:00+00:00,71506.74,62097.72,781.61,3100.43,5526.98,1338.72,2333.48,4207.88
2025-11-25 13:00:00+00:00,70829.81,63507.35,989.06,3165.22,3168.19,1656.68,2179.55,2648.34
2025-11-25 14:00:00+00:00,70661.97,65097.78,1715.71,2917.82,930.66,2231.44,2113.68,970.62
2025-11-25 15:00:00+00:00,71477.18,65897.97,2637.08,2878.56,63.57,2988.96,2164.6,121.81
2025-11-25 16:00:00+00:00,72767.68,66392.05,3478.53,2873.27,23.83,3682.88,2237.44,0.0
2025-11-25 17:00:00+00:00,72109.15,65498.23,3909.36,2691.5,10.06,4244.92,2235.55,0.0
2025-11-25 18:00:00+00:00,70173.07,63872.62,3908.11,2385.51,6.84,4615.66,2114.68,0.0
2025-11-25 19:00:00+00:00,66384.18,60349.6,3959.53,2069.13,5.91,4728.12,1938.02,0.0
2025-11-25 20:00:00+00:00,62851.09,57125.92,4118.01,1602.03,5.14,4622.12,1778.14,0.0
2025-11-25 21:00:00+00:00,59404.25,54026.88,4332.61,1040.41,4.35,4454.44,1630.33,0.0
2025-11-25 22:00:00+00:00,55428.04,50083.61,4570.21,770.21,4.01,4404.54,1467.5,0.0
2025-11-25 23:00:00+00:00,52386.0,46605.82,5074.88,700.87,4.43,4517.64,818.6,0.0
2025-11-26 00:00:00+00:00,50777.71,44857.1,5463.06,453.05,4.5,4638.29,686.79,0.0
2025-11-26 01:00:00+00:00,50064.96,44109.71,5556.82,393.87,4.56,4648.99,605.48,0.0
2025-11-26 02:00:00+00:00,49830.13,43729.21,5692.97,403.47,4.49,4730.78,572.07,0.0
2025-11-26 03:00:00+00:00,51374.53,44633.83,6118.55,617.5,4.65,4862.62,575.17,0.0
2025-11-26 04:00:00+00:00,54881.87,47896.59,6292.23,688.55,4.49,4965.43,588.38,0.0
2025-11-26 05:00:00+00:00,62760.55,55845.28,6218.11,690.49,6.66,5121.63,570.33,0.0
2025-11-26 06:00:00+00:00,68871.02,62047.26,6120.15,674.61,29.0,5117.51,508.4,43.88
2025-11-26 07:00:00+00:00,72134.73,64839.38,6078.57,591.83,624.95,4881.17,434.69,863.71
2025-11-26 08:00:00+00:00,72606.06,63772.35,5604.95,450.55,2778.21,4452.36,366.69,3118.06
2025-11-26 09:00:00+00:00,73082.85,62582.02,4836.99,264.31,5399.52,3990.91,304.89,5369.34
2025-11-26 10:00:00+00:00,73419.98,62054.65,4107.34,307.78,6950.21,3711.49,266.82,6693.56
2025-11-26 11:00:00+00:00,73212.95,62353.09,3719.15,387.98,6752.73,3593.23,247.21,6779.41
2025-11-26 12:00:00+00:00,72624.1,62738.87,3845.2,603.37,5436.67,3699.78,251.8,5615.58
2025-11-26 13:00:00+00:00,71834.52,63715.96,3999.34,798.53,3320.69,3976.43,273.1,3538.82
2025-11-26 14:00:00+00:00,71479.34,65005.84,4531.94,843.36,1098.2,4445.52,302.02,1223.88
2025-11-26 15:00:00+00:00,72308.33,66137.51,5326.46,762.41,81.94,5124.35,338.93,101.86
2025-11-26 16:00:00+00:00,73754.05,67432.27,5564.67,695.9,61.21,5697.72,379.68,0.0
2025-11-26 17:00:00+00:00,73059.04,66685.68,5479.48,872.49,21.4,5929.39,460.19,0.0
2025-11-26 18:00:00+00:00,71032.04,64238.15,5630.97,1153.51,9.39,5945.57,639.02,0.0
2025-11-26 19:00:00+00:00,67134.04,59433.11,6213.12,1471.62,16.18,5944.46,930.0,0.0
2025-11-26 20:00:00+00:00,63797.61,55329.85,6538.82,1921.47,7.47,5893.73,1360.08,0.0
2025-11-26 21:00:00+00:00,60644.13,50556.78,7048.51,3032.93,5.91,5903.13,1875.6,0.0
2025-11-26 22:00:00+00:00,56923.72,45245.72,7501.52,4171.27,5.22,6179.73,2514.48,0.0
2025-11-26 23:00:00+00:00,53523.09,39561.45,8771.5,5185.55,4.59,7591.32,4208.28,0.0
2025-11-27 00:00:00+00:00,51666.28,36154.05,9965.25,5542.59,4.39,8262.81,4919.04,0.0
2025-11-27 01:00:00+00:00,50834.74,33933.09,11162.49,5734.58,4.57,9165.33,5202.53,0.0
2025-11-27 02:00:00+00:00,51087.04,32854.58,12448.52,5780.7,3.24,10340.25,5343.68,0.0
2025-11-27 03:00:00+00:00,52835.62,32689.75,14357.21,5785.16,3.5,11634.29,5401.34,0.0
2025-11-27 04:00:00+00:00,57304.12,35476.21,16616.55,5207.84,3.52,12856.46,5357.53,0.0
2025-11-27 05:00:00+00:00,65616.59,41099.27,19056.33,5456.77,4.22,14273.32,5249.08,0.0
2025-11-27 06:00:00+00:00,71783.03,46282.04,20239.95,5247.73,13.32,15362.29,5246.0,40.06
2025-11-27 07:00:00+00:00,75178.07,47421.7,21548.82,5076.69,1130.87,16666.67,5249.32,1658.16
2025-11-27 08:00:00+00:00,75315.83,43317.81,22105.78,4980.47,4911.77,17771.39,5177.46,5497.06
2025-11-27 09:00:00+00:00,75004.36,38180.26,22622.47,4819.11,9382.52,18377.69,5156.61,9045.86
2025-11-27 10:00:00+00:00,74898.52,34187.28,23871.97,5335.28,11503.99,19003.62,5149.47,11084.57
2025-11-27 11:00:00+00:00,74457.66,33678.0,24968.23,5155.43,10656.0,20055.09,5195.85,10917.06
2025-11-27 12:00:00+00:00,73923.84,33742.02,25811.9,5897.7,8472.21,21315.61,5304.98,8806.31
2025-11-27 13:00:00+00:00,72739.65,34592.19,26731.13,6255.06,5161.26,22466.55,5473.04,5512.06
2025-11-27 14:00:00+00:00,73107.03,37038.83,27968.23,6320.83,1779.14,23759.62,5617.24,1928.08
2025-11-27 15:00:00+00:00,73962.98,38447.65,29268.39,6156.71,90.22,25402.14,5736.69,146.16
2025-11-27 16:00:00+00:00,75700.78,39316.5,30055.34,6307.82,21.12,26737.72,5820.44,0.0
2025-11-27 17:00:00+00:00,74692.86,37665.78,30495.22,6515.44,16.41,27433.64,5892.64,0.0
2025-11-27 18:00:00+00:00,72714.28,35595.01,30251.92,6856.68,10.66,27759.41,5887.77,0.0
2025-11-27 19:00:00+00:00,68990.99,32352.83,29743.42,6885.32,9.42,27962.34,5854.38,0.0
2025-11-27 20:00:00+00:00,65264.62,29211.83,29504.45,6539.61,8.74,27843.67,5816.51,0.0
2025-11-27 21:00:00+00:00,61759.64,27524.93,27995.67,6232.24,6.8,27097.86,5855.62,0.0
2025-11-27 22:00:00+00:00,57965.32,24263.55,27746.72,5950.04,5.02,26776.31,5806.35,0.0
2025-11-27 23:00:00+00:00,54940.0,21973.15,27487.24,5475.17,4.44,27434.09,5714.22,0.0
2025-11-28 00:00:00+00:00,53214.47,21324.84,26734.31,5150.77,4.55,26961.44,5712.27,0.0
2025-11-28 01:00:00+00:00,52087.42,20654.06,26047.99,5381.1,4.28,26535.39,5742.61,0.0
2025-11-28 02:00:00+00:00,52424.53,21371.87,25598.07,5450.84,3.74,26230.59,5758.2,0.0
2025-11-28 03:00:00+00:00,53328.51,22894.62,25012.94,5417.05,3.9,25993.43,5766.97,0.0
2025-11-28 04:00:00+00:00,55961.66,25798.73,24546.34,5611.86,4.73,25686.83,5781.78,0.0
2025-11-28 05:00:00+00:00,64201.7,32580.08,24988.97,6627.29,5.36,25689.91,5829.09,0.0
2025-11-28 06:00:00+00:00,70332.26,39589.8,23847.23,6858.36,36.87,24749.0,5891.77,51.18
2025-11-28 07:00:00+00:00,72960.48,41770.11,23151.46,6741.07,1297.85,23723.26,5818.83,1289.04
2025-11-28 08:00:00+00:00,73056.69,40017.31,22194.48,6511.58,4333.31,22477.8,5555.7,3962.9
2025-11-28 09:00:00+00:00,72932.62,37732.58,20972.38,6679.32,7548.34,20894.37,5538.55,6482.7
2025-11-28 10:00:00+00:00,73047.74,37676.24,19445.25,6770.7,9155.54,19341.63,5649.4,8126.48
2025-11-28 11:00:00+00:00,71873.56,37889.42,18216.15,6839.45,8928.54,18162.53,5697.09,8437.6
2025-11-28 12:00:00+00:00,69586.7,38371.96,17238.61,6752.05,7224.07,17624.73,5789.31,7112.38
2025-11-28 13:00:00+00:00,68972.3,42230.76,16052.83,6449.67,4239.04,17409.55,5797.13,4495.85
2025-11-28 14:00:00+00:00,68756.51,46172.7,15549.17,5772.2,1262.44,17732.7,5921.28,1603.03
2025-11-28 15:00:00+00:00,69791.4,47414.63,16531.85,5785.1,59.82,18850.03,5940.44,141.06
2025-11-28 16:00:00+00:00,70817.95,46406.44,18515.69,5851.83,43.99,20290.79,5933.12,0.0
2025-11-28 17:00:00+00:00,69630.33,43589.51,20274.1,5750.52,16.2,21541.75,5925.37,0.0
2025-11-28 18:00:00+00:00,67620.74,40753.79,21433.96,5420.88,12.1,22577.91,5886.2,0.0
2025-11-28 19:00:00+00:00,64413.18,37107.83,21879.44,5418.25,7.67,23676.43,5712.87,0.0
2025-11-28 20:00:00+00:00,61145.04,33529.18,22139.44,5470.05,6.37,24514.3,5563.11,0.0
2025-11-28 21:00:00+00:00,58047.8,31700.71,21024.93,5316.64,5.53,24712.51,5534.54,0.0
2025-11-28 22:00:00+00:00,54059.9,28656.99,20386.39,5011.56,4.96,24945.47,5521.17,0.0
2025-11-28 23:00:00+00:00,50552.47,26296.61,19195.79,5055.41,4.66,22538.64,5343.17,0.0
2025-11-29 00:00:00+00:00,48149.86,25081.43,17797.2,5267.22,4.01,21255.08,5638.4,0.0
2025-11-29 01:00:00+00:00,46991.95,25579.39,16088.52,5320.28,3.77,19347.07,5658.31,0.0
2025-11-29 02:00:00+00:00,46112.17,26058.07,14517.42,5533.38,3.3,17395.6,5545.91,0.0
2025-11-29 03:00:00+00:00,46266.05,27741.9,13222.18,5298.61,3.37,15753.33,5364.83,0.0
2025-11-29 04:00:00+00:00,46685.5,29336.93,12036.07,5308.42,4.08,14429.89,5166.5,0.0
2025-11-29 05:00:00+00:00,48711.82,31421.48,12031.9,5254.59,3.85,13651.72,5042.23,0.0
2025-11-29 06:00:00+00:00,51872.84,34438.08,12205.05,5216.93,12.78,12729.67,5021.68,27.9
2025-11-29 07:00:00+00:00,55740.23,37043.89,12267.96,5812.23,616.14,12230.12,5107.14,704.41
2025-11-29 08:00:00+00:00,58198.69,37444.44,11798.97,5880.09,3075.18,11936.22,5142.24,2785.58
2025-11-29 09:00:00+00:00,59761.84,36264.91,11529.79,5857.46,6109.67,11562.5,5334.58,5175.33
2025-11-29 10:00:00+00:00,60246.09,34918.8,11421.84,5688.44,8217.01,11288.42,5309.47,7000.19
2025-11-29 11:00:00+00:00,59608.36,34544.71,10658.86,5756.58,8648.21,11274.13,5286.19,7549.89
2025-11-29 12:00:00+00:00,58441.67,35112.02,10342.14,5606.38,7381.13,11578.26,5411.8,6588.8
2025-11-29 13:00:00+00:00,57622.23,36926.21,10805.85,5267.68,4622.48,12043.75,5322.08,4259.34
2025-11-29 14:00:00+00:00,57806.45,39334.77,11806.3,5122.09,1543.28,13138.77,5344.31,1535.2
2025-11-29 15:00:00+00:00,59680.84,40135.3,14225.81,5258.56,61.17,15214.03,5329.45,167.85
2025-11-29 16:00:00+00:00,61117.45,38645.65,16771.13,5682.41,18.27,17529.39,5281.54,0.0
2025-11-29 17:00:00+00:00,61127.92,36868.61,18443.13,5805.36,10.83,19252.98,5115.52,0.0
2025-11-29 18:00:00+00:00,59157.14,33776.1,19550.41,5821.01,9.62,20449.4,5435.61,0.0
2025-11-29 19:00:00+00:00,56378.9,30085.04,20501.52,5784.33,8.01,21420.0,5403.5,0.0
2025-11-29 20:00:00+00:00,54238.64,27759.6,20694.77,5778.03,6.23,21945.76,5334.96,0.0
2025-11-29 21:00:00+00:00,52586.52,26380.45,20019.34,6180.8,5.93,21830.56,5263.4,0.0
2025-11-29 22:00:00+00:00,49434.32,22541.6,20492.12,6395.88,4.72,22220.79,5286.74,0.0
2025-11-29 23:00:00+00:00,46596.48,19461.28,21037.88,6092.84,4.48,22543.0,5578.22,0.0
2025-11-30 00:00:00+00:00,44416.21,17174.91,21180.69,6056.75,3.85,22720.14,5583.15,0.0
2025-11-30 01:00:00+00:00,44035.29,16986.73,20928.12,6116.08,4.35,22666.6,5632.6,0.0
2025-11-30 02:00:00+00:00,43798.74,17245.91,20348.67,6199.84,4.32,22288.15,5715.25,0.0
2025-11-30 03:00:00+00:00,43584.83,17557.29,19771.85,6251.47,4.22,21595.13,5747.41,0.0
2025-11-30 04:00:00+00:00,43929.94,18137.26,19352.63,6436.56,3.48,20661.5,5768.38,0.0
2025-11-30 05:00:00+00:00,45080.75,19452.02,19061.34,6562.01,5.38,20125.99,5758.87,0.0
2025-11-30 06:00:00+00:00,46735.66,21626.57,18707.43,6374.23,27.44,19344.49,5733.77,42.07
2025-11-30 07:00:00+00:00,50090.07,23845.52,18744.22,6254.7,1245.63,19194.08,5702.59,1445.46
2025-11-30 08:00:00+00:00,52948.54,24488.76,17609.25,6403.84,4446.69,18872.45,5600.47,4897.84
2025-11-30 09:00:00+00:00,54418.53,24100.29,16421.51,6415.6,7481.12,17984.2,5366.0,7969.26
2025-11-30 10:00:00+00:00,57122.58,27086.16,15346.58,5599.98,9089.86,17182.76,5168.13,9390.91
2025-11-30 11:00:00+00:00,57480.45,29138.01,14851.07,4842.55,8648.82,16816.59,4936.38,8902.94
2025-11-30 12:00:00+00:00,55891.15,30433.63,14682.86,4244.89,6529.77,16894.36,4754.36,6956.57
2025-11-30 13:00:00+00:00,55349.44,32327.63,15338.53,4169.29,3514.0,16926.27,4681.64,4141.62
2025-11-30 14:00:00+00:00,55521.9,33019.84,17010.95,4424.16,1066.96,17062.46,4720.41,1333.46
2025-11-30 15:00:00+00:00,57124.8,33475.77,19214.3,4394.1,40.63,17621.16,4802.85,93.19
2025-11-30 16:00:00+00:00,59800.65,34113.42,20867.77,4809.27,10.18,18225.82,4943.97,0.0
2025-11-30 17:00:00+00:00,60647.49,34282.6,21524.76,4830.7,9.43,18662.98,5041.38,0.0
2025-11-30 18:00:00+00:00,59185.88,32866.66,21282.17,5024.16,12.89,18882.42,5109.51,0.0
2025-11-30 19:00:00+00:00,56824.51,30503.52,20964.7,5350.6,5.68,18794.27,5156.07,0.0
2025-11-30 20:00:00+00:00,55054.36,29298.2,20291.43,5459.45,5.28,18262.61,5098.47,0.0
2025-11-30 21:00:00+00:00,53197.84,28839.95,18508.61,5844.35,4.94,17099.08,5048.71,0.0
2025-11-30 22:00:00+00:00,50552.08,26871.66,17890.41,5785.45,4.56,16067.81,4931.57,0.0
2025-11-30 23:00:00+00:00,47930.04,24490.1,17573.83,5866.08,0.03,15819.06,4916.98,0.0
2025-12-01 00:00:00+00:00,46838.19,23670.09,17385.5,5782.57,0.03,14631.1,5064.17,0.0
2025-12-01 01:00:00+00:00,45732.67,23057.49,16446.86,6228.29,0.03,13916.96,5415.68,0.0
2025-12-01 02:00:00+00:00,46223.53,23727.94,16090.82,6404.75,0.02,13570.09,5754.84,0.0
2025-12-01 03:00:00+00:00,48647.59,26045.32,16132.41,6469.84,0.02,13276.84,5963.1,0.0
2025-12-01 04:00:00+00:00,52457.41,30102.78,15929.99,6424.61,0.03,13338.32,6060.39,0.0
2025-12-01 05:00:00+00:00,61102.46,38484.0,15897.52,6720.91,0.03,14034.25,6123.35,0.0
2025-12-01 06:00:00+00:00,67553.35,44079.78,16942.18,6525.99,5.4,14447.25,6092.51,24.85
2025-12-01 07:00:00+00:00,70191.02,44566.49,17612.51,6291.63,1720.39,15237.05,6015.96,1728.84
2025-12-01 08:00:00+00:00,71944.78,41693.65,16195.61,6135.39,7920.12,15869.89,5769.96,6794.79
2025-12-01 09:00:00+00:00,71844.26,36487.84,15149.03,5973.25,14234.14,15573.63,5606.29,11776.99
2025-12-01 10:00:00+00:00,71622.56,32905.69,14888.46,5934.54,17893.87,14996.23,5495.38,14688.82
2025-12-01 11:00:00+00:00,71638.98,32757.16,15741.83,5748.16,17391.83,15025.22,5392.25,14752.47
2025-12-01 12:00:00+00:00,70479.79,35442.71,16385.77,4418.31,14233.0,15777.83,5259.88,12264.05
2025-12-01 13:00:00+00:00,69853.58,39566.48,17259.28,4368.4,8659.42,17364.39,5205.06,7829.57
2025-12-01 14:00:00+00:00,69719.06,43110.17,19523.69,4525.51,2559.69,19646.91,5154.59,2757.67
2025-12-01 15:00:00+00:00,71089.07,42206.94,23876.61,4925.65,79.87,22073.25,5235.39,180.93
2025-12-01 16:00:00+00:00,73402.29,41146.16,27520.21,4735.77,0.15,24701.97,5255.83,0.0
2025-12-01 17:00:00+00:00,72937.32,37996.77,30318.14,4622.24,0.17,26562.04,5280.95,0.0
2025-12-01 18:00:00+00:00,70950.67,34381.61,31798.87,4770.06,0.13,27681.5,5396.79,0.0
2025-12-01 19:00:00+00:00,67801.9,30988.81,32207.99,4605.0,0.1,28482.3,5472.48,0.0
2025-12-01 20:00:00+00:00,63809.05,26515.35,32110.6,5183.03,0.07,28611.95,5514.58,0.0
2025-12-01 21:00:00+00:00,59998.01,23967.39,30517.6,5512.96,0.06,27873.99,5856.23,0.0
2025-12-01 22:00:00+00:00,55850.81,20938.56,29654.19,5258.02,0.05,27511.28,5745.15,0.0
2025-12-01 23:00:00+00:00,52870.18,18681.26,28582.19,5606.68,0.04,28807.16,5743.31,0.0
2025-12-02 00:00:00+00:00,51101.62,17464.39,27840.61,5796.56,0.05,28338.97,5685.0,0.0
2025-12-02 01:00:00+00:00,50583.59,17074.29,27488.54,6020.73,0.03,27994.17,5712.49,0.0
2025-12-02 02:00:00+00:00,51181.69,17425.14,27722.64,6033.88,0.03,27731.32,5742.18,0.0
2025-12-02 03:00:00+00:00,52417.16,18482.14,27813.74,6121.25,0.04,27652.12,5766.2,0.0
2025-12-02 04:00:00+00:00,56076.42,21693.19,28165.08,6218.12,0.03,27620.96,5791.85,0.0
2025-12-02 05:00:00+00:00,64288.8,29238.1,28769.52,6281.14,0.04,27730.62,5837.71,0.0
2025-12-02 06:00:00+00:00,70724.61,37682.29,27232.26,5799.98,10.08,26548.82,5902.38,27.48
2025-12-02 07:00:00+00:00,73857.25,41145.69,25669.01,5572.35,1470.2,25288.55,5988.28,1425.42
2025-12-02 08:00:00+00:00,74254.93,39080.1,23066.07,6375.91,5732.86,23320.69,6088.49,5251.12
2025-12-02 09:00:00+00:00,74412.36,37771.85,20351.65,6516.5,9772.36,20244.29,6213.87,9183.25
2025-12-02 10:00:00+00:00,73822.49,37512.1,17324.28,6542.9,12443.22,16816.14,6094.23,11963.05
2025-12-02 11:00:00+00:00,73127.8,39553.29,14497.9,6325.95,12750.66,14154.19,5849.09,12488.06
2025-12-02 12:00:00+00:00,72301.76,43511.9,12150.48,6147.08,10492.3,12547.05,5478.25,10551.39
2025-12-02 13:00:00+00:00,71460.62,48409.1,11083.01,5732.5,6236.0,11398.76,4996.5,6670.32
2025-12-02 14:00:00+00:00,70719.24,52707.63,10969.92,5350.52,1691.17,10857.31,4502.83,2254.63
2025-12-02 15:00:00+00:00,71700.74,55078.14,11723.58,4871.4,27.62,10867.56,3968.54,150.76
2025-12-02 16:00:00+00:00,73289.08,56596.54,12079.1,4613.37,0.06,10842.78,3503.9,0.0
2025-12-02 17:00:00+00:00,72431.89,56502.63,11897.31,4031.88,0.07,10577.26,3131.03,0.0
2025-12-02 18:00:00+00:00,70334.4,55716.64,11098.34,3519.37,0.05,10066.81,2819.32,0.0
2025-12-02 19:00:00+00:00,67199.18,54017.0,10098.11,3084.03,0.05,9330.56,2519.8,0.0
2025-12-02 20:00:00+00:00,63378.8,51962.7,8764.09,2651.98,0.03,8341.84,2216.84,0.0
2025-12-02 21:00:00+00:00,60273.34,50459.51,7563.22,2250.57,0.04,7455.22,1941.62,0.0
2025-12-02 22:00:00+00:00,56474.16,48005.43,6863.65,1605.04,0.03,6953.79,1739.7,0.0
2025-12-02 23:00:00+00:00,53368.6,45792.49,6397.53,1178.55,0.02,6442.16,1547.35,0.0
2025-12-03 00:00:00+00:00,51439.4,44336.66,6026.41,1076.31,0.02,5813.26,1431.66,0.0
2025-12-03 01:00:00+00:00,50492.04,44113.6,5360.93,1017.49,0.02,5343.9,1349.93,0.0
2025-12-03 02:00:00+00:00,51046.79,44903.23,4896.78,1246.76,0.02,4889.43,1273.88,0.0
2025-12-03 03:00:00+00:00,52324.62,46579.99,4254.79,1489.82,0.02,4423.45,1233.13,0.0
2025-12-03 04:00:00+00:00,55921.2,50657.08,3996.04,1268.05,0.03,4179.5,1214.16,0.0
2025-12-03 05:00:00+00:00,63720.98,58781.82,3883.16,1055.97,0.04,4137.37,1187.43,0.0
2025-12-03 06:00:00+00:00,69396.07,64594.57,3773.75,1026.03,1.71,4092.35,1165.34,15.02
2025-12-03 07:00:00+00:00,71850.68,66291.08,3673.9,1105.49,780.21,4030.56,1180.25,905.51
2025-12-03 08:00:00+00:00,72967.13,65419.18,3318.81,985.26,3243.88,3738.08,1204.25,3683.26
2025-12-03 09:00:00+00:00,73791.95,64581.55,2718.97,994.14,5497.29,3125.45,1213.94,6577.51
2025-12-03 10:00:00+00:00,74120.98,64069.03,2024.01,956.72,7071.23,2347.32,1183.33,8549.12
2025-12-03 11:00:00+00:00,73959.7,64038.82,1614.23,928.71,7377.94,1643.96,1098.42,8987.81
2025-12-03 12:00:00+00:00,73421.42,64965.49,1360.54,1017.24,6078.14,1292.93,1005.83,7689.06
2025-12-03 13:00:00+00:00,72446.14,66293.04,1328.96,965.18,3858.97,1251.34,947.84,4984.52
2025-12-03 14:00:00+00:00,71964.63,68144.32,1766.02,859.09,1195.21,1558.48,913.56,1796.67
2025-12-03 15:00:00+00:00,72714.84,69248.38,2509.21,933.21,24.04,2271.19,933.15,114.16
2025-12-03 16:00:00+00:00,74049.04,69689.92,3316.08,1042.98,0.06,3149.59,1029.63,0.0
2025-12-03 17:00:00+00:00,73504.53,68496.73,3820.18,1187.54,0.08,3890.59,1192.76,0.0
2025-12-03 18:00:00+00:00,71532.13,66099.7,4096.81,1335.55,0.08,4360.96,1376.04,0.0
2025-12-03 19:00:00+00:00,67777.75,62090.61,4187.44,1499.65,0.05,4638.15,1532.22,0.0
2025-12-03 20:00:00+00:00,63771.83,58178.79,4182.71,1410.28,0.04,4738.3,1644.55,0.0
2025-12-03 21:00:00+00:00,60140.91,54283.91,4364.96,1492.0,0.04,4642.04,1670.48,0.0
2025-12-03 22:00:00+00:00,56148.95,50103.7,4356.41,1688.8,0.03,4567.66,1643.29,0.0
2025-12-03 23:00:00+00:00,53891.65,48085.13,4213.42,1593.07,0.03,4312.58,1302.42,0.0
2025-12-04 00:00:00+00:00,52071.9,46761.73,3937.27,1372.88,0.03,4290.67,1302.62,0.0
2025-12-04 01:00:00+00:00,50981.05,45998.4,3819.9,1162.73,0.02,4333.52,1304.03,0.0
2025-12-04 02:00:00+00:00,51617.68,46545.16,3951.41,1121.09,0.02,4413.88,1285.84,0.0
2025-12-04 03:00:00+00:00,53002.76,47672.94,4115.8,1213.99,0.02,4556.67,1271.74,0.0
2025-12-04 04:00:00+00:00,56759.44,51246.97,4251.45,1260.99,0.02,4820.64,1300.09,0.0
2025-12-04 05:00:00+00:00,64292.56,58330.89,4627.17,1334.47,0.03,5212.5,1386.91,0.0
2025-12-04 06:00:00+00:00,69641.24,63086.75,5062.2,1490.23,2.05,5640.87,1516.73,6.38
2025-12-04 07:00:00+00:00,72599.88,64745.86,5538.28,1760.3,555.45,6171.79,1683.97,742.72
2025-12-04 08:00:00+00:00,73410.94,63125.45,5703.34,1786.98,2795.18,6435.93,1846.54,3160.37
2025-12-04 09:00:00+00:00,74089.95,61560.43,5319.03,1736.71,5473.78,5969.34,1956.68,5784.35
2025-12-04 10:00:00+00:00,74182.85,60612.79,4614.99,1800.36,7154.71,5103.62,1999.65,7613.71
2025-12-04 11:00:00+00:00,73597.42,60337.39,3917.93,1756.93,7585.16,4494.75,1991.67,8014.36
2025-12-04 12:00:00+00:00,72176.94,60116.39,3814.34,1650.99,6595.23,4320.42,1973.03,6801.03
2025-12-04 13:00:00+00:00,71455.98,61366.78,4338.47,1624.84,4125.9,4764.4,2000.25,4391.73
2025-12-04 14:00:00+00:00,71310.04,62380.55,5768.44,1988.87,1172.18,5993.9,2141.56,1501.32
2025-12-04 15:00:00+00:00,72754.28,62697.96,7773.1,2264.55,18.67,7986.67,2384.52,113.93
2025-12-04 16:00:00+00:00,74206.09,62483.42,9094.93,2626.73,1.01,9813.51,2704.31,0.0
2025-12-04 17:00:00+00:00,73691.38,61142.4,9593.35,2954.57,1.05,10562.67,3049.64,0.0
2025-12-04 18:00:00+00:00,71915.14,59453.88,8989.77,3470.36,1.13,10414.85,3230.36,0.0
2025-12-04 19:00:00+00:00,68142.83,56149.76,8438.24,3553.72,1.11,9692.55,3142.51,0.0
2025-12-04 20:00:00+00:00,64759.9,53481.94,7885.61,3391.67,0.69,8582.74,2868.8,0.0
2025-12-04 21:00:00+00:00,61251.79,51563.59,6720.13,2967.5,0.57,7159.08,2511.44,0.0
2025-12-04 22:00:00+00:00,57512.13,49079.09,5965.36,2467.4,0.27,6106.45,2192.21,0.0
2025-12-04 23:00:00+00:00,54591.71,47545.13,4938.37,2108.07,0.13,4799.62,2197.43,0.0
2025-12-05 00:00:00+00:00,52688.27,46682.65,3984.59,2020.98,0.06,4074.37,1970.43,0.0
2025-12-05 01:00:00+00:00,51759.16,46875.57,3377.68,1505.88,0.03,3499.27,1865.59,0.0
2025-12-05 02:00:00+00:00,51755.71,47469.81,3016.22,1269.64,0.04,2988.25,1749.75,0.0
2025-12-05 03:00:00+00:00,53007.34,49186.56,2656.1,1164.66,0.02,2580.42,1530.25,0.0
2025-12-05 04:00:00+00:00,56332.53,53004.63,2272.28,1055.58,0.04,2284.44,1354.44,0.0
2025-12-05 05:00:00+00:00,63660.44,60645.77,1978.16,1036.47,0.04,2100.04,1262.11,0.0
2025-12-05 06:00:00+00:00,69408.32,66674.93,1738.43,994.29,0.67,1941.75,1181.62,5.18
2025-12-05 07:00:00+00:00,72197.32,69350.59,1557.72,972.28,316.73,1822.85,1086.45,395.01
2025-12-05 08:00:00+00:00,72464.94,68176.14,1318.92,1081.81,1888.07,1666.43,1006.48,1819.21
2025-12-05 09:00:00+00:00,72789.67,66742.46,922.03,1107.67,4017.5,1411.11,942.87,3599.11
2025-12-05 10:00:00+00:00,72806.12,65653.5,696.38,933.0,5523.24,1108.04,863.85,4843.53
2025-12-05 11:00:00+00:00,72269.17,65171.64,675.81,710.42,5711.3,915.65,768.95,5078.02
2025-12-05 12:00:00+00:00,70762.3,64588.19,752.52,648.26,4773.33,889.61,701.02,4345.27
2025-12-05 13:00:00+00:00,69530.22,64951.41,878.54,665.06,3035.22,931.09,671.96,2823.63
2025-12-05 14:00:00+00:00,69418.31,66524.13,1208.73,769.92,915.54,1082.48,734.5,1011.09
2025-12-05 15:00:00+00:00,70740.56,67931.2,1896.49,895.35,17.52,1483.83,897.07,103.21
2025-12-05 16:00:00+00:00,71428.43,67200.84,2923.57,1303.08,0.93,2158.05,1110.35,0.0
2025-12-05 17:00:00+00:00,70359.46,64570.27,4205.62,1582.79,0.78,3110.34,1369.7,0.0
2025-12-05 18:00:00+00:00,68047.69,60386.29,5675.99,1984.35,1.05,4289.16,1672.94,0.0
2025-12-05 19:00:00+00:00,64499.92,54912.21,7095.98,2489.61,2.12,5703.57,2034.05,0.0
2025-12-05 20:00:00+00:00,61452.18,49556.94,8741.65,3150.87,2.72,7081.42,2450.18,0.0
2025-12-05 21:00:00+00:00,58440.23,44675.33,10104.39,3657.74,2.77,8396.05,2885.66,0.0
2025-12-05 22:00:00+00:00,54356.24,38752.44,11609.92,3991.66,2.22,9993.24,3330.74,0.0
2025-12-05 23:00:00+00:00,50317.47,32178.61,13361.33,4774.84,2.69,13299.29,4465.01,0.0
2025-12-06 00:00:00+00:00,48461.91,27676.99,15184.04,5598.5,2.39,15079.65,4915.48,0.0
2025-12-06 01:00:00+00:00,47361.4,24322.61,16867.19,6168.18,3.42,17061.06,5083.61,0.0
2025-12-06 02:00:00+00:00,46517.82,21028.81,19203.72,6282.23,3.06,18939.19,5246.31,0.0
2025-12-06 03:00:00+00:00,47499.29,19732.01,21473.22,6290.46,3.61,20499.17,5311.42,0.0
2025-12-06 04:00:00+00:00,48382.92,18251.69,23687.28,6440.17,3.78,22066.92,5279.77,0.0
2025-12-06 05:00:00+00:00,50018.88,17699.69,25864.18,6452.04,2.96,24209.65,5194.31,0.0
2025-12-06 06:00:00+00:00,52863.88,19783.29,26773.9,6302.98,3.7,25356.51,5142.43,6.24
2025-12-06 07:00:00+00:00,56698.89,22849.53,26759.24,6502.16,587.96,26091.62,5195.54,644.94
2025-12-06 08:00:00+00:00,58993.39,23527.24,26074.41,6606.21,2785.52,26075.14,5292.38,2821.16
2025-12-06 09:00:00+00:00,60456.38,24130.48,24577.06,6669.79,5079.05,25079.61,5372.6,5164.26
2025-12-06 10:00:00+00:00,61440.76,25125.7,23121.96,6495.75,6697.35,23452.79,5417.48,6741.16
2025-12-06 11:00:00+00:00,60504.9,24871.65,22408.69,6250.47,6974.09,21747.67,5438.56,6915.47
2025-12-06 12:00:00+00:00,59507.88,26042.24,21580.74,6323.88,5561.01,20986.25,5401.29,5590.36
2025-12-06 13:00:00+00:00,58000.89,27454.97,20968.98,6269.6,3307.34,21045.74,5418.29,3454.23
2025-12-06 14:00:00+00:00,58032.49,29195.08,21728.4,6199.46,909.54,21688.16,5460.58,1132.35
2025-12-06 15:00:00+00:00,59722.94,30395.42,22822.01,6478.84,26.66,22766.11,5588.33,77.61
2025-12-06 16:00:00+00:00,60912.25,30260.23,23902.11,6747.41,2.5,23959.02,5750.11,0.0
2025-12-06 17:00:00+00:00,60700.34,29077.36,24630.85,6989.01,3.11,24897.04,5856.18,0.0
2025-12-06 18:00:00+00:00,59121.01,27238.09,24884.81,6994.94,3.16,25585.06,5834.99,0.0
2025-12-06 19:00:00+00:00,55802.82,23964.74,25157.42,6677.81,2.84,26456.69,5652.37,0.0
2025-12-06 20:00:00+00:00,52794.83,21206.31,25354.36,6231.02,3.14,26784.01,5386.45,0.0
2025-12-06 21:00:00+00:00,51451.62,20598.66,24792.51,6057.06,3.38,26325.99,4963.08,0.0
2025-12-06 22:00:00+00:00,48084.22,17755.78,24777.57,5547.57,3.3,26380.65,4526.96,0.0
2025-12-06 23:00:00+00:00,44573.76,15038.47,24758.38,4774.24,2.68,26028.42,4456.39,0.0
2025-12-07 00:00:00+00:00,42504.5,13368.38,24814.56,4318.39,3.17,25902.84,4222.83,0.0
2025-12-07 01:00:00+00:00,41206.15,12747.43,24486.42,3969.33,2.96,25676.11,4021.23,0.0
2025-12-07 02:00:00+00:00,40741.18,13091.03,24015.56,3632.21,2.38,25147.18,3886.29,0.0
2025-12-07 03:00:00+00:00,41031.76,14935.67,22949.43,3144.92,1.74,24260.37,3853.83,0.0
2025-12-07 04:00:00+00:00,41155.66,15997.57,21855.07,3301.55,1.47,23284.53,3914.2,0.0
2025-12-07 05:00:00+00:00,41762.42,17551.87,20949.71,3259.51,1.34,22659.71,3945.0,0.0
2025-12-07 06:00:00+00:00,44005.51,21219.6,19686.3,3097.48,2.13,21279.51,3874.15,6.14
2025-12-07 07:00:00+00:00,47819.45,25194.26,18697.11,3459.2,468.88,20217.61,3881.52,524.76
2025-12-07 08:00:00+00:00,50872.94,27061.63,17336.59,3977.34,2497.37,19081.6,3995.05,2358.31
2025-12-07 09:00:00+00:00,52261.49,27942.12,15262.44,4003.8,5053.12,17671.12,4113.27,4362.12
2025-12-07 10:00:00+00:00,54578.29,29777.78,14112.92,4148.94,6538.66,15981.31,4154.91,5778.91
2025-12-07 11:00:00+00:00,54657.98,31446.27,12690.88,3913.4,6607.44,14441.82,4075.89,5994.29
2025-12-07 12:00:00+00:00,52421.86,32220.66,11291.87,3594.29,5315.05,13325.74,3815.47,4910.02
2025-12-07 13:00:00+00:00,50110.19,32703.27,10322.87,4032.67,3051.38,12419.28,3471.94,3005.72
2025-12-07 14:00:00+00:00,51365.21,35645.98,11374.28,3574.0,770.95,12383.66,3118.28,933.93
2025-12-07 15:00:00+00:00,53327.22,36916.89,13292.46,3111.3,6.57,13292.74,2833.62,81.8
2025-12-07 16:00:00+00:00,55864.38,37022.54,15602.44,3237.51,1.89,14797.21,2994.3,0.0
2025-12-07 17:00:00+00:00,56383.53,33489.5,18509.68,4381.88,2.47,16680.9,3598.29,0.0
2025-12-07 18:00:00+00:00,55815.9,27792.86,22375.96,5643.45,3.63,18933.42,4346.33,0.0
2025-12-07 19:00:00+00:00,53954.69,21029.44,26690.65,6230.41,4.19,22132.39,5018.06,0.0
2025-12-07 20:00:00+00:00,52614.07,15789.98,30568.02,6251.83,4.25,25436.18,5473.68,0.0
2025-12-07 21:00:00+00:00,50984.74,12495.03,32075.41,6410.76,3.54,28034.26,5576.33,0.0
2025-12-07 22:00:00+00:00,48075.97,8608.26,32886.23,6577.84,3.65,31031.79,5557.29,0.0
2025-12-07 23:00:00+00:00,46024.76,5806.16,33778.65,6437.35,2.59,35120.97,5463.24,0.0
2025-12-08 00:00:00+00:00,44291.06,2617.21,35106.99,6564.58,2.28,36106.08,5245.25,0.0
2025-12-08 01:00:00+00:00,43898.6,1438.45,35658.61,6798.31,3.23,36889.22,5244.11,0.0
2025-12-08 02:00:00+00:00,44005.48,1705.52,35729.13,6567.42,3.41,37217.07,5308.5,0.0
2025-12-08 03:00:00+00:00,45600.44,4624.36,34654.27,6320.41,1.4,36647.61,5375.69,0.0
2025-12-08 04:00:00+00:00,50003.87,11023.93,33255.69,5724.22,0.03,35386.24,5414.33,0.0
2025-12-08 05:00:00+00:00,58181.17,19831.11,33135.72,5214.31,0.04,34140.5,5483.78,0.0
2025-12-08 06:00:00+00:00,64921.01,27109.06,32569.58,5241.28,1.09,31903.37,5547.87,7.51
2025-12-08 07:00:00+00:00,68187.9,30142.45,32031.08,5319.27,695.11,30462.43,5656.54,782.21
2025-12-08 08:00:00+00:00,68943.23,29374.25,29910.08,5196.72,4462.18,29433.41,5633.43,4008.23
2025-12-08 09:00:00+00:00,69918.57,27818.15,28659.62,5092.53,8348.27,28369.83,5646.46,7562.56
2025-12-08 10:00:00+00:00,70968.14,27973.97,27874.44,5428.71,9691.03,27601.49,5640.77,9259.48
2025-12-08 11:00:00+00:00,70689.84,28986.04,27359.98,5532.16,8811.66,27113.45,5636.5,8684.25
2025-12-08 12:00:00+00:00,70673.76,32461.43,26069.58,6031.81,6110.94,26848.24,5646.88,6759.24
2025-12-08 13:00:00+00:00,69302.67,35088.75,24211.93,6712.84,3289.14,26435.66,5689.71,4034.37
2025-12-08 14:00:00+00:00,68718.36,35934.28,24715.24,7150.55,918.28,26345.64,5732.25,1184.67
2025-12-08 15:00:00+00:00,69950.72,36229.59,26450.31,7257.2,13.61,26978.32,5833.22,77.39
2025-12-08 16:00:00+00:00,70894.05,36107.45,27480.04,7306.5,0.06,27495.16,5834.92,0.0
2025-12-08 17:00:00+00:00,70339.9,34958.43,28308.74,7072.68,0.06,27587.99,5802.67,0.0
2025-12-08 18:00:00+00:00,67998.77,32964.96,28097.71,6935.28,0.82,27362.29,5805.98,0.0
2025-12-08 19:00:00+00:00,64369.87,30821.33,26981.72,6566.8,0.03,27370.83,5822.75,0.0
2025-12-08 20:00:00+00:00,60507.92,28686.03,25322.23,6499.62,0.04,26992.33,5737.08,0.0
2025-12-08 21:00:00+00:00,56248.51,26890.99,23481.89,5875.61,0.03,25713.63,5724.59,0.0
2025-12-08 22:00:00+00:00,52071.75,23764.82,22798.95,5507.95,0.02,24826.2,5583.1,0.0
2025-12-08 23:00:00+00:00,48860.76,21686.9,21651.7,5522.13,0.03,23855.94,5331.57,0.0
2025-12-09 00:00:00+00:00,47145.87,21988.58,19520.48,5636.79,0.02,22639.11,5031.46,0.0
2025-12-09 01:00:00+00:00,45764.65,23157.05,17625.67,4981.9,0.03,21207.97,4654.53,0.0
2025-12-09 02:00:00+00:00,46169.56,24215.2,17114.27,4840.06,0.03,19660.45,4345.26,0.0
2025-12-09 03:00:00+00:00,47878.06,26909.94,16446.94,4521.16,0.02,18373.89,4151.08,0.0
2025-12-09 04:00:00+00:00,51667.56,31524.41,15654.25,4488.87,0.03,17381.2,3948.37,0.0
2025-12-09 05:00:00+00:00,60296.3,39469.88,16135.38,4691.01,0.03,16979.02,3758.29,0.0
2025-12-09 06:00:00+00:00,66889.92,46192.71,16225.48,4470.55,1.19,16443.26,3855.17,5.82
2025-12-09 07:00:00+00:00,69699.56,47947.08,16097.7,4589.52,1065.26,16604.88,4277.52,1000.4
2025-12-09 08:00:00+00:00,70086.77,43155.94,16108.47,5724.22,5098.13,16992.84,4828.14,4709.63
2025-12-09 09:00:00+00:00,70716.27,39663.16,15557.29,5954.69,9541.13,16958.77,5257.61,8547.77
2025-12-09 10:00:00+00:00,70997.34,37302.44,14766.01,6173.68,12755.22,16328.65,5485.15,10980.24
2025-12-09 11:00:00+00:00,70293.12,36127.26,14249.68,6172.31,13743.87,15624.9,5510.07,11561.82
2025-12-09 12:00:00+00:00,68514.59,37523.44,12753.92,6029.04,12208.2,15405.42,5450.02,9992.11
2025-12-09 13:00:00+00:00,67580.91,41543.33,11994.16,6279.68,7763.74,15729.42,5497.15,6668.33
2025-12-09 14:00:00+00:00,66938.41,45701.68,12801.81,6007.05,2427.86,16909.05,5581.78,2438.3
2025-12-09 15:00:00+00:00,68317.1,47552.6,15060.75,5633.32,70.43,18961.26,5667.24,126.67
2025-12-09 16:00:00+00:00,70254.52,45930.69,18119.57,6204.13,0.14,21495.59,5772.24,0.0
2025-12-09 17:00:00+00:00,69823.52,42563.52,20853.49,6406.37,0.14,23706.67,5694.55,0.0
2025-12-09 18:00:00+00:00,68287.08,39731.07,22766.49,5789.38,0.13,25446.87,5636.84,0.0
2025-12-09 19:00:00+00:00,64557.73,33612.02,24644.62,6301.01,0.09,27122.72,5535.55,0.0
2025-12-09 20:00:00+00:00,61422.61,28634.47,26481.79,6306.28,0.06,28252.46,5568.42,0.0
2025-12-09 21:00:00+00:00,56739.47,24098.94,26757.16,5883.32,0.06,28415.48,5575.59,0.0
2025-12-09 22:00:00+00:00,53271.72,19038.01,27648.86,6584.81,0.04,28822.12,5571.16,0.0
2025-12-09 23:00:00+00:00,50136.95,16146.58,27906.0,6084.33,0.04,26979.9,5705.35,0.0
2025-12-10 00:00:00+00:00,48004.64,13863.8,27740.26,6400.54,0.03,27199.36,5683.27,0.0
2025-12-10 01:00:00+00:00,47214.81,12834.92,27885.89,6493.97,0.03,27150.75,5754.75,0.0
2025-12-10 02:00:00+00:00,47471.94,13860.39,27298.25,6313.27,0.04,26730.24,5886.73,0.0
2025-12-10 03:00:00+00:00,49103.14,15760.88,27093.66,6248.57,0.03,25823.31,6000.76,0.0
2025-12-10 04:00:00+00:00,52833.85,20496.56,26226.9,6110.37,0.03,24566.2,6071.87,0.0
2025-12-10 05:00:00+00:00,60725.3,28788.22,25548.15,6388.88,0.05,23611.44,6143.7,0.0
2025-12-10 06:00:00+00:00,66867.41,36812.94,23468.82,6584.13,1.52,21688.77,6246.12,1.15
2025-12-10 07:00:00+00:00,69219.44,39712.33,21614.24,6807.64,1085.23,20052.12,6346.57,1228.2
2025-12-10 08:00:00+00:00,69586.77,38587.95,19546.71,7082.47,4369.65,18683.97,6347.49,5104.6
2025-12-10 09:00:00+00:00,70055.19,37360.36,18266.0,7136.5,7292.34,17540.98,6320.05,8957.46
2025-12-10 10:00:00+00:00,70643.31,37788.59,17293.69,6786.77,8774.27,16716.35,6288.78,11220.82
2025-12-10 11:00:00+00:00,70114.37,38012.42,16682.03,6705.65,8714.27,16323.37,6244.14,11195.49
2025-12-10 12:00:00+00:00,69291.83,39167.39,16243.59,6799.34,7081.5,16597.67,6193.64,9064.92
2025-12-10 13:00:00+00:00,68823.89,42113.97,16089.85,6454.75,4165.32,16860.82,6183.28,5522.14
2025-12-10 14:00:00+00:00,69092.53,44827.93,16986.17,6151.32,1127.11,17400.57,6205.18,1874.71
2025-12-10 15:00:00+00:00,70363.14,45277.67,18979.31,6084.52,21.63,18500.82,6188.38,101.78
2025-12-10 16:00:00+00:00,71684.15,44090.83,21504.28,6088.97,0.07,19710.69,6101.1,0.0
2025-12-10 17:00:00+00:00,71404.91,41142.77,23951.48,6310.61,0.05,20921.31,5956.46,0.0
2025-12-10 18:00:00+00:00,69927.28,37606.99,26261.98,6058.25,0.06,22076.15,5874.66,0.0
2025-12-10 19:00:00+00:00,66611.35,33437.78,27163.93,6009.6,0.04,23287.69,5840.59,0.0
2025-12-10 20:00:00+00:00,62175.31,29578.14,26512.15,6084.98,0.04,23803.49,5852.32,0.0
2025-12-10 21:00:00+00:00,58382.57,27383.49,24336.49,6662.55,0.04,23308.7,5922.05,0.0
2025-12-10 22:00:00+00:00,54403.32,23511.56,24195.52,6696.22,0.03,23012.28,5905.3,0.0
2025-12-10 23:00:00+00:00,50653.52,20584.49,24254.16,5814.85,0.03,23568.25,5958.24,0.0
2025-12-11 00:00:00+00:00,48179.82,18261.55,24158.98,5759.27,0.02,23001.63,6007.62,0.0
2025-12-11 01:00:00+00:00,47403.39,17338.33,24103.22,5961.82,0.03,22299.66,6034.96,0.0
2025-12-11 02:00:00+00:00,47725.35,18111.42,23571.59,6042.32,0.02,21455.94,6066.17,0.0
2025-12-11 03:00:00+00:00,49060.66,20671.04,21980.32,6409.29,0.02,20388.23,6132.93,0.0
2025-12-11 04:00:00+00:00,52767.61,25243.87,21062.87,6460.86,0.02,19300.8,6193.53,0.0
2025-12-11 05:00:00+00:00,61146.52,33979.9,20879.83,6286.76,0.03,18837.58,6199.47,0.0
2025-12-11 06:00:00+00:00,67366.64,41360.51,20015.36,5989.77,1.0,18140.3,6148.6,0.21
2025-12-11 07:00:00+00:00,70002.34,43420.43,19688.26,6314.31,579.33,17736.11,6053.25,658.25
2025-12-11 08:00:00+00:00,70371.55,40327.24,18936.02,7221.31,3886.97,17297.58,6013.39,3671.98
2025-12-11 09:00:00+00:00,71074.22,37377.82,18069.94,7713.93,7912.53,16790.3,6051.43,7389.24
2025-12-11 10:00:00+00:00,70931.51,35425.89,17757.25,7257.01,10491.37,16304.17,6090.91,10082.29
2025-12-11 11:00:00+00:00,71316.07,35301.41,17492.45,7254.87,11267.34,15769.26,6127.09,10718.42
2025-12-11 12:00:00+00:00,70425.65,36129.5,16900.23,7410.39,9985.54,15230.65,6146.32,9251.63
2025-12-11 13:00:00+00:00,69038.9,39571.61,15568.44,7544.29,6354.57,14498.65,6158.26,5986.26
2025-12-11 14:00:00+00:00,67921.84,44581.99,14087.17,7380.0,1872.67,14167.74,6188.63,1987.08
2025-12-11 15:00:00+00:00,69445.18,47038.15,15072.79,7295.89,38.35,14436.5,6145.79,114.62
2025-12-11 16:00:00+00:00,71087.2,47735.32,16455.86,6895.96,0.06,14760.82,6176.95,0.0
2025-12-11 17:00:00+00:00,70236.44,46227.91,17291.97,6716.51,0.06,14859.35,5915.35,0.0
2025-12-11 18:00:00+00:00,68598.1,44434.01,17423.25,6740.79,0.04,14455.62,5597.52,0.0
2025-12-11 19:00:00+00:00,64803.59,41930.64,16728.13,6144.77,0.04,13434.32,5163.66,0.0
2025-12-11 20:00:00+00:00,61413.58,40781.81,15262.63,5369.09,0.04,11932.74,4740.0,0.0
2025-12-11 21:00:00+00:00,58384.23,39415.36,13524.31,5444.5,0.05,10277.73,4337.47,0.0
2025-12-11 22:00:00+00:00,54494.88,38087.05,12105.2,4302.61,0.03,8929.63,3873.68,0.0
2025-12-11 23:00:00+00:00,50961.47,36796.7,10709.99,3454.76,0.03,9451.61,3482.12,0.0
2025-12-12 00:00:00+00:00,48628.03,35553.92,9941.91,3132.18,0.02,8212.27,3087.17,0.0
2025-12-12 01:00:00+00:00,47586.77,35798.1,9009.1,2779.54,0.03,7230.58,2839.52,0.0
2025-12-12 02:00:00+00:00,47286.76,37212.61,7431.36,2642.77,0.02,6518.34,2627.55,0.0
2025-12-12 03:00:00+00:00,48460.89,39616.86,6549.1,2294.91,0.02,5925.94,2337.77,0.0
2025-12-12 04:00:00+00:00,52531.37,43886.27,6306.09,2338.99,0.02,5622.13,2059.39,0.0
2025-12-12 05:00:00+00:00,59908.05,51326.58,6345.37,2236.06,0.04,5762.04,1848.84,0.0
2025-12-12 06:00:00+00:00,65742.69,56516.41,7205.26,2019.22,1.8,5879.84,1786.57,0.26
2025-12-12 07:00:00+00:00,69052.23,58323.86,7726.89,2352.2,649.28,5991.91,1835.63,819.87
2025-12-12 08:00:00+00:00,69321.86,55928.71,7406.14,2390.24,3596.77,5855.71,1802.46,4183.08
2025-12-12 09:00:00+00:00,69408.75,53064.28,6804.43,2020.52,7519.52,5016.98,1577.46,8026.02
2025-12-12 10:00:00+00:00,69307.94,51735.76,5697.17,1634.3,10240.72,3787.21,1265.27,10788.42
2025-12-12 11:00:00+00:00,68049.24,51529.17,4417.92,1257.2,10844.96,2645.58,1021.22,11466.31
2025-12-12 12:00:00+00:00,66846.57,53282.78,3420.18,1177.67,8965.94,1913.19,917.88,9791.75
2025-12-12 13:00:00+00:00,65110.86,55718.62,2942.61,1232.46,5217.16,1676.7,954.29,6233.43
2025-12-12 14:00:00+00:00,64768.18,58683.82,3177.04,1341.46,1565.86,1871.64,1049.53,2071.59
2025-12-12 15:00:00+00:00,66052.09,60799.2,3836.59,1367.9,48.4,2458.09,1140.52,117.13
2025-12-12 16:00:00+00:00,67895.9,61516.18,4708.58,1671.07,0.07,3094.23,1175.67,0.0
2025-12-12 17:00:00+00:00,66857.3,60086.0,4856.6,1914.65,0.05,3485.61,1265.15,0.0
2025-12-12 18:00:00+00:00,65249.76,58715.45,4819.11,1715.16,0.05,3745.01,1423.84,0.0
2025-12-12 19:00:00+00:00,61725.19,55434.59,4649.94,1640.62,0.04,4056.5,1657.65,0.0
2025-12-12 20:00:00+00:00,58506.26,51821.09,4672.58,2012.56,0.04,4267.67,1900.37,0.0
2025-12-12 21:00:00+00:00,56260.32,48599.61,4737.95,2922.71,0.05,4484.45,2127.95,0.0
2025-12-12 22:00:00+00:00,52154.03,44003.41,4827.28,3323.31,0.03,4736.66,2369.89,0.0
2025-12-12 23:00:00+00:00,48943.75,40851.54,5207.01,2885.17,0.03,5588.81,2882.37,0.0
2025-12-13 00:00:00+00:00,46973.46,38093.5,5640.16,3239.77,0.03,5910.91,3273.13,0.0
2025-12-13 01:00:00+00:00,45723.8,36072.37,6101.29,3550.11,0.02,6386.57,3606.47,0.0
2025-12-13 02:00:00+00:00,45915.03,34868.02,7221.52,3825.47,0.02,7106.28,3820.04,0.0
2025-12-13 03:00:00+00:00,46354.89,35019.86,7835.47,3499.54,0.02,7820.65,3780.74,0.0
2025-12-13 04:00:00+00:00,47259.16,35032.98,8817.8,3408.36,0.02,8451.28,3560.31,0.0
2025-12-13 05:00:00+00:00,49307.86,35508.46,10187.65,3611.72,0.02,9245.91,3391.8,0.0
2025-12-13 06:00:00+00:00,51824.66,37088.94,11553.85,3181.08,0.79,9695.02,3283.48,0.19
2025-12-13 07:00:00+00:00,55283.51,40645.53,11919.28,2452.93,265.76,10012.53,3044.62,451.4
2025-12-13 08:00:00+00:00,57929.12,42631.68,11545.26,1997.64,1754.56,10033.17,2856.24,2301.77
2025-12-13 09:00:00+00:00,59872.63,43579.87,10648.1,2084.37,3560.28,9447.85,2842.77,4471.22
2025-12-13 10:00:00+00:00,60900.85,43441.49,10405.09,2343.78,4710.48,8634.54,2928.23,6030.19
2025-12-13 11:00:00+00:00,60737.79,43256.68,9633.52,2932.69,4914.9,8056.81,2977.52,6418.94
2025-12-13 12:00:00+00:00,59304.77,43119.96,8723.26,3252.19,4209.36,7607.19,3038.14,5415.18
2025-12-13 13:00:00+00:00,58206.89,43916.53,7767.81,3874.06,2648.49,7087.9,3195.3,3406.11
2025-12-13 14:00:00+00:00,57864.73,45427.45,7666.56,4006.89,763.82,6973.52,3340.32,1148.11
2025-12-13 15:00:00+00:00,59380.14,47163.08,8300.89,3896.91,19.26,7607.61,3471.62,70.45
2025-12-13 16:00:00+00:00,60484.7,47525.94,8993.39,3965.32,0.05,8440.14,3624.77,0.0
2025-12-13 17:00:00+00:00,60413.55,46637.61,9363.21,4412.67,0.07,8916.41,3851.88,0.0
2025-12-13 18:00:00+00:00,58949.45,44482.47,9574.76,4892.17,0.05,9159.74,4279.56,0.0
2025-12-13 19:00:00+00:00,56407.56,41426.45,9563.16,5417.91,0.04,9387.87,4815.14,0.0
2025-12-13 20:00:00+00:00,54315.18,38484.45,10000.76,5829.93,0.03,9385.39,5312.76,0.0
2025-12-13 21:00:00+00:00,52666.13,35846.63,10115.85,6703.62,0.04,9165.5,5772.7,0.0
2025-12-13 22:00:00+00:00,49274.62,33108.5,9810.02,6356.06,0.03,9203.3,6054.99,0.0
2025-12-13 23:00:00+00:00,45505.6,28860.52,9385.08,7259.97,0.02,9251.96,6143.24,0.0
2025-12-14 00:00:00+00:00,43360.46,26418.01,9308.96,7633.46,0.02,9286.74,6158.55,0.0
2025-12-14 01:00:00+00:00,42553.06,25129.49,9864.75,7558.81,0.02,9504.34,6007.38,0.0
2025-12-14 02:00:00+00:00,42223.03,24440.61,10657.82,7124.58,0.03,10021.02,6021.55,0.0
2025-12-14 03:00:00+00:00,42696.02,24308.8,11721.67,6665.53,0.02,10668.19,6019.06,0.0
2025-12-14 04:00:00+00:00,43365.49,23774.38,12648.2,6942.89,0.02,11347.88,6019.67,0.0
2025-12-14 05:00:00+00:00,44133.77,23232.93,14201.23,6699.58,0.03,12341.99,5992.71,0.0
2025-12-14 06:00:00+00:00,46690.05,25227.35,15048.3,6414.08,0.32,13046.13,6009.65,0.1
2025-12-14 07:00:00+00:00,49776.42,27273.15,15980.04,6214.85,308.39,13816.62,6003.36,396.48
2025-12-14 08:00:00+00:00,53659.75,28497.57,16829.64,6094.34,2238.2,14609.17,5969.85,2274.96
2025-12-14 09:00:00+00:00,56179.88,28506.93,16859.66,5857.8,4955.5,14820.63,5940.18,4666.84
2025-12-14 10:00:00+00:00,58464.24,29075.61,16497.01,5775.31,7116.31,14655.07,5922.41,6375.85
2025-12-14 11:00:00+00:00,58411.52,28770.59,16373.83,5725.09,7542.02,14574.01,5931.45,6909.28
2025-12-14 12:00:00+00:00,56701.73,29192.43,15393.45,5854.82,6261.03,14481.38,5962.39,5991.86
2025-12-14 13:00:00+00:00,55808.71,31231.72,14818.37,6115.88,3642.73,14437.56,5998.52,3807.76
2025-12-14 14:00:00+00:00,55863.55,33084.52,15383.82,6377.5,1017.7,14947.1,6032.65,1266.72
2025-12-14 15:00:00+00:00,57747.75,34515.19,16849.06,6359.85,23.66,16009.79,6056.73,90.87
2025-12-14 16:00:00+00:00,59833.26,35436.81,17589.39,6806.99,0.06,17081.77,6071.78,0.0
2025-12-14 17:00:00+00:00,59664.28,35250.19,17347.66,7066.35,0.07,17879.96,6065.53,0.0
2025-12-14 18:00:00+00:00,58858.41,34049.65,17431.93,7376.76,0.06,18427.59,6054.78,0.0
2025-12-14 19:00:00+00:00,56825.24,32101.9,17492.09,7231.21,0.03,18988.69,6041.4,0.0
2025-12-14 20:00:00+00:00,54512.73,29411.12,17659.0,7442.56,0.05,19220.74,6025.97,0.0
2025-12-14 21:00:00+00:00,52464.56,28098.89,17030.26,7335.36,0.04,18806.86,6147.35,0.0
2025-12-14 22:00:00+00:00,49352.13,24900.08,17244.92,7207.09,0.04,18572.89,6063.27,0.0
2025-12-14 23:00:00+00:00,46563.47,23086.86,16834.09,6642.48,0.03,18456.72,6212.85,0.0
2025-12-15 00:00:00+00:00,45377.4,21616.59,17233.37,6527.41,0.03,18585.51,6318.03,0.0
2025-12-15 01:00:00+00:00,44354.86,20541.36,17392.66,6420.81,0.03,18690.78,6365.89,0.0
2025-12-15 02:00:00+00:00,44581.99,19993.79,18304.78,6283.4,0.02,18803.58,6362.04,0.0
2025-12-15 03:00:00+00:00,46854.61,22029.35,18781.51,6043.72,0.02,18672.66,6327.43,0.0
2025-12-15 04:00:00+00:00,51846.53,26265.15,19043.28,6538.08,0.02,18475.35,6271.96,0.0
2025-12-15 05:00:00+00:00,59963.72,33892.99,19647.42,6423.28,0.03,18825.25,6225.97,0.0
2025-12-15 06:00:00+00:00,66411.89,40519.93,20022.96,5868.08,0.92,18638.09,6213.85,0.12
2025-12-15 07:00:00+00:00,70484.24,43913.99,19786.21,6111.75,672.29,18666.77,6169.36,940.47
2025-12-15 08:00:00+00:00,71194.16,41575.75,18863.41,5990.15,4764.86,18547.84,6209.88,5450.75
2025-12-15 09:00:00+00:00,71103.97,37886.24,16770.15,6023.33,10424.24,17373.18,6125.82,10681.79
2025-12-15 10:00:00+00:00,70611.5,35541.29,14289.6,6021.76,14758.85,15127.36,5994.98,14775.32
2025-12-15 11:00:00+00:00,70164.12,36506.21,12488.69,5299.38,15869.85,12919.64,5808.28,16398.49
2025-12-15 12:00:00+00:00,68483.34,39144.3,11409.07,4810.48,13119.49,12220.38,5618.87,14271.13
2025-12-15 13:00:00+00:00,67007.39,43323.31,11199.27,4872.73,7612.09,13269.62,5442.46,9217.16
2025-12-15 14:00:00+00:00,66763.23,46691.74,12989.13,5097.02,1985.34,15055.34,5300.38,3183.13
2025-12-15 15:00:00+00:00,68447.61,46389.38,16759.82,5248.79,49.61,17322.69,5228.75,170.3
2025-12-15 16:00:00+00:00,70477.7,45298.11,19501.16,5678.34,0.1,19826.83,5158.08,0.0
2025-12-15 17:00:00+00:00,69929.42,42628.87,21369.08,5931.37,0.09,21504.36,5057.93,0.0
2025-12-15 18:00:00+00:00,68137.44,40793.32,22749.77,4594.27,0.08,22366.08,4896.21,0.0
2025-12-15 19:00:00+00:00,64885.09,37009.39,23612.37,4263.29,0.05,22915.81,4907.21,0.0
2025-12-15 20:00:00+00:00,61725.34,34574.55,22856.08,4294.65,0.06,22850.54,4899.71,0.0
2025-12-15 21:00:00+00:00,57411.31,32045.12,20919.62,4446.53,0.04,22020.46,4864.4,0.0
2025-12-15 22:00:00+00:00,53171.31,29146.33,19863.81,4161.11,0.05,21420.85,4865.51,0.0
2025-12-15 23:00:00+00:00,49846.32,26607.11,19251.7,3987.48,0.03,19456.61,4254.76,0.0
2025-12-16 00:00:00+00:00,48076.92,25472.48,19020.84,3583.57,0.03,18575.22,4056.02,0.0
2025-12-16 01:00:00+00:00,47547.82,25211.3,18889.31,3447.19,0.02,17921.89,3805.69,0.0
2025-12-16 02:00:00+00:00,47461.27,26131.34,18232.79,3097.13,0.02,17494.8,3619.18,0.0
2025-12-16 03:00:00+00:00,48776.42,28874.53,17545.33,2356.53,0.03,17079.14,3547.54,0.0
2025-12-16 04:00:00+00:00,52845.09,33885.72,16747.03,2212.32,0.02,16602.57,3635.21,0.0
2025-12-16 05:00:00+00:00,60688.25,42021.69,16579.95,2086.57,0.03,16387.44,3809.93,0.0
2025-12-16 06:00:00+00:00,66829.45,48131.05,16354.9,2343.13,0.36,15508.39,4011.55,0.05
2025-12-16 07:00:00+00:00,70488.37,51977.05,15848.38,2100.59,562.35,14825.02,4157.1,1028.59
2025-12-16 08:00:00+00:00,71097.62,50636.56,13952.32,2046.18,4462.56,13920.48,4131.1,6269.74
2025-12-16 09:00:00+00:00,70410.22,47143.44,11327.67,2090.07,9849.04,12257.86,4001.65,12070.49
2025-12-16 10:00:00+00:00,70410.23,46202.87,8456.63,2339.63,13411.1,10023.45,3780.43,15658.59
2025-12-16 11:00:00+00:00,70074.14,47971.21,6027.65,2297.28,13778.0,7721.93,3384.66,16256.39
2025-12-16 12:00:00+00:00,69088.87,51227.0,5018.64,2370.93,10472.3,6350.38,2881.94,13660.11
2025-12-16 13:00:00+00:00,67678.58,54656.04,5060.72,2314.31,5647.5,5496.54,2456.02,8532.93
2025-12-16 14:00:00+00:00,67431.63,57109.75,6807.99,2069.91,1443.98,5734.09,2188.32,2697.44
2025-12-16 15:00:00+00:00,68331.66,57542.87,9105.3,1655.5,27.98,6682.3,2106.5,109.5
2025-12-16 16:00:00+00:00,69893.59,58350.72,9897.76,1645.0,0.12,7198.78,2117.59,0.0
2025-12-16 17:00:00+00:00,69540.6,57077.88,10170.29,2292.29,0.13,7488.64,2112.47,0.0
2025-12-16 18:00:00+00:00,68123.49,55955.02,9569.92,2598.47,0.09,7428.1,2047.68,0.0
2025-12-16 19:00:00+00:00,64684.27,53446.3,8472.14,2765.76,0.07,7107.88,1900.87,0.0
2025-12-16 20:00:00+00:00,61316.85,51136.45,7490.59,2689.75,0.06,6720.22,1810.78,0.0
2025-12-16 21:00:00+00:00,58114.85,48923.83,6689.84,2501.12,0.06,6225.54,1701.28,0.0
2025-12-16 22:00:00+00:00,54418.32,45817.07,6807.14,1794.07,0.04,6176.49,1544.81,0.0
2025-12-16 23:00:00+00:00,51466.43,42718.58,7194.43,1553.38,0.04,8373.13,2318.77,0.0
2025-12-17 00:00:00+00:00,49388.13,40379.72,7587.79,1420.59,0.04,8295.17,1983.01,0.0
2025-12-17 01:00:00+00:00,48457.93,39307.55,7844.02,1306.33,0.03,8384.93,1644.08,0.0
2025-12-17 02:00:00+00:00,48368.08,39307.94,8072.59,987.52,0.03,8636.03,1364.89,0.0
2025-12-17 03:00:00+00:00,49415.02,40308.35,8360.59,746.06,0.03,8919.38,1199.85,0.0
2025-12-17 04:00:00+00:00,53319.99,44114.56,8514.91,690.47,0.05,9234.58,1089.18,0.0
2025-12-17 05:00:00+00:00,60342.55,50396.45,9278.65,667.42,0.03,9750.69,989.36,0.0
2025-12-17 06:00:00+00:00,65962.21,55249.38,10195.4,517.14,0.29,10235.43,865.84,0.01
2025-12-17 07:00:00+00:00,69088.57,56949.08,11200.23,507.54,431.73,10711.66,740.1,885.22
2025-12-17 08:00:00+00:00,69358.54,54027.09,11111.93,480.74,3738.78,10928.71,600.51,5144.71
2025-12-17 09:00:00+00:00,69658.14,51008.23,9905.6,465.56,8278.75,10482.29,477.49,9743.27
2025-12-17 10:00:00+00:00,69427.91,49323.31,8079.22,492.54,11532.85,9379.98,425.53,12525.8
2025-12-17 11:00:00+00:00,68247.32,49314.45,6348.36,313.56,12270.95,8012.99,482.69,12690.55
2025-12-17 12:00:00+00:00,67324.24,51284.57,5926.84,206.3,9906.52,7102.14,676.78,10370.93
2025-12-17 13:00:00+00:00,66536.2,54269.12,6182.21,531.22,5553.66,6840.99,1027.58,6395.62
2025-12-17 14:00:00+00:00,66769.05,56863.0,7419.8,1025.09,1461.16,7199.34,1508.64,2087.49
2025-12-17 15:00:00+00:00,68244.94,56889.82,9559.72,1763.87,31.53,8157.06,2076.25,111.12
2025-12-17 16:00:00+00:00,69934.48,55803.23,11513.84,2617.34,0.07,9142.85,2764.2,0.0
2025-12-17 17:00:00+00:00,69804.93,54507.32,12192.02,3105.51,0.07,9882.97,3553.92,0.0
2025-12-17 18:00:00+00:00,67364.09,51689.42,12370.1,3304.52,0.05,10663.85,4337.78,0.0
2025-12-17 19:00:00+00:00,63986.23,47393.12,12308.85,4284.21,0.05,11708.19,5045.52,0.0
2025-12-17 20:00:00+00:00,60106.9,41967.75,13149.87,4989.24,0.04,12634.21,5550.18,0.0
2025-12-17 21:00:00+00:00,56774.26,37177.24,13895.26,5701.72,0.05,13416.37,5739.6,0.0
2025-12-17 22:00:00+00:00,52754.61,32152.77,14323.73,6278.08,0.03,14365.45,5799.85,0.0
2025-12-17 23:00:00+00:00,49197.87,27160.31,15854.59,6182.94,0.03,16343.91,5809.11,0.0
2025-12-18 00:00:00+00:00,47667.17,23912.29,17575.21,6179.64,0.03,17812.48,5859.46,0.0
2025-12-18 01:00:00+00:00,46701.77,20886.02,19186.59,6629.15,0.02,19662.58,5757.81,0.0
2025-12-18 02:00:00+00:00,47185.29,19875.34,21115.47,6194.45,0.03,21645.14,5612.89,0.0
2025-12-18 03:00:00+00:00,49266.33,19469.41,24146.25,5650.65,0.03,23280.82,5486.63,0.0
2025-12-18 04:00:00+00:00,52819.48,20792.91,26707.72,5318.83,0.03,24892.41,5487.21,0.0
2025-12-18 05:00:00+00:00,59773.84,25915.44,29199.72,4658.65,0.02,26936.42,5435.59,0.0
2025-12-18 06:00:00+00:00,65956.34,31877.97,29874.2,4203.46,0.72,28066.77,5492.46,0.01
2025-12-18 07:00:00+00:00,68767.29,32670.88,30318.0,4853.78,924.64,28896.18,5550.97,918.71
2025-12-18 08:00:00+00:00,69132.61,29329.16,29025.14,5056.63,5721.67,29163.33,5571.26,5122.54
2025-12-18 09:00:00+00:00,68501.08,25523.8,26674.09,5041.34,11261.85,28488.91,5618.72,10070.35
2025-12-18 10:00:00+00:00,67540.25,22349.34,24208.84,5488.89,15493.18,26577.05,5672.76,13580.96
2025-12-18 11:00:00+00:00,66273.09,21864.7,21972.72,5583.98,16851.69,24012.28,5848.52,14532.51
2025-12-18 12:00:00+00:00,64269.08,22679.24,20121.77,6610.45,14857.62,22004.56,5985.82,12806.74
2025-12-18 13:00:00+00:00,63521.89,27307.3,19696.02,6791.82,9726.75,21155.23,5947.59,8403.86
2025-12-18 14:00:00+00:00,62811.23,32195.04,21008.72,6536.56,3070.91,21870.89,5860.99,2853.16
2025-12-18 15:00:00+00:00,64438.05,32833.71,24945.25,6571.89,87.21,24112.63,5991.31,153.81
2025-12-18 16:00:00+00:00,67223.64,30540.71,29286.42,7396.35,0.16,27349.95,6144.14,0.0
2025-12-18 17:00:00+00:00,67258.71,26618.87,32967.86,7671.83,0.15,30605.3,6153.08,0.0
2025-12-18 18:00:00+00:00,65117.98,22253.07,35617.15,7247.64,0.12,33264.4,6009.3,0.0
2025-12-18 19:00:00+00:00,62395.08,18181.23,37558.81,6654.96,0.09,35464.66,5900.57,0.0
2025-12-18 20:00:00+00:00,59345.15,14965.32,37772.05,6607.73,0.06,36635.58,5725.26,0.0
2025-12-18 21:00:00+00:00,56182.51,14867.78,35449.62,5865.07,0.04,36349.17,5665.22,0.0
2025-12-18 22:00:00+00:00,52122.85,10748.17,35232.61,6142.02,0.05,36542.83,5654.14,0.0
2025-12-18 23:00:00+00:00,49186.23,8393.01,35224.12,5569.06,0.04,36170.57,5693.16,0.0
2025-12-19 00:00:00+00:00,47698.32,6207.07,35412.68,6078.53,0.04,35830.6,5698.2,0.0
2025-12-19 01:00:00+00:00,46847.42,5818.77,34909.69,6118.94,0.02,35547.93,5715.44,0.0
2025-12-19 02:00:00+00:00,46553.31,6445.09,33893.69,6214.49,0.04,34998.75,5758.95,0.0
2025-12-19 03:00:00+00:00,47269.86,8039.46,33146.42,6083.95,0.03,34134.4,5832.27,0.0
2025-12-19 04:00:00+00:00,50487.98,12265.71,32380.05,5842.18,0.04,33122.39,5908.64,0.0
2025-12-19 05:00:00+00:00,56159.48,18780.93,31990.24,5388.28,0.03,32683.61,5955.06,0.0
2025-12-19 06:00:00+00:00,60529.79,24780.01,30037.43,5711.84,0.52,31242.8,5815.04,0.0
2025-12-19 07:00:00+00:00,64422.27,29229.44,28463.24,5997.08,732.52,29985.84,5500.48,751.23
2025-12-19 08:00:00+00:00,64899.92,29095.53,26899.56,5389.16,3515.66,28500.12,5459.74,3880.12
2025-12-19 09:00:00+00:00,64571.18,29023.24,24891.68,4790.13,5866.13,26409.87,5384.46,7211.73
2025-12-19 10:00:00+00:00,64494.44,30260.64,22599.99,4618.53,7015.29,23786.02,5388.42,8937.41
2025-12-19 11:00:00+00:00,63819.25,31642.21,21138.58,4531.21,6507.26,20780.99,5499.55,8795.24
2025-12-19 12:00:00+00:00,61702.62,33661.63,18924.11,4204.32,4912.56,18275.8,5638.8,7065.65
2025-12-19 13:00:00+00:00,60471.43,35551.79,17123.64,5002.52,2793.47,16448.77,5806.94,4275.23
2025-12-19 14:00:00+00:00,60803.59,38465.52,16122.26,5502.81,713.01,15396.82,6018.71,1366.59
2025-12-19 15:00:00+00:00,62393.94,41182.15,15385.24,5810.49,16.07,15050.97,6192.57,99.76
2025-12-19 16:00:00+00:00,62910.44,41620.61,15353.55,5936.23,0.06,14941.57,6262.55,0.0
2025-12-19 17:00:00+00:00,61966.28,40495.84,15485.62,5984.74,0.07,14936.02,6251.59,0.0
2025-12-19 18:00:00+00:00,60009.81,38552.6,15291.13,6166.04,0.05,14867.65,6191.27,0.0
2025-12-19 19:00:00+00:00,56815.71,36270.88,14499.85,6044.93,0.05,14579.67,6070.23,0.0
2025-12-19 20:00:00+00:00,53967.88,34631.18,13432.61,5904.06,0.04,13686.97,5839.55,0.0
2025-12-19 21:00:00+00:00,51412.64,34128.44,11703.33,5580.82,0.04,12316.12,5491.67,0.0
2025-12-19 22:00:00+00:00,48073.57,32317.86,10525.38,5230.29,0.04,10940.66,5054.88,0.0
2025-12-19 23:00:00+00:00,45059.23,31671.63,9333.05,4054.53,0.03,9840.95,4772.62,0.0
2025-12-20 00:00:00+00:00,42994.24,30769.11,8484.5,3740.59,0.04,8768.12,4264.15,0.0
2025-12-20 01:00:00+00:00,42313.67,31307.68,7543.21,3462.75,0.02,7908.84,3745.22,0.0
2025-12-20 02:00:00+00:00,41972.16,31918.72,6821.82,3231.58,0.03,7066.71,3366.7,0.0
2025-12-20 03:00:00+00:00,42326.47,33424.75,5863.86,3037.84,0.02,6010.11,3178.87,0.0
2025-12-20 04:00:00+00:00,43180.19,35640.01,4903.64,2636.51,0.03,4862.0,2798.35,0.0
2025-12-20 05:00:00+00:00,44802.8,38579.21,3952.0,2271.56,0.02,4037.33,2400.36,0.0
2025-12-20 06:00:00+00:00,48018.19,42745.05,3355.15,1917.03,0.96,3513.06,2055.51,0.0
2025-12-20 07:00:00+00:00,51498.13,45730.33,3270.92,1858.77,638.11,3211.32,1736.75,586.26
2025-12-20 08:00:00+00:00,53992.57,45597.4,2996.79,1566.16,3832.21,3033.89,1461.53,3296.91
2025-12-20 09:00:00+00:00,55788.01,44124.91,2836.97,1213.5,7612.63,2887.57,1217.78,6651.55
2025-12-20 10:00:00+00:00,56790.18,43323.88,2432.57,1029.58,10004.15,2706.31,970.22,8937.93
2025-12-20 11:00:00+00:00,56807.66,43371.75,2112.77,834.52,10488.62,2549.6,726.6,9285.92
2025-12-20 12:00:00+00:00,55858.04,44581.21,1835.81,545.25,8895.77,2687.83,524.96,7789.11
2025-12-20 13:00:00+00:00,55086.68,47163.98,2046.91,370.86,5504.93,3291.21,419.86,4882.7
2025-12-20 14:00:00+00:00,55064.06,50234.41,2840.32,296.85,1692.48,4401.96,453.89,1637.02
2025-12-20 15:00:00+00:00,56614.43,52336.01,4012.35,214.56,51.51,5894.87,608.26,101.02
2025-12-20 16:00:00+00:00,58139.77,52600.28,5336.92,202.5,0.06,7383.24,869.14,0.0
2025-12-20 17:00:00+00:00,57979.18,51145.73,6427.84,405.55,0.06,8686.84,1211.27,0.0
2025-12-20 18:00:00+00:00,56462.58,48203.41,7569.7,689.42,0.05,9795.68,1645.21,0.0
2025-12-20 19:00:00+00:00,53285.34,43634.55,8392.52,1258.24,0.04,10819.3,2195.21,0.0
2025-12-20 20:00:00+00:00,50794.85,40360.73,8660.87,1773.22,0.04,11507.12,2848.29,0.0
2025-12-20 21:00:00+00:00,49091.86,37905.05,8998.63,2188.14,0.04,11804.23,3542.95,0.0
2025-12-20 22:00:00+00:00,46875.08,34908.3,9059.21,2907.52,0.05,11959.01,4111.44,0.0
2025-12-20 23:00:00+00:00,43415.37,31011.61,9041.63,3362.1,0.04,9317.9,3254.29,0.0
2025-12-21 00:00:00+00:00,41611.21,29046.19,8956.72,3608.28,0.02,9346.5,3595.12,0.0
2025-12-21 01:00:00+00:00,40815.56,27931.66,9065.23,3818.63,0.03,9369.36,3773.31,0.0
2025-12-21 02:00:00+00:00,40631.38,27499.28,9105.14,4026.94,0.03,9369.56,3786.83,0.0
2025-12-21 03:00:00+00:00,40587.57,27205.3,9304.43,4077.81,0.02,9393.67,3689.71,0.0
2025-12-21 04:00:00+00:00,41355.46,27679.85,9529.22,4146.37,0.03,9577.25,3553.78,0.0
2025-12-21 05:00:00+00:00,41913.86,28129.61,9903.06,3881.16,0.03,10129.4,3344.15,0.0
2025-12-21 06:00:00+00:00,44188.48,30408.92,10201.51,3577.78,0.28,10630.62,3338.9,0.0
2025-12-21 07:00:00+00:00,46934.71,32168.82,10981.8,3195.08,589.02,11286.5,3373.14,531.79
2025-12-21 08:00:00+00:00,50129.3,31484.58,11674.85,3093.79,3876.08,11600.62,3433.26,3500.78
2025-12-21 09:00:00+00:00,52626.22,29807.33,11696.58,3086.4,8035.91,11147.24,3440.07,7282.75
2025-12-21 10:00:00+00:00,54338.83,28918.83,11009.42,2905.64,11504.94,10269.82,3371.29,10425.48
2025-12-21 11:00:00+00:00,54288.12,27977.44,10211.04,3111.29,12988.35,9504.81,3279.71,11760.35
2025-12-21 12:00:00+00:00,52347.12,26442.72,10587.74,3654.19,11662.48,9633.15,3298.34,10526.39
2025-12-21 13:00:00+00:00,50808.0,27414.66,11784.05,3941.41,7667.87,11103.1,3465.95,7061.98
2025-12-21 14:00:00+00:00,51050.85,30480.86,14396.07,3663.25,2510.67,13561.95,3789.64,2621.98
2025-12-21 15:00:00+00:00,52641.2,30757.34,18049.48,3745.12,89.27,16682.21,4185.36,163.03
2025-12-21 16:00:00+00:00,55117.7,30216.59,20941.23,3959.72,0.15,19625.09,4563.73,0.0
2025-12-21 17:00:00+00:00,55870.91,28215.26,22735.71,4919.81,0.14,21607.5,4855.51,0.0
2025-12-21 18:00:00+00:00,54359.86,24708.63,24266.07,5385.05,0.11,22774.83,5127.71,0.0
2025-12-21 19:00:00+00:00,52060.86,21099.85,25414.81,5546.13,0.07,23836.46,5306.12,0.0
2025-12-21 20:00:00+00:00,50262.41,18856.7,25748.37,5657.27,0.07,24437.65,5420.76,0.0
2025-12-21 21:00:00+00:00,48612.4,17723.41,25212.39,5676.55,0.05,24292.54,5509.66,0.0
2025-12-21 22:00:00+00:00,45774.68,15442.47,24795.76,5536.4,0.05,24388.02,5557.29,0.0
2025-12-21 23:00:00+00:00,44074.22,13907.29,24128.97,6037.92,0.04,23264.85,5523.39,0.0
2025-12-22 00:00:00+00:00,42723.67,12829.1,23604.16,6290.37,0.04,22698.16,5552.63,0.0
2025-12-22 01:00:00+00:00,42165.66,12733.3,23144.18,6288.15,0.02,22038.7,5612.62,0.0
2025-12-22 02:00:00+00:00,42439.42,12905.88,23097.54,6435.97,0.03,21206.75,5683.56,0.0
2025-12-22 03:00:00+00:00,43437.86,13753.92,23174.13,6509.79,0.03,20562.45,5754.57,0.0
2025-12-22 04:00:00+00:00,46273.32,16682.34,22880.77,6710.18,0.03,20152.41,5831.77,0.0
2025-12-22 05:00:00+00:00,50151.69,20938.34,22421.27,6792.03,0.04,20141.27,5902.14,0.0
2025-12-22 06:00:00+00:00,54285.73,25424.15,22006.71,6854.5,0.36,19579.73,6148.54,0.0
2025-12-22 07:00:00+00:00,58396.78,29291.54,22124.4,6739.56,241.28,19087.83,6045.36,466.92
2025-12-22 08:00:00+00:00,60307.19,30367.17,21177.01,6946.77,1816.24,18566.75,5966.9,2931.43
2025-12-22 09:00:00+00:00,60506.76,30024.64,19867.51,6931.23,3683.37,17548.08,5855.2,5905.6
2025-12-22 10:00:00+00:00,60947.55,30096.67,18976.41,7020.65,4853.83,16136.68,5713.61,8023.77
2025-12-22 11:00:00+00:00,60749.29,30458.92,18141.57,7101.09,5047.72,15061.54,5596.61,8689.2
2025-12-22 12:00:00+00:00,60411.78,30664.45,18206.7,7213.41,4327.22,14878.97,5555.25,7561.37
2025-12-22 13:00:00+00:00,59797.38,31307.44,18769.45,6973.66,2746.83,15637.37,5590.94,4988.5
2025-12-22 14:00:00+00:00,59719.09,32637.04,19333.06,6819.15,929.83,16806.04,5705.8,1830.16
2025-12-22 15:00:00+00:00,60846.45,34216.05,19881.11,6715.64,33.65,18506.68,5881.53,121.07
2025-12-22 16:00:00+00:00,62063.56,35184.56,20377.53,6501.29,0.18,20045.66,6034.18,0.0
2025-12-22 17:00:00+00:00,61674.46,34914.98,20485.38,6273.96,0.14,20533.27,6122.05,0.0
2025-12-22 18:00:00+00:00,59943.12,33456.38,20129.35,6357.25,0.13,20329.01,6181.9,0.0
2025-12-22 19:00:00+00:00,56992.65,30905.46,19807.96,6279.13,0.1,20109.75,6201.47,0.0
2025-12-22 20:00:00+00:00,54430.08,28229.36,19859.27,6341.38,0.07,19727.21,6194.7,0.0
2025-12-22 21:00:00+00:00,51624.12,25668.9,19500.41,6454.74,0.07,19214.6,6180.04,0.0
2025-12-22 22:00:00+00:00,48018.49,21441.27,20066.25,6510.91,0.06,19462.12,6150.01,0.0
2025-12-22 23:00:00+00:00,44746.25,17304.66,20899.72,6541.82,0.05,20278.65,6099.31,0.0
2025-12-23 00:00:00+00:00,43184.81,13649.28,22626.77,6908.74,0.03,21156.33,6144.18,0.0
2025-12-23 01:00:00+00:00,42787.61,12505.05,23450.26,6832.27,0.03,22141.67,6205.99,0.0
2025-12-23 02:00:00+00:00,42428.88,11738.11,24025.37,6665.36,0.03,22825.73,6167.77,0.0
2025-12-23 03:00:00+00:00,43334.37,11737.99,25016.3,6580.05,0.03,23358.84,5922.68,0.0
2025-12-23 04:00:00+00:00,45538.96,13111.31,25658.18,6769.43,0.03,24086.8,5895.02,0.0
2025-12-23 05:00:00+00:00,49337.07,15191.57,27270.73,6874.73,0.04,25267.06,5673.01,0.0
2025-12-23 06:00:00+00:00,53479.74,19132.72,27959.09,6387.7,0.24,25650.99,5718.37,0.0
2025-12-23 07:00:00+00:00,57238.13,22136.57,28462.27,6547.74,91.55,26236.28,5753.11,299.32
2025-12-23 08:00:00+00:00,59990.76,24931.6,27730.02,6414.29,914.85,26644.11,5700.61,2045.01
2025-12-23 09:00:00+00:00,60331.01,24488.64,27114.46,6440.95,2286.96,26403.1,5622.82,4312.16
2025-12-23 10:00:00+00:00,61549.73,24644.58,26861.83,6627.15,3416.16,26191.94,5598.58,5989.88
2025-12-23 11:00:00+00:00,61899.72,24008.21,27162.06,7012.84,3716.61,25890.66,5656.38,6514.21
2025-12-23 12:00:00+00:00,60866.43,22693.76,27568.37,7380.78,3223.51,25996.47,5867.96,5615.82
2025-12-23 13:00:00+00:00,60429.34,22782.94,28236.28,7560.39,1849.73,26530.31,6223.49,3685.8
2025-12-23 14:00:00+00:00,60072.7,22800.51,29237.94,7640.73,393.52,27353.68,6351.15,1331.99
2025-12-23 15:00:00+00:00,61055.16,23100.89,30292.19,7653.24,8.84,28611.27,6617.28,102.03
2025-12-23 16:00:00+00:00,62768.86,23518.52,31322.8,7927.49,0.05,29879.51,6647.67,0.0
2025-12-23 17:00:00+00:00,61578.14,22452.31,31184.25,7941.53,0.04,30558.23,6733.43,0.0
2025-12-23 18:00:00+00:00,59902.78,20925.32,31044.54,7932.87,0.05,30733.91,6743.82,0.0
2025-12-23 19:00:00+00:00,56667.79,18068.16,30738.46,7861.13,0.03,30618.08,6697.33,0.0
2025-12-23 20:00:00+00:00,53917.58,15404.59,30709.98,7802.96,0.04,29823.36,6600.09,0.0
2025-12-23 21:00:00+00:00,51281.87,13910.91,29746.92,7624.01,0.03,28221.09,6445.97,0.0
2025-12-23 22:00:00+00:00,47813.78,10663.77,29849.95,7300.04,0.02,27227.93,6256.93,0.0
2025-12-23 23:00:00+00:00,44958.68,8782.97,29684.94,6490.73,0.04,28320.49,5850.02,0.0
2025-12-24 00:00:00+00:00,42997.86,7682.12,29115.1,6200.61,0.02,27902.74,5505.27,0.0
2025-12-24 01:00:00+00:00,42191.69,7194.08,29180.63,5816.96,0.03,27711.32,5227.1,0.0
2025-12-24 02:00:00+00:00,41941.98,7458.13,28733.81,5750.02,0.02,27719.25,4988.82,0.0
2025-12-24 03:00:00+00:00,42094.12,7502.87,28979.71,5611.51,0.03,27817.97,4859.19,0.0
2025-12-24 04:00:00+00:00,43568.45,9054.41,28915.42,5598.59,0.03,27903.52,4803.55,0.0
2025-12-24 05:00:00+00:00,45205.39,10572.14,29102.0,5531.23,0.02,28358.68,4749.35,0.0
2025-12-24 06:00:00+00:00,47779.62,13649.45,28647.18,5482.82,0.18,27790.68,4713.71,0.0
2025-12-24 07:00:00+00:00,50953.57,16998.81,28368.47,5433.4,152.89,27379.06,4720.68,423.24
2025-12-24 08:00:00+00:00,54720.25,18904.45,28262.51,5583.41,1969.88,27020.9,4660.56,3263.19
2025-12-24 09:00:00+00:00,56113.52,17131.89,28912.26,5331.77,4737.61,26912.35,4478.09,6959.23
2025-12-24 10:00:00+00:00,56890.97,14917.32,29824.11,5092.75,7056.8,27362.22,4214.74,9619.27
2025-12-24 11:00:00+00:00,56685.7,13102.33,30530.5,4597.16,8455.71,27799.59,3946.34,10655.31
2025-12-24 12:00:00+00:00,55707.32,12848.88,30514.54,4708.39,7635.51,28269.52,3776.84,9541.23
2025-12-24 13:00:00+00:00,54328.25,14957.66,29634.13,4843.05,4893.41,28772.81,3813.57,6328.36
2025-12-24 14:00:00+00:00,53696.14,17607.22,29494.9,5152.06,1441.96,29437.7,4035.04,2152.87
2025-12-24 15:00:00+00:00,55026.78,18778.05,30538.17,5665.38,45.18,30763.35,4319.43,149.06
2025-12-24 16:00:00+00:00,56671.98,18834.14,31829.89,6007.84,0.1,31847.88,4553.87,0.0
2025-12-24 17:00:00+00:00,55802.66,16830.76,32775.71,6196.11,0.09,32310.33,4691.83,0.0
2025-12-24 18:00:00+00:00,52940.93,14733.48,32085.8,6121.58,0.07,32292.21,4725.9,0.0
2025-12-24 19:00:00+00:00,50871.33,13448.87,31520.68,5901.72,0.06,32092.39,4655.49,0.0
2025-12-24 20:00:00+00:00,49900.49,13899.58,30406.83,5594.03,0.05,31442.37,4538.71,0.0
2025-12-24 21:00:00+00:00,49268.54,15981.33,28265.68,5021.49,0.04,30088.19,4401.61,0.0
2025-12-24 22:00:00+00:00,47179.38,15621.84,26902.46,4655.04,0.04,29355.53,4227.77,0.0
2025-12-24 23:00:00+00:00,45385.76,15204.56,25725.52,4455.64,0.04,28690.46,4120.01,0.0
2025-12-25 00:00:00+00:00,43129.6,13878.71,24815.55,4435.31,0.03,28007.25,3987.27,0.0
2025-12-25 01:00:00+00:00,42582.34,13797.14,24576.43,4208.74,0.03,27332.58,3907.45,0.0
2025-12-25 02:00:00+00:00,41955.34,13851.41,23933.14,4170.76,0.03,26708.39,3903.13,0.0
2025-12-25 03:00:00+00:00,42429.14,14604.94,23713.8,4110.37,0.03,26290.79,3946.96,0.0
2025-12-25 04:00:00+00:00,42829.84,15293.24,23440.23,4096.35,0.02,26042.23,4003.01,0.0
2025-12-25 05:00:00+00:00,42425.99,14286.37,23851.65,4287.93,0.03,26119.99,3996.52,0.0
2025-12-25 06:00:00+00:00,44298.39,16782.53,23395.27,4119.25,1.34,25289.45,3906.4,0.0
2025-12-25 07:00:00+00:00,47362.64,20486.78,22523.87,3789.68,562.31,24478.92,3761.95,1060.17
2025-12-25 08:00:00+00:00,51057.99,22513.74,19854.53,3702.5,4987.22,23154.73,3562.58,7064.45
2025-12-25 09:00:00+00:00,53752.12,21896.5,16652.99,3489.17,11713.46,20158.16,3312.36,13838.99
2025-12-25 10:00:00+00:00,55335.78,21090.6,13984.36,3045.56,17215.25,16967.41,3018.63,18233.32
2025-12-25 11:00:00+00:00,54667.19,19614.81,13078.37,2586.52,19387.48,15219.22,2724.71,19430.64
2025-12-25 12:00:00+00:00,51459.89,19165.21,12735.44,2127.44,17431.81,14762.31,2457.11,16876.43
2025-12-25 13:00:00+00:00,49648.87,23817.98,12454.4,1875.53,11500.97,15392.09,2355.65,11319.82
2025-12-25 14:00:00+00:00,49532.42,30522.49,13344.63,1996.79,3668.5,17488.97,2419.08,4173.34
2025-12-25 15:00:00+00:00,51727.86,33079.85,16408.12,2109.54,130.35,20330.3,2537.73,269.63
2025-12-25 16:00:00+00:00,54389.48,33836.21,18492.21,2060.94,0.12,21374.37,2550.38,0.0
2025-12-25 17:00:00+00:00,54572.48,33229.49,19270.67,2072.22,0.1,21067.37,2428.85,0.0
2025-12-25 18:00:00+00:00,53389.28,32751.3,18437.81,2200.09,0.08,20231.28,2248.67,0.0
2025-12-25 19:00:00+00:00,51710.1,32397.17,17328.04,1984.83,0.06,19293.55,2055.33,0.0
2025-12-25 20:00:00+00:00,50295.17,32563.86,15930.27,1800.99,0.06,17937.78,1910.42,0.0
2025-12-25 21:00:00+00:00,49538.39,33355.29,14502.12,1680.93,0.04,16296.43,1783.46,0.0
2025-12-25 22:00:00+00:00,47582.86,32252.18,13648.56,1682.08,0.04,15307.81,1636.82,0.0
2025-12-25 23:00:00+00:00,45459.96,31046.21,12766.33,1647.37,0.04,13193.44,1315.91,0.0
2025-12-26 00:00:00+00:00,43929.6,30124.34,12216.56,1588.67,0.03,12854.04,1208.02,0.0
2025-12-26 01:00:00+00:00,42666.44,29482.05,11729.75,1454.62,0.03,12518.46,1107.86,0.0
2025-12-26 02:00:00+00:00,42057.01,29074.71,11636.73,1345.54,0.02,12117.9,1024.79,0.0
2025-12-26 03:00:00+00:00,42269.65,29082.9,11679.73,1506.99,0.03,11930.37,1008.83,0.0
2025-12-26 04:00:00+00:00,43164.48,29517.2,11853.61,1793.65,0.03,11955.09,1033.3,0.0
2025-12-26 05:00:00+00:00,42881.97,29112.18,12171.39,1598.36,0.04,12186.25,1014.26,0.0
2025-12-26 06:00:00+00:00,44513.8,31059.08,12175.53,1277.81,1.39,12052.34,960.52,0.0
2025-12-26 07:00:00+00:00,47626.35,33664.65,12290.03,1110.38,561.29,12087.19,903.89,909.39
2025-12-26 08:00:00+00:00,51524.11,34066.92,11511.94,831.07,5114.18,11947.46,844.4,6201.66
2025-12-26 09:00:00+00:00,53406.08,30411.86,10418.48,729.95,11845.8,10942.47,755.04,12561.54
2025-12-26 10:00:00+00:00,55141.33,28732.07,8974.8,600.26,16834.2,8582.77,637.15,16858.11
2025-12-26 11:00:00+00:00,53755.66,27898.55,6948.58,544.33,18364.21,6452.24,532.21,18268.1
2025-12-26 12:00:00+00:00,51507.54,29255.72,5506.48,484.73,16260.61,5665.99,455.1,16158.68
2025-12-26 13:00:00+00:00,49933.02,33271.15,5370.6,437.87,10853.4,6081.35,398.0,10871.2
2025-12-26 14:00:00+00:00,50042.55,39824.41,6266.49,292.29,3659.36,7429.02,362.29,4023.79
2025-12-26 15:00:00+00:00,51526.75,42828.28,8361.84,205.99,130.63,8793.35,343.54,260.06
2025-12-26 16:00:00+00:00,53702.2,43833.47,9752.89,115.66,0.17,9604.82,324.91,0.0
2025-12-26 17:00:00+00:00,54283.53,43813.68,10314.88,154.84,0.13,9810.45,279.54,0.0
2025-12-26 18:00:00+00:00,53464.75,42892.51,10368.92,203.2,0.11,9669.13,240.8,0.0
2025-12-26 19:00:00+00:00,51939.29,41257.96,10381.31,299.92,0.09,9357.59,231.34,0.0
2025-12-26 20:00:00+00:00,50295.14,39384.22,10467.42,443.43,0.07,9027.35,242.87,0.0
2025-12-26 21:00:00+00:00,49316.48,38755.77,10041.53,519.13,0.05,8642.37,260.01,0.0
2025-12-26 22:00:00+00:00,47323.69,36437.51,10171.52,714.63,0.04,8444.34,285.59,0.0
2025-12-26 23:00:00+00:00,45003.07,34280.14,9977.63,745.25,0.04,7878.08,359.53,0.0
2025-12-27 00:00:00+00:00,43361.71,32678.11,9831.92,851.64,0.04,7844.01,511.03,0.0
2025-12-27 01:00:00+00:00,42535.66,31535.55,9741.88,1258.19,0.04,7986.54,859.31,0.0
2025-12-27 02:00:00+00:00,42165.98,30603.88,9610.09,1951.97,0.04,8206.89,1424.36,0.0
2025-12-27 03:00:00+00:00,42476.09,30676.46,9284.76,2514.84,0.03,8379.33,2139.15,0.0
2025-12-27 04:00:00+00:00,43088.75,30389.73,9677.45,3021.52,0.04,8623.78,2835.23,0.0
2025-12-27 05:00:00+00:00,44589.96,31353.48,10062.0,3174.44,0.04,9175.74,3381.23,0.0
2025-12-27 06:00:00+00:00,46950.45,32561.64,10641.33,3746.96,0.52,9683.42,3820.67,0.0
2025-12-27 07:00:00+00:00,50039.22,32759.84,11565.64,4925.97,787.77,10670.23,4310.71,912.27
2025-12-27 08:00:00+00:00,52993.64,30703.75,11654.45,5074.49,5560.96,11985.52,4688.39,5612.9
2025-12-27 09:00:00+00:00,54635.9,26806.27,12322.63,3885.13,11621.87,12965.22,4766.32,10837.4
2025-12-27 10:00:00+00:00,55836.73,21680.04,13702.35,4687.26,15767.08,13586.75,4731.18,14207.28
2025-12-27 11:00:00+00:00,56072.97,18611.37,14680.87,5892.78,16887.96,14242.11,5029.45,15110.82
2025-12-27 12:00:00+00:00,54828.86,18846.56,15749.33,5698.74,14534.23,15361.6,5328.44,13184.92
2025-12-27 13:00:00+00:00,53782.19,22695.52,15921.09,5720.61,9444.98,16335.26,5537.12,8891.33
2025-12-27 14:00:00+00:00,53887.21,28052.77,16180.28,6371.86,3282.3,16960.86,5823.81,3439.13
2025-12-27 15:00:00+00:00,55757.06,32543.56,15894.34,7146.16,172.99,17523.39,6087.88,238.44
2025-12-27 16:00:00+00:00,58382.76,34713.2,15969.44,7699.95,0.17,17495.08,6297.58,0.0
2025-12-27 17:00:00+00:00,58757.82,35186.13,16164.81,7406.73,0.16,16752.55,6200.84,0.0
2025-12-27 18:00:00+00:00,56899.87,33915.66,16017.03,6967.08,0.11,15853.03,5915.59,0.0
2025-12-27 19:00:00+00:00,54276.32,32618.78,14931.38,6726.08,0.08,14963.02,5224.56,0.0
2025-12-27 20:00:00+00:00,51524.54,32291.35,13259.87,5973.24,0.07,13867.88,4289.54,0.0
2025-12-27 21:00:00+00:00,49860.18,32973.51,12011.77,4874.85,0.06,12805.61,3431.65,0.0
2025-12-27 22:00:00+00:00,47587.82,31679.96,11631.52,4276.29,0.05,12236.49,2822.87,0.0
2025-12-27 23:00:00+00:00,45389.73,29569.72,11369.57,4450.41,0.04,11951.08,2831.66,0.0
2025-12-28 00:00:00+00:00,43005.13,28183.28,11325.9,3495.91,0.03,11335.73,2411.67,0.0
2025-12-28 01:00:00+00:00,41503.87,27598.91,11553.21,2351.72,0.03,10871.35,2033.97,0.0
2025-12-28 02:00:00+00:00,41336.62,28756.93,10791.39,1788.28,0.03,10309.9,1779.45,0.0
2025-12-28 03:00:00+00:00,41615.88,30449.24,9588.25,1578.36,0.03,9450.83,1633.39,0.0
2025-12-28 04:00:00+00:00,41938.1,31809.54,8594.56,1533.97,0.02,8712.36,1536.47,0.0
2025-12-28 05:00:00+00:00,42263.43,33080.97,7699.65,1482.78,0.03,8304.26,1455.78,0.0
2025-12-28 06:00:00+00:00,44405.23,36187.69,6834.87,1382.43,0.24,7865.51,1384.15,0.0
2025-12-28 07:00:00+00:00,47818.54,39422.31,6541.86,1183.17,671.2,7424.4,1268.36,890.41
2025-12-28 08:00:00+00:00,50538.68,38544.51,5648.63,576.25,5769.3,6700.7,1149.86,5948.93
2025-12-28 09:00:00+00:00,52538.93,34884.33,4519.16,527.71,12607.73,5702.52,1117.75,12039.32
2025-12-28 10:00:00+00:00,53327.86,31548.66,3778.31,848.96,17151.94,4841.82,1160.47,16457.78
2025-12-28 11:00:00+00:00,53190.59,29952.62,3845.73,964.38,18427.85,4463.3,1261.14,17963.43
2025-12-28 12:00:00+00:00,51205.45,29197.0,4119.16,1569.15,16320.14,4840.17,1468.35,15866.79
2025-12-28 13:00:00+00:00,50483.11,32203.64,4849.48,2509.6,10920.39,6070.66,1724.8,10728.64
2025-12-28 14:00:00+00:00,51331.53,37625.19,7047.85,2882.12,3776.37,8072.49,2005.14,4044.94
2025-12-28 15:00:00+00:00,52537.66,40059.88,9896.53,2413.27,167.97,10527.4,2348.16,290.41
2025-12-28 16:00:00+00:00,55100.97,40651.04,11845.7,2604.04,0.18,12505.05,2717.84,0.0
2025-12-28 17:00:00+00:00,56057.26,39295.6,13359.96,3401.55,0.15,13844.45,2970.27,0.0
2025-12-28 18:00:00+00:00,55342.58,36682.25,14459.23,4200.99,0.12,15054.97,3181.22,0.0
2025-12-28 19:00:00+00:00,53479.03,34508.03,14800.06,4170.85,0.08,16308.73,3392.86,0.0
2025-12-28 20:00:00+00:00,52043.91,32325.68,15578.06,4140.1,0.07,17409.13,3560.15,0.0
2025-12-28 21:00:00+00:00,50921.42,30260.91,16224.28,4436.17,0.06,17861.0,3765.66,0.0
2025-12-28 22:00:00+00:00,48901.91,26650.23,17190.14,5061.48,0.05,18534.67,3978.25,0.0
2025-12-28 23:00:00+00:00,46489.4,22080.08,18519.72,5889.56,0.05,18598.17,4817.99,0.0
2025-12-29 00:00:00+00:00,45087.37,19513.24,19124.22,6449.86,0.04,19331.07,5095.89,0.0
2025-12-29 01:00:00+00:00,43775.79,17897.9,19177.42,6700.43,0.03,19808.89,5359.79,0.0
2025-12-29 02:00:00+00:00,43709.7,17672.15,19367.39,6670.12,0.04,19896.32,5519.09,0.0
2025-12-29 03:00:00+00:00,44371.72,19072.9,18838.56,6460.23,0.04,19541.2,5626.17,0.0
2025-12-29 04:00:00+00:00,45990.61,22554.43,17659.01,5777.13,0.04,18868.29,5585.45,0.0
2025-12-29 05:00:00+00:00,48476.55,26066.63,16519.36,5890.52,0.04,18446.02,5384.49,0.0
2025-12-29 06:00:00+00:00,51732.05,30338.5,15853.4,5539.98,0.16,17681.52,5144.73,0.0
2025-12-29 07:00:00+00:00,54670.38,33065.75,15684.88,5488.86,430.89,17469.83,5034.6,621.58
2025-12-29 08:00:00+00:00,56815.71,32404.58,15347.55,5378.74,3684.84,17462.84,4926.51,3889.07
2025-12-29 09:00:00+00:00,57819.75,29276.75,15497.08,5293.6,7752.33,17230.73,4872.87,7772.15
2025-12-29 10:00:00+00:00,58698.48,26697.45,16196.0,5523.85,10281.18,16963.57,4920.45,10360.5
2025-12-29 11:00:00+00:00,58970.22,25405.24,17248.65,5338.09,10978.23,17096.36,5078.7,10990.06
2025-12-29 12:00:00+00:00,58344.76,25037.98,17694.94,6140.86,9470.98,17715.14,5225.21,9489.81
2025-12-29 13:00:00+00:00,57430.86,26276.15,18200.57,6842.03,6112.11,18624.29,5438.89,6252.05
2025-12-29 14:00:00+00:00,57553.75,29830.67,18469.13,7159.55,2094.4,19658.69,5663.8,2455.69
2025-12-29 15:00:00+00:00,59528.42,32365.5,19700.01,7361.15,101.76,20705.29,6022.85,191.22
2025-12-29 16:00:00+00:00,61513.29,33468.84,20643.85,7400.45,0.15,21490.53,6170.17,0.0
2025-12-29 17:00:00+00:00,61531.11,33413.47,20487.16,7630.36,0.13,21921.05,6326.66,0.0
2025-12-29 18:00:00+00:00,59815.75,31827.35,20203.63,7784.66,0.11,21959.01,6444.6,0.0
2025-12-29 19:00:00+00:00,56557.6,29155.48,19680.55,7721.47,0.1,21672.84,6474.64,0.0
2025-12-29 20:00:00+00:00,54131.69,27799.64,18815.13,7516.84,0.08,21020.11,6404.23,0.0
2025-12-29 21:00:00+00:00,52384.99,26450.85,18378.24,7555.83,0.06,19997.44,6282.11,0.0
2025-12-29 22:00:00+00:00,49433.08,22825.82,19163.44,7443.76,0.05,19418.19,6045.21,0.0
2025-12-29 23:00:00+00:00,46028.11,19394.88,18701.87,7931.31,0.05,19366.75,6352.6,0.0
2025-12-30 00:00:00+00:00,43433.03,17663.03,18089.09,7680.85,0.05,18949.66,6355.09,0.0
2025-12-30 01:00:00+00:00,42603.68,16946.14,18083.9,7573.6,0.04,18847.68,6390.81,0.0
2025-12-30 02:00:00+00:00,42279.16,16614.76,17952.66,7711.7,0.03,19013.97,6404.98,0.0
2025-12-30 03:00:00+00:00,42636.94,16805.66,18036.87,7794.38,0.03,19136.1,6383.91,0.0
2025-12-30 04:00:00+00:00,44858.61,18937.52,18285.79,7635.27,0.03,18941.48,6361.93,0.0
2025-12-30 05:00:00+00:00,48070.92,22249.1,18482.57,7339.22,0.04,18973.11,6238.66,0.0
2025-12-30 06:00:00+00:00,51446.72,26282.88,18126.9,7036.78,0.16,18242.33,6060.82,0.0
2025-12-30 07:00:00+00:00,54171.1,29587.18,17614.07,6677.06,292.8,17709.55,5701.49,820.55
2025-12-30 08:00:00+00:00,55988.23,29798.86,15995.09,6298.66,3895.62,17164.4,5251.06,5873.99
2025-12-30 09:00:00+00:00,57038.27,26524.84,14119.4,5935.27,10458.76,16035.66,4796.76,11862.32
2025-12-30 10:00:00+00:00,57401.45,23428.24,12936.6,4809.67,16226.94,14790.07,4417.82,15921.82
2025-12-30 11:00:00+00:00,56901.52,21399.46,13345.22,4398.66,17758.18,14221.97,4238.95,17251.51
2025-12-30 12:00:00+00:00,55381.75,21360.07,14167.77,4497.37,15356.52,14290.6,4400.03,15353.77
2025-12-30 13:00:00+00:00,54614.41,24671.96,14581.59,5193.89,10166.97,14358.01,4798.48,10598.88
2025-12-30 14:00:00+00:00,54962.53,30984.0,14400.04,6010.85,3567.64,14631.2,5224.66,4124.39
2025-12-30 15:00:00+00:00,56982.97,35662.18,15294.01,5857.04,169.74,15264.76,5550.7,281.5
2025-12-30 16:00:00+00:00,59731.24,38273.7,16269.26,5188.11,0.16,15801.21,5696.84,0.0
2025-12-30 17:00:00+00:00,59948.5,37975.51,16876.35,5096.5,0.14,15688.41,5707.56,0.0
2025-12-30 18:00:00+00:00,58286.48,37788.66,16368.02,4129.68,0.13,15188.94,5599.46,0.0
2025-12-30 19:00:00+00:00,55397.61,35987.95,15260.41,4149.17,0.09,14793.68,5524.61,0.0
2025-12-30 20:00:00+00:00,53567.57,35059.55,14309.89,4198.05,0.08,14512.89,5433.54,0.0
2025-12-30 21:00:00+00:00,51731.12,33076.88,14522.62,4131.55,0.07,14409.62,5473.68,0.0
2025-12-30 22:00:00+00:00,49537.97,29294.9,15824.4,4418.62,0.05,15072.08,5586.18,0.0
2025-12-30 23:00:00+00:00,47804.91,25315.01,17384.35,5105.51,0.04,14399.39,5468.93,0.0
2025-12-31 00:00:00+00:00,45751.92,21508.42,18902.0,5341.47,0.04,14961.5,5716.46,0.0
